feature	mean	std	min	max	missing_rate	spearman_corr_with_gex	corr_pvalue
DNase_tss_z_diff_rank	0.50003	0.28794	0.00844	1.00000	0.00000	0.72519	0.00000
DNase_tss_z_diff	7.54811	11.03998	0.00000	75.46311	0.00000	0.72519	0.00000
DNase_tss_z_std_rank	0.50003	0.28867	0.00823	1.00000	0.00000	0.72514	0.00000
DNase_tss_z_std	2.31911	3.52845	0.00000	24.50127	0.00000	0.72514	0.00000
DNase_tss_z_max	7.56872	11.31353	-0.18249	75.76852	0.00000	0.72439	0.00000
DNase_tss_z_max_rank	0.50003	0.28793	0.00844	1.00000	0.00000	0.72439	0.00000
DNase_tss_z_mean_rank	0.50003	0.28867	0.00015	1.00000	0.00000	0.71180	0.00000
DNase_tss_z_mean	2.18198	3.73820	-0.18249	31.81286	0.00000	0.71180	0.00000
DNase_tss_gradient_mean_rank	0.50003	0.28867	0.00844	1.00000	0.00000	0.70711	0.00000
DNase_tss_gradient_mean	0.00292	0.00410	0.00000	0.03309	0.00000	0.70711	0.00000
DNase_tss_laplacian	0.00584	0.00819	0.00000	0.06625	0.00000	0.70711	0.00000
DNase_tss_laplacian_rank	0.50003	0.28867	0.00844	1.00000	0.00000	0.70711	0.00000
DNase_axis_sum	2.53918	4.23093	-0.36499	53.90160	0.00000	0.70591	0.00000
DNase_axis_sum_rank	0.50003	0.28868	0.00006	1.00000	0.00000	0.70591	0.00000
DNase_tss_autocorr	0.97827	0.12828	0.00000	0.99970	0.00000	0.69883	0.00000
DNase_tss_autocorr_rank	0.50003	0.28867	0.00847	1.00000	0.00000	0.69883	0.00000
activation_index	1.92899	3.03863	-0.13644	20.89382	0.00000	0.69412	0.00000
activation_index_rank	0.50003	0.28867	0.00006	1.00000	0.00000	0.69412	0.00000
openness_index	1.46870	2.24652	-0.24119	15.56666	0.00000	0.68882	0.00000
openness_index_rank	0.50003	0.28867	0.00006	1.00000	0.00000	0.68882	0.00000
H3K27ac_tss_z_diff	4.52096	8.61564	0.00000	99.82391	0.00000	0.67515	0.00000
H3K27ac_tss_z_diff_rank	0.50003	0.28851	0.01440	1.00000	0.00000	0.67515	0.00000
H3K27ac_tss_z_max	4.50546	8.87028	-0.12799	100.15297	0.00000	0.67435	0.00000
H3K27ac_tss_z_max_rank	0.50003	0.28653	0.00009	1.00000	0.00000	0.67435	0.00000
H3K27ac_tss_z_std_rank	0.50003	0.28867	0.00031	1.00000	0.00000	0.67064	0.00000
H3K27ac_tss_z_std	1.23526	2.45220	0.00000	32.56750	0.00000	0.67064	0.00000
H3K27ac_tss_gradient_mean	0.07858	0.15161	0.00000	1.37794	0.00000	0.66930	0.00000
H3K27ac_tss_gradient_mean_rank	0.50003	0.28867	0.01440	1.00000	0.00000	0.66930	0.00000
H3K27ac_tss_laplacian_rank	0.50003	0.28867	0.01440	1.00000	0.00000	0.66839	0.00000
H3K27ac_tss_laplacian	0.13438	0.24778	0.00000	2.05781	0.00000	0.66839	0.00000
H3K4me3_axis_sum_rank	0.50003	0.28867	0.01369	1.00000	0.00000	0.66032	0.00000
H3K4me3_axis_sum	2.80070	4.28917	-0.23511	30.92340	0.00000	0.66032	0.00000
H3K4me3_tss_z_diff	6.43635	8.28277	0.00000	42.10230	0.00000	0.65574	0.00000
H3K4me3_tss_z_diff_rank	0.50003	0.28774	0.09264	1.00000	0.00000	0.65574	0.00000
H3K4me3_tss_z_max	6.47281	8.52669	-0.11756	42.93680	0.00000	0.65381	0.00000
H3K4me3_tss_z_max_rank	0.50003	0.28774	0.09264	1.00000	0.00000	0.65381	0.00000
H3K4me3_tss_z_std	1.76375	2.35877	0.00000	12.66045	0.00000	0.65349	0.00000
H3K4me3_tss_z_std_rank	0.50003	0.28776	0.09264	1.00000	0.00000	0.65349	0.00000
H3K4me3_tss_gradient_mean	0.16417	0.22620	0.00000	1.15627	0.00000	0.65058	0.00000
H3K4me3_tss_gradient_mean_rank	0.50003	0.28776	0.09264	1.00000	0.00000	0.65058	0.00000
H3K4me3_tss_laplacian	0.28360	0.38401	0.00000	1.88494	0.00000	0.64849	0.00000
H3K4me3_tss_laplacian_rank	0.50003	0.28776	0.09264	1.00000	0.00000	0.64849	0.00000
H3K27ac_axis_sum	1.68822	3.77957	-0.26923	49.51276	0.00000	0.64408	0.00000
H3K27ac_axis_sum_rank	0.50003	0.28868	0.00006	1.00000	0.00000	0.64408	0.00000
DNase_promoter_body_delta	1.82477	3.49337	-14.89721	31.34301	0.00000	0.64385	0.00000
DNase_promoter_body_delta_rank	0.50003	0.28868	0.00006	1.00000	0.00000	0.64385	0.00000
H3K4me3_tss_z_mean	2.21808	3.58063	-0.11756	18.75924	0.00000	0.64379	0.00000
H3K4me3_tss_z_mean_rank	0.50003	0.28776	0.09264	1.00000	0.00000	0.64379	0.00000
DNase_H3K4me3_interaction	13.08998	28.50581	-1.46938	351.06819	0.00000	0.64071	0.00000
DNase_H3K4me3_interaction_rank	0.50003	0.28867	0.00006	1.00000	0.00000	0.64071	0.00000
H3K27ac_tss_z_mean_rank	0.50003	0.28867	0.00006	1.00000	0.00000	0.63703	0.00000
H3K27ac_tss_z_mean	1.38690	3.20711	-0.14451	43.07360	0.00000	0.63703	0.00000
H3K4me3_tss_autocorr	0.79686	0.38486	-0.00192	0.99968	0.00000	0.63682	0.00000
H3K4me3_tss_autocorr_rank	0.50003	0.28775	0.00006	1.00000	0.00000	0.63682	0.00000
balance_H3K27_rank	0.50003	0.28867	0.00006	1.00000	0.00000	0.62341	0.00000
balance_H3K27	1.08164	3.72966	-15.46056	43.31792	0.00000	0.62341	0.00000
activation_balance	1.08164	3.72966	-15.46056	43.31792	0.00000	0.62341	0.00000
activation_balance_rank	0.50003	0.28867	0.00006	1.00000	0.00000	0.62341	0.00000
promoter_variability	1.72298	1.91718	0.01455	17.62192	0.00000	0.61088	0.00000
promoter_variability_rank	0.50003	0.28867	0.00006	1.00000	0.00000	0.61088	0.00000
H3K4me3_tss_entropy_rank	0.50003	0.28775	0.09294	1.00000	0.00000	0.60200	0.00000
H3K4me3_tss_entropy	6.58945	3.53877	-0.00000	10.02390	0.00000	0.60200	0.00000
promoter_activity	2.27094	3.65838	-14.11650	19.52763	0.00000	0.59234	0.00000
promoter_activity_rank	0.50003	0.28867	0.00006	1.00000	0.00000	0.59234	0.00000
balance_H3K4_rank	0.50003	0.28867	0.00006	1.00000	0.00000	0.59234	0.00000
balance_H3K4	2.27094	3.65838	-14.11650	19.52763	0.00000	0.59234	0.00000
DNase_ratio_std	2.41261	5.02628	0.00000	405.33176	0.00000	0.59099	0.00000
DNase_ratio_std_rank	0.50003	0.28867	0.00915	1.00000	0.00000	0.59099	0.00000
DNase_H3K27me3_interaction_rank	0.50003	0.28867	0.00006	1.00000	0.00000	0.58666	0.00000
H3K4me3_gene_z_std_rank	0.50003	0.28867	0.01931	1.00000	0.00000	0.57633	0.00000
H3K4me3_gene_z_std	1.61916	1.72582	0.00000	13.17021	0.00000	0.57633	0.00000
H3K27ac_tss_autocorr_rank	0.50003	0.28867	0.01443	1.00000	0.00000	0.56794	0.00000
H3K27ac_tss_autocorr	0.96429	0.16628	0.00000	0.99987	0.00000	0.56794	0.00000
H3K4me3_gene_z_max	13.40060	10.99008	-0.11756	56.79945	0.00000	0.56207	0.00000
H3K4me3_gene_z_max_rank	0.50003	0.28866	0.01931	1.00000	0.00000	0.56207	0.00000
H3K4me3_gene_z_diff	13.50947	10.98393	0.00000	54.87900	0.00000	0.56189	0.00000
H3K4me3_gene_z_diff_rank	0.50003	0.28866	0.01931	1.00000	0.00000	0.56189	0.00000
H3K4me3_gene_z_mean_rank	0.50003	0.28867	0.01931	1.00000	0.00000	0.55063	0.00000
H3K4me3_gene_z_mean	0.58262	1.42607	-0.11756	18.33882	0.00000	0.55063	0.00000
DNase_H3K27ac_interaction	10.37431	31.64423	-1.12422	774.40113	0.00000	0.54887	0.00000
DNase_H3K27ac_interaction_rank	0.50003	0.28867	0.00006	1.00000	0.00000	0.54887	0.00000
H3K4me3_gene_autocorr_rank	0.50003	0.28867	0.00006	1.00000	0.00000	0.54657	0.00000
H3K4me3_gene_autocorr	0.95561	0.19308	-0.00169	0.99978	0.00000	0.54657	0.00000
H3K4me3_gene_gradient_mean_rank	0.50003	0.28867	0.01931	1.00000	0.00000	0.54377	0.00000
H3K4me3_gene_gradient_mean	0.05041	0.09059	0.00000	1.07868	0.00000	0.54377	0.00000
H3K4me3_gene_laplacian_rank	0.50003	0.28867	0.01931	1.00000	0.00000	0.54118	0.00000
H3K4me3_gene_laplacian	0.08859	0.15591	0.00000	1.79886	0.00000	0.54118	0.00000
H3K27ac_gene_z_std	0.98304	1.48457	0.00000	16.46938	0.00000	0.54108	0.00000
H3K27ac_gene_z_std_rank	0.50003	0.28868	0.00028	1.00000	0.00000	0.54108	0.00000
H3K27ac_H3K4me3_interaction	10.48745	28.34461	-1.16441	353.20547	0.00000	0.53848	0.00000
H3K27ac_H3K4me3_interaction_rank	0.50003	0.28867	0.00006	1.00000	0.00000	0.53848	0.00000
H3K27ac_gene_gradient_mean	0.02194	0.05340	0.00000	0.89053	0.00000	0.53562	0.00000
H3K27ac_gene_gradient_mean_rank	0.50003	0.28867	0.00666	1.00000	0.00000	0.53562	0.00000
H3K27ac_gene_laplacian_rank	0.50003	0.28867	0.00666	1.00000	0.00000	0.53485	0.00000
H3K27ac_gene_laplacian	0.03875	0.09032	0.00000	1.49373	0.00000	0.53485	0.00000
DNase_gene_z_std	1.02947	1.25091	0.00000	15.88572	0.00000	0.52615	0.00000
DNase_gene_z_std_rank	0.50003	0.28868	0.00261	1.00000	0.00000	0.52615	0.00000
H3K27ac_gene_z_mean	0.30133	1.12050	-0.14102	22.75803	0.00000	0.52515	0.00000
H3K27ac_gene_z_mean_rank	0.50003	0.28868	0.00006	1.00000	0.00000	0.52515	0.00000
DNase_gene_z_diff_rank	0.50003	0.28863	0.00350	1.00000	0.00000	0.52349	0.00000
DNase_gene_z_diff	11.14018	10.66518	0.00000	79.69181	0.00000	0.52349	0.00000
DNase_gene_z_max	10.97829	10.68500	-0.18249	79.50932	0.00000	0.52323	0.00000
DNase_gene_z_max_rank	0.50003	0.28863	0.00350	1.00000	0.00000	0.52323	0.00000
DNase_gene_autocorr_rank	0.50003	0.28868	0.00350	1.00000	0.00000	0.51471	0.00000
DNase_gene_autocorr	0.99034	0.08283	0.00000	0.99978	0.00000	0.51471	0.00000
H3K4me3_H3K27me3_interaction_rank	0.50003	0.28867	0.00006	1.00000	0.00000	0.51412	0.00000
H3K27ac_gene_z_max_rank	0.50003	0.28858	0.00006	1.00000	0.00000	0.51119	0.00000
H3K27ac_gene_z_max	9.13580	11.69724	-0.13555	88.48677	0.00000	0.51119	0.00000
H3K27ac_gene_z_diff	9.27264	11.68798	0.00000	88.63911	0.00000	0.51104	0.00000
H3K27ac_gene_z_diff_rank	0.50003	0.28867	0.00666	1.00000	0.00000	0.51104	0.00000
H3K27me3_axis_sum_rank	0.50003	0.28868	0.00006	0.99932	0.00000	0.50424	0.00000
H3K27ac_gene_autocorr_rank	0.50003	0.28867	0.00666	1.00000	0.00000	0.50414	0.00000
H3K27ac_gene_autocorr	0.98356	0.11410	0.00000	0.99991	0.00000	0.50414	0.00000
H3K36me3_gene_z_std_rank	0.50003	0.28868	0.00316	1.00000	0.00000	0.49587	0.00000
H3K36me3_gene_z_std	1.20611	1.15756	0.00000	9.80377	0.00000	0.49587	0.00000
DNase_ratio_mean_rank	0.50003	0.28868	0.00006	1.00000	0.00000	0.48865	0.00000
DNase_ratio_mean	25.72771	7297.36256	-480634.26842	790853.90371	0.00000	0.48865	0.00000
H3K36me3_gene_gradient_mean_rank	0.50003	0.28867	0.00728	1.00000	0.00000	0.48382	0.00000
H3K36me3_gene_gradient_mean	0.01514	0.01756	0.00000	0.21432	0.00000	0.48382	0.00000
H3K36me3_gene_laplacian_rank	0.50003	0.28867	0.00728	1.00000	0.00000	0.48366	0.00000
H3K36me3_gene_laplacian	0.02997	0.03460	0.00000	0.41455	0.00000	0.48366	0.00000
H3K27me3_gene_z_mean_rank	0.50003	0.28868	0.00006	0.99828	0.00000	0.48292	0.00000
DNase_gene_z_mean	0.35721	1.03830	-0.18249	31.82384	0.00000	0.48101	0.00000
DNase_gene_z_mean_rank	0.50003	0.28868	0.00006	1.00000	0.00000	0.48101	0.00000
H3K36me3_gene_z_mean	0.44237	0.96015	-0.62444	14.08016	0.00000	0.47650	0.00000
H3K36me3_gene_z_mean_rank	0.50003	0.28868	0.00006	1.00000	0.00000	0.47650	0.00000
H3K36me3_gene_z_diff	10.02505	8.20273	0.00000	49.04430	0.00000	0.47035	0.00000
H3K36me3_gene_z_diff_rank	0.50003	0.28850	0.00728	1.00000	0.00000	0.47035	0.00000
H3K36me3_gene_z_max	9.40884	8.18814	-0.49360	48.41363	0.00000	0.47021	0.00000
H3K36me3_gene_z_max_rank	0.50003	0.28849	0.00006	1.00000	0.00000	0.47021	0.00000
DNase_gene_gradient_mean_rank	0.50003	0.28868	0.00350	1.00000	0.00000	0.46646	0.00000
DNase_gene_gradient_mean	0.00082	0.00106	0.00000	0.02558	0.00000	0.46646	0.00000
DNase_gene_laplacian_rank	0.50003	0.28868	0.00350	1.00000	0.00000	0.46639	0.00000
DNase_gene_laplacian	0.00164	0.00212	0.00000	0.05126	0.00000	0.46639	0.00000
H3K27me3_tss_z_mean_rank	0.50003	0.28859	0.00006	0.95806	0.00000	0.45972	0.00000
H3K4me3_promoter_body_delta_rank	0.50003	0.28867	0.00006	1.00000	0.00000	0.45464	0.00000
H3K4me3_promoter_body_delta	1.63547	3.36336	-14.00910	17.75842	0.00000	0.45464	0.00000
H3K27ac_H3K27me3_interaction_rank	0.50003	0.28867	0.00006	1.00000	0.00000	0.45299	0.00000
H3K27ac_promoter_body_delta	1.08557	2.96597	-16.56400	36.63445	0.00000	0.45120	0.00000
H3K27ac_promoter_body_delta_rank	0.50003	0.28868	0.00006	1.00000	0.00000	0.45120	0.00000
H3K4me1_tss_z_diff	2.47483	3.13622	0.00000	38.52947	0.00000	0.43320	0.00000
H3K4me1_tss_z_diff_rank	0.50003	0.28865	0.01415	1.00000	0.00000	0.43320	0.00000
H3K4me1_tss_z_std_rank	0.50003	0.28867	0.01376	1.00000	0.00000	0.43215	0.00000
H3K4me1_tss_z_std	0.66161	0.88054	0.00000	11.00611	0.00000	0.43215	0.00000
H3K4me3_ratio_std_rank	0.50003	0.28758	0.09826	1.00000	0.00000	0.42915	0.00000
H3K4me3_ratio_std	1.74779	13.73638	0.00000	1268.29622	0.00000	0.42915	0.00000
H3K27me3_gene_laplacian_rank	0.50003	0.28867	0.00006	0.99137	0.00000	0.42705	0.00000
H3K27me3_gene_gradient_mean_rank	0.50003	0.28867	0.00006	0.99137	0.00000	0.42704	0.00000
H3K4me1_tss_gradient_mean_rank	0.50003	0.28867	0.01415	1.00000	0.00000	0.42554	0.00000
H3K4me1_tss_gradient_mean	0.01099	0.01622	0.00000	0.26054	0.00000	0.42554	0.00000
H3K4me1_tss_laplacian	0.02183	0.03213	0.00000	0.51525	0.00000	0.42513	0.00000
H3K4me1_tss_laplacian_rank	0.50003	0.28867	0.01415	1.00000	0.00000	0.42513	0.00000
H3K27me3_gene_z_std_rank	0.50003	0.28868	0.00006	0.99625	0.00000	0.42235	0.00000
H3K4me1_tss_z_max	2.18985	3.25549	-0.34035	38.72546	0.00000	0.41914	0.00000
H3K4me1_tss_z_max_rank	0.50003	0.28831	0.00006	1.00000	0.00000	0.41914	0.00000
DNase_tss_z_min	0.02060	0.66575	-0.18249	11.68996	0.00000	0.41670	0.00000
DNase_tss_z_min_rank	0.50003	0.21652	0.37939	0.99997	0.00000	0.41670	0.00000
H3K36me3_gene_autocorr	0.97448	0.11854	0.00000	0.99850	0.00000	0.41213	0.00000
H3K36me3_gene_autocorr_rank	0.50003	0.28867	0.00728	1.00000	0.00000	0.41213	0.00000
H3K4me1_axis_sum_rank	0.50003	0.28868	0.00006	1.00000	0.00000	0.40446	0.00000
H3K4me1_axis_sum	0.73652	1.63715	-0.66677	22.67816	0.00000	0.40446	0.00000
H3K27me3_tss_z_max_rank	0.50003	0.28761	0.00006	0.95806	0.00000	0.39554	0.00000
H3K27ac_ratio_std_rank	0.50003	0.28868	0.00415	1.00000	0.00000	0.39146	0.00000
H3K27ac_ratio_std	6695.87695	524467.28386	0.00000	57988245.37503	0.00000	0.39146	0.00000
H3K4me3_ratio_mean	8.56399	879.54679	-56657.88034	67895.49543	0.00000	0.38965	0.00000
H3K4me3_ratio_mean_rank	0.50003	0.28867	0.00006	1.00000	0.00000	0.38965	0.00000
H3K27me3_H3K36me3_interaction	-0.06928	0.39004	-5.23258	5.39245	0.00000	0.38646	0.00000
H3K27me3_gene_z_max_rank	0.50003	0.28819	0.00006	0.99828	0.00000	0.37890	0.00000
H3K27me3_gene_z_diff_rank	0.50003	0.28820	0.00006	0.99137	0.00000	0.37765	0.00000
H3K27me3_tss_gradient_mean_rank	0.50003	0.28847	0.00006	0.94375	0.00000	0.37141	0.00000
H3K27me3_tss_laplacian_rank	0.50003	0.28847	0.00006	0.94375	0.00000	0.37140	0.00000
H3K27me3_tss_z_std_rank	0.50003	0.28848	0.00006	0.94452	0.00000	0.37120	0.00000
H3K27me3_tss_z_diff_rank	0.50003	0.28787	0.00006	0.94375	0.00000	0.36671	0.00000
H3K4me1_gene_laplacian	0.01516	0.01785	0.00000	0.25995	0.00000	0.36307	0.00000
H3K4me1_gene_laplacian_rank	0.50003	0.28867	0.00765	1.00000	0.00000	0.36307	0.00000
H3K4me1_gene_gradient_mean	0.00763	0.00900	0.00000	0.13325	0.00000	0.36302	0.00000
H3K4me1_gene_gradient_mean_rank	0.50003	0.28867	0.00765	1.00000	0.00000	0.36302	0.00000
H3K4me1_gene_z_mean	0.25943	0.66431	-0.37395	9.77995	0.00000	0.34548	0.00000
H3K4me1_gene_z_mean_rank	0.50003	0.28867	0.00006	1.00000	0.00000	0.34548	0.00000
H3K4me1_tss_z_mean_rank	0.50003	0.28867	0.00006	1.00000	0.00000	0.34163	0.00000
H3K4me1_tss_z_mean	0.47709	1.25050	-0.39278	20.87495	0.00000	0.34163	0.00000
repression_index_rank	0.50003	0.28867	0.00006	1.00000	0.00000	0.32463	0.00000
DNase_gene_skewness_rank	0.50003	0.28868	0.00006	1.00000	0.00000	0.32001	0.00000
DNase_gene_skewness	6.06665	4.86475	-3.22481	48.10560	0.00000	0.32001	0.00000
H3K4me1_gene_z_std_rank	0.50003	0.28867	0.00528	1.00000	0.00000	0.31995	0.00000
H3K4me1_gene_z_std	0.90776	0.89993	0.00000	9.77611	0.00000	0.31995	0.00000
H3K36me3_axis_sum_rank	0.50003	0.28868	0.00006	1.00000	0.00000	0.31822	0.00000
H3K36me3_axis_sum	0.53021	1.69423	-1.17074	34.86328	0.00000	0.31822	0.00000
H3K27me3_tss_entropy_rank	0.50003	0.28858	0.01333	0.95738	0.00000	0.31624	0.00000
DNase_H3K4me1_interaction	1.40789	4.92165	-12.15184	126.52768	0.00000	0.30725	0.00000
DNase_H3K4me1_interaction_rank	0.50003	0.28867	0.00006	1.00000	0.00000	0.30725	0.00000
H3K4me3_tss_z_min	0.03645	0.65382	-0.11756	10.06308	0.00000	0.29489	0.00000
H3K4me3_tss_z_min_rank	0.50003	0.17158	0.43242	1.00000	0.00000	0.29489	0.00000
H3K27me3_gene_kurtosis	39.70061	55.87755	-2.00000	4314.99902	0.00000	0.29292	0.00000
DNase_gene_kurtosis_rank	0.50003	0.28868	0.00006	1.00000	0.00000	0.28966	0.00000
DNase_gene_kurtosis	79.26467	144.91449	-2.00000	3453.43408	0.00000	0.28966	0.00000
H3K9me3_tss_entropy_rank	0.50003	0.28867	0.01311	0.99997	0.00000	0.28865	0.00000
H3K27me3_gene_skewness	4.66891	2.58166	-28.88500	65.70387	0.00000	0.28675	0.00000
H3K4me3_H3K4me1_interaction_rank	0.50003	0.28867	0.00006	1.00000	0.00000	0.27487	0.00000
H3K4me3_H3K4me1_interaction	1.26286	3.49692	-5.99701	64.61105	0.00000	0.27487	0.00000
H3K27ac_tss_skewness_rank	0.50003	0.28867	0.00006	1.00000	0.00000	0.26499	0.00000
H3K27ac_tss_skewness	0.58324	1.54407	-32.09362	13.11510	0.00000	0.26499	0.00000
H3K27ac_tss_z_min_rank	0.50003	0.28391	0.00006	1.00000	0.00000	0.25878	0.00000
H3K27ac_tss_z_min	-0.01550	0.52543	-0.15259	15.07766	0.00000	0.25878	0.00000
H3K27ac_ratio_mean	-474.86688	60335.35202	-7699139.09140	16016.90305	0.00000	0.25797	0.00000
H3K27ac_ratio_mean_rank	0.50003	0.28868	0.00006	1.00000	0.00000	0.25797	0.00000
H3K4me1_gene_z_max	7.23845	7.01899	-0.29058	63.36274	0.00000	0.25098	0.00000
H3K4me1_gene_z_max_rank	0.50003	0.28865	0.00012	1.00000	0.00000	0.25098	0.00000
H3K4me1_gene_z_diff	7.64087	7.02892	0.00000	63.78749	0.00000	0.25067	0.00000
H3K4me1_gene_z_diff_rank	0.50003	0.28867	0.00765	1.00000	0.00000	0.25067	0.00000
H3K27me3_gene_autocorr_rank	0.50003	0.28867	0.00006	1.00000	0.00000	0.24820	0.00000
H3K27ac_gene_skewness_rank	0.50003	0.28868	0.00006	1.00000	0.00000	0.24472	0.00000
H3K27ac_gene_skewness	5.37609	4.84039	-16.39008	56.81387	0.00000	0.24472	0.00000
H3K9me3_tss_gradient_mean	0.00498	0.00467	0.00000	0.10894	0.00000	0.23754	0.00000
H3K9me3_tss_laplacian	0.00991	0.00927	0.00000	0.21689	0.00000	0.23691	0.00000
DNase_H3K9me3_interaction_rank	0.50003	0.28867	0.00006	1.00000	0.00000	0.23391	0.00000
H3K9me3_tss_z_min_rank	0.50003	0.27586	0.00006	0.99985	0.00000	0.23221	0.00000
H3K27ac_H3K4me1_interaction	1.17848	7.44409	-9.96161	216.50509	0.00000	0.21886	0.00000
H3K27ac_H3K4me1_interaction_rank	0.50003	0.28867	0.00006	1.00000	0.00000	0.21886	0.00000
H3K4me3_H3K9me3_interaction_rank	0.50003	0.28867	0.00006	1.00000	0.00000	0.21724	0.00000
H3K4me1_tss_autocorr	0.96115	0.16422	0.00000	0.99947	0.00000	0.21720	0.00000
H3K4me1_tss_autocorr_rank	0.50003	0.28867	0.01415	1.00000	0.00000	0.21720	0.00000
H3K27ac_H3K9me3_interaction_rank	0.50003	0.28867	0.00006	1.00000	0.00000	0.21466	0.00000
H3K4me1_gene_autocorr_rank	0.50003	0.28867	0.00765	1.00000	0.00000	0.19665	0.00000
H3K4me1_gene_autocorr	0.97986	0.12193	0.00000	0.99953	0.00000	0.19665	0.00000
H3K9me3_gene_gradient_mean	0.00470	0.00361	0.00000	0.07551	0.00000	0.19349	0.00000
H3K9me3_gene_laplacian	0.00936	0.00715	0.00000	0.14766	0.00000	0.19321	0.00000
DNase_tss_skewness	0.93217	0.72035	-1.34395	32.35739	0.00000	0.18551	0.00000
DNase_tss_skewness_rank	0.50003	0.28867	0.00006	1.00000	0.00000	0.18551	0.00000
H3K27me3_H3K4me1_interaction_rank	0.50003	0.28867	0.00006	1.00000	0.00000	0.18039	0.00000
H3K27me3_ratio_std_rank	0.50003	0.28846	0.00006	0.94307	0.00000	0.17222	0.00000
H3K9me3_gene_z_std	0.91113	0.50743	0.00000	8.99990	0.00000	0.15882	0.00000
H3K4me3_gene_entropy_rank	0.50003	0.28867	0.01931	1.00000	0.00000	0.15742	0.00000
H3K4me3_gene_entropy	10.67554	2.82477	0.00000	17.35366	0.00000	0.15742	0.00000
H3K9me3_tss_z_std	0.75021	0.49238	0.00000	7.10319	0.00000	0.15645	0.00000
H3K9me3_tss_z_diff	3.17996	2.10576	0.00000	28.71753	0.00000	0.15078	0.00000
H3K27me3_tss_z_min_rank	0.50003	0.10848	0.00009	0.52478	0.00000	0.15006	0.00000
H3K27ac_gene_kurtosis_rank	0.50003	0.28868	0.00267	1.00000	0.00000	0.14589	0.00000
H3K27ac_gene_kurtosis	65.04460	126.42861	-2.00000	3480.15576	0.00000	0.14589	0.00000
H3K4me1_tss_skewness_rank	0.50003	0.28867	0.00006	1.00000	0.00000	0.14115	0.00000
H3K4me1_tss_skewness	0.78428	1.29843	-22.84737	18.62803	0.00000	0.14115	0.00000
H3K27me3_H3K9me3_interaction	0.02917	0.70992	-6.15838	26.54216	0.00000	0.13615	0.00000
H3K9me3_gene_z_diff	8.26961	5.73163	0.00000	55.24780	0.00000	0.12533	0.00000
H3K36me3_gene_skewness	2.61717	1.69967	-29.50845	46.81432	0.00000	0.12064	0.00000
H3K36me3_gene_skewness_rank	0.50003	0.28867	0.00006	1.00000	0.00000	0.12064	0.00000
H3K4me1_promoter_body_delta	0.21766	1.15319	-9.50505	19.07173	0.00000	0.12056	0.00000
H3K4me1_promoter_body_delta_rank	0.50003	0.28868	0.00006	1.00000	0.00000	0.12056	0.00000
H3K9me3_gene_z_max	7.04667	5.67881	-0.56814	54.07214	0.00000	0.11848	0.00000
H3K27me3_promoter_body_delta_rank	0.50003	0.28868	0.00006	1.00000	0.00000	0.11717	0.00000
H3K9me3_gene_z_min_rank	0.50003	0.27885	0.00009	0.99994	0.00000	0.11343	0.00000
H3K36me3_H3K9me3_interaction	-0.03328	0.76265	-8.74433	77.62428	0.00000	0.10895	0.00000
H3K9me3_tss_z_max	2.17837	2.09146	-0.70597	28.69626	0.00000	0.10543	0.00000
H3K27me3_gene_z_min_rank	0.50003	0.06232	0.00006	0.50792	0.00000	0.09886	0.00000
DNase_gene_z_min	-0.16189	0.34692	-0.18249	14.94270	0.00000	0.09390	0.00000
DNase_gene_z_min_rank	0.50003	0.06790	0.49063	1.00000	0.00000	0.09390	0.00000
H3K9me3_gene_skewness	2.18741	1.42240	-22.84539	42.00170	0.00000	0.08451	0.00000
H3K9me3_gene_autocorr	0.97419	0.11769	0.00000	0.99802	0.00000	0.08440	0.00000
H3K9me3_promoter_body_delta_rank	0.50003	0.28868	0.00006	1.00000	0.00000	0.08015	0.00000
H3K4me1_H3K9me3_interaction_rank	0.50003	0.28867	0.00006	1.00000	0.00000	0.07604	0.00000
H3K27me3_tss_autocorr_rank	0.50003	0.28847	0.00006	1.00000	0.00000	0.06997	0.00000
H3K9me3_tss_skewness	1.02568	1.18191	-17.81224	16.10911	0.00000	0.06589	0.00000
H3K27me3_ratio_mean	1.01692	73.99934	-8472.41412	1147.18291	0.00000	0.06440	0.00000
promoter_entropy_rank	0.50003	0.28867	0.00006	1.00000	0.00000	0.06306	0.00000
promoter_entropy	-2.63919	92.76314	-9866.34254	1.81885	0.00000	0.06306	0.00000
H3K9me3_tss_z_mean_rank	0.50003	0.28867	0.00006	1.00000	0.00000	0.06066	0.00000
H3K4me3_gene_z_min	-0.10887	0.14346	-0.11756	5.05744	0.00000	0.06032	0.00000
H3K4me3_gene_z_min_rank	0.50003	0.04467	0.49601	1.00000	0.00000	0.06032	0.00000
H3K36me3_tss_skewness_rank	0.50003	0.28867	0.00006	1.00000	0.00000	0.05703	0.00000
H3K36me3_tss_skewness	1.06828	1.53965	-31.87481	32.35739	0.00000	0.05703	0.00000
H3K9me3_gene_kurtosis	10.45677	24.72915	-2.00000	1762.14282	0.00000	0.04430	0.00000
H3K36me3_tss_autocorr	0.95356	0.16411	-0.00095	0.99944	0.00000	0.04232	0.00000
H3K36me3_tss_autocorr_rank	0.50003	0.28867	0.00006	1.00000	0.00000	0.04232	0.00000
tss_length	48.96549	4.75625	2.00000	50.00000	0.00000	0.03906	0.00000
tss_length_rank	0.50003	0.12414	0.00006	0.53298	0.00000	0.03906	0.00000
H3K9me3_ratio_std	5176.86697	134434.50702	0.00000	9435588.59005	0.00000	0.03734	0.00000
H3K9me3_ratio_mean_rank	0.50003	0.28868	0.00006	1.00000	0.00000	0.03417	0.00001
H3K36me3_tss_kurtosis	3.58515	15.77755	-2.00000	1045.00073	0.00000	0.02718	0.00052
H3K36me3_tss_kurtosis_rank	0.50003	0.28867	0.01391	1.00000	0.00000	0.02718	0.00052
H3K27me3_tss_slope	-0.00013	0.00561	-0.06481	0.07346	0.00000	0.02710	0.00054
DNase_tss_kurtosis_rank	0.50003	0.28867	0.00006	1.00000	0.00000	0.02578	0.00100
DNase_tss_kurtosis	0.25418	8.68545	-1.99977	1045.00073	0.00000	0.02578	0.00100
H3K27me3_gene_entropy_rank	0.50003	0.28868	0.00006	0.99819	0.00000	0.02350	0.00271
H3K27me3_tss_skewness	1.97934	2.84600	-32.35737	32.35741	0.00000	0.02268	0.00381
H3K9me3_axis_sum_rank	0.50003	0.28868	0.00006	1.00000	0.00000	0.01930	0.01377
DNase_tss_slope	0.00001	0.00205	-0.01314	0.01239	0.00000	0.01342	0.08692
DNase_tss_slope_rank	0.50003	0.28867	0.00006	1.00000	0.00000	0.01342	0.08692
gene_start	68692458.57547	51066670.72271	14475.00000	241893989.00000	0.00000	0.01279	0.10277
gene_length_rank	0.50003	0.28868	0.00006	1.00000	0.00000	0.01276	0.10353
gene_length	70685.26308	135833.19334	75.00000	2473538.00000	0.00000	0.01276	0.10353
TSS_end	68727534.55152	51071388.86279	29739.00000	241899138.00000	0.00000	0.01267	0.10596
TSS_start	68727485.58604	51071388.82260	29689.00000	241899114.00000	0.00000	0.01267	0.10596
gene_end	68763143.83855	51076786.54537	46870.00000	241902551.00000	0.00000	0.01260	0.10798
H3K4me1_gene_skewness_rank	0.50003	0.28867	0.00006	1.00000	0.00000	0.01217	0.12039
H3K4me1_gene_skewness	3.43994	2.45647	-19.84115	42.80489	0.00000	0.01217	0.12039
H3K36me3_tss_slope_rank	0.50003	0.28867	0.00006	1.00000	0.00000	0.01186	0.13030
H3K36me3_tss_slope	-0.00000	0.00093	-0.01169	0.01596	0.00000	0.01186	0.13030
H3K27me3_tss_kurtosis	11.63863	53.00111	-2.00000	1045.00171	0.00000	0.01117	0.15389
H3K9me3_tss_slope_rank	0.50003	0.28867	0.00006	1.00000	0.00000	0.01116	0.15455
H3K9me3_tss_kurtosis_rank	0.50003	0.28867	0.00006	0.98585	0.00000	0.00899	0.25132
strand_is_plus	0.50442	0.49998	0.00000	1.00000	0.00000	0.00737	0.34687
strand_is_plus_rank	0.50003	0.24999	0.24782	0.74782	0.00000	0.00737	0.34687
H3K9me3_gene_z_mean	-0.02403	0.42540	-0.91111	8.50813	0.00000	0.00527	0.50091
H3K9me3_gene_slope	-0.00000	0.00010	-0.00352	0.00329	0.00000	0.00454	0.56278
H3K27me3_gene_slope_rank	0.50003	0.28868	0.00006	1.00000	0.00000	0.00333	0.67086
H3K9me3_tss_autocorr_rank	0.50003	0.28867	0.00006	0.98578	0.00000	0.00074	0.92494
H3K9me3_gene_entropy	14.40043	2.08586	0.00000	20.89551	0.00000	0.00041	0.95861
H3K9me3_gene_entropy_rank	0.50003	0.28868	0.00006	0.99997	0.00000	-0.00041	0.95861
H3K9me3_tss_autocorr	0.95585	0.16395	0.00000	0.99903	0.00000	-0.00074	0.92494
H3K27me3_gene_slope	0.00000	0.00128	-0.04242	0.04765	0.00000	-0.00333	0.67086
H3K9me3_gene_slope_rank	0.50003	0.28868	0.00006	1.00000	0.00000	-0.00454	0.56278
H3K9me3_gene_z_mean_rank	0.50003	0.28868	0.00006	1.00000	0.00000	-0.00527	0.50091
strand_is_minus	0.49558	0.49998	0.00000	1.00000	0.00000	-0.00737	0.34687
strand_is_minus_rank	0.50003	0.24999	0.25224	0.75224	0.00000	-0.00737	0.34687
H3K4me3_gene_slope_rank	0.50003	0.28867	0.00006	1.00000	0.00000	-0.00802	0.30623
H3K4me3_gene_slope	0.00001	0.00564	-0.13212	0.17379	0.00000	-0.00802	0.30623
H3K36me3_gene_slope	-0.00000	0.00028	-0.01300	0.00956	0.00000	-0.00851	0.27770
H3K36me3_gene_slope_rank	0.50003	0.28868	0.00006	1.00000	0.00000	-0.00851	0.27770
H3K9me3_tss_kurtosis	2.20677	7.00365	-2.00000	371.12283	0.00000	-0.00899	0.25132
H3K27ac_tss_slope	-0.00023	0.01836	-0.21299	0.33147	0.00000	-0.01070	0.17207
H3K27ac_tss_slope_rank	0.50003	0.28867	0.00006	1.00000	0.00000	-0.01070	0.17207
H3K9me3_tss_slope	-0.00000	0.00038	-0.00513	0.00424	0.00000	-0.01116	0.15455
H3K27me3_tss_kurtosis_rank	0.50003	0.28847	0.00009	1.00000	0.00000	-0.01117	0.15389
H3K27ac_gene_slope	-0.00000	0.00630	-0.23710	0.24476	0.00000	-0.01210	0.12249
H3K27ac_gene_slope_rank	0.50003	0.28868	0.00006	1.00000	0.00000	-0.01210	0.12249
DNase_gene_slope_rank	0.50003	0.28868	0.00006	1.00000	0.00000	-0.01320	0.09216
DNase_gene_slope	-0.00000	0.00036	-0.01138	0.01396	0.00000	-0.01320	0.09216
H3K4me1_tss_slope	-0.00001	0.00198	-0.02110	0.02730	0.00000	-0.01409	0.07222
H3K4me1_tss_slope_rank	0.50003	0.28867	0.00006	1.00000	0.00000	-0.01409	0.07222
H3K4me3_tss_slope	-0.00021	0.02135	-0.13134	0.13937	0.00000	-0.01450	0.06433
H3K4me3_tss_slope_rank	0.50003	0.28776	0.00006	1.00000	0.00000	-0.01450	0.06433
H3K4me1_gene_slope_rank	0.50003	0.28868	0.00006	1.00000	0.00000	-0.01914	0.01461
H3K4me1_gene_slope	-0.00000	0.00038	-0.00927	0.01215	0.00000	-0.01914	0.01461
H3K9me3_axis_sum	-0.07688	0.83508	-1.68287	16.45593	0.00000	-0.01930	0.01377
H3K27me3_tss_skewness_rank	0.50003	0.28847	0.00009	1.00000	0.00000	-0.02268	0.00381
H3K27me3_gene_entropy	12.90968	2.47786	-0.00000	19.76343	0.00000	-0.02350	0.00271
H3K4me1_gene_entropy_rank	0.50003	0.28868	0.00006	1.00000	0.00000	-0.02573	0.00103
H3K4me1_gene_entropy	13.97862	2.02508	0.00000	21.03312	0.00000	-0.02573	0.00103
H3K27me3_tss_slope_rank	0.50003	0.28859	0.00006	1.00000	0.00000	-0.02710	0.00054
H3K36me3_gene_kurtosis	14.72187	28.86645	-2.00000	2189.58032	0.00000	-0.02860	0.00026
H3K36me3_gene_kurtosis_rank	0.50003	0.28867	0.00138	1.00000	0.00000	-0.02860	0.00026
H3K9me3_ratio_mean	0.53362	63.60861	-3627.60299	4137.23497	0.00000	-0.03417	0.00001
H3K36me3_gene_entropy_rank	0.50003	0.28868	0.00009	1.00000	0.00000	-0.03662	0.00000
H3K36me3_gene_entropy	14.07880	2.12397	0.00000	20.83417	0.00000	-0.03662	0.00000
H3K9me3_ratio_std_rank	0.50003	0.28868	0.00006	0.99997	0.00000	-0.03734	0.00000
H3K9me3_gene_kurtosis_rank	0.50003	0.28867	0.00006	0.99309	0.00000	-0.04430	0.00000
H3K27ac_tss_kurtosis	2.01072	10.88137	-2.00000	1028.00061	0.00000	-0.04980	0.00000
H3K27ac_tss_kurtosis_rank	0.50003	0.28867	0.01360	1.00000	0.00000	-0.04980	0.00000
H3K27ac_gene_z_min_rank	0.50003	0.28152	0.00018	1.00000	0.00000	-0.05179	0.00000
H3K27ac_gene_z_min	-0.13684	0.24452	-0.15263	16.52373	0.00000	-0.05179	0.00000
H3K4me1_gene_kurtosis	23.86300	38.77345	-1.97079	2213.56982	0.00000	-0.05796	0.00000
H3K4me1_gene_kurtosis_rank	0.50003	0.28867	0.00006	1.00000	0.00000	-0.05796	0.00000
H3K9me3_tss_z_mean	-0.05285	0.57074	-1.08169	14.01920	0.00000	-0.06066	0.00000
H3K4me1_gene_z_min	-0.40242	0.06776	-0.42599	1.94484	0.00000	-0.06108	0.00000
H3K4me1_gene_z_min_rank	0.50003	0.28274	0.00006	1.00000	0.00000	-0.06108	0.00000
H3K27me3_ratio_mean_rank	0.50003	0.28868	0.00006	1.00000	0.00000	-0.06440	0.00000
H3K9me3_tss_skewness_rank	0.50003	0.28867	0.00006	1.00000	0.00000	-0.06589	0.00000
H3K27me3_tss_autocorr	0.86451	0.31229	-0.00096	0.99962	0.00000	-0.06997	0.00000
H3K4me1_H3K9me3_interaction	0.01453	0.76265	-9.69984	25.04995	0.00000	-0.07604	0.00000
DNase_gene_entropy	13.99163	2.14975	6.14834	20.96743	0.00000	-0.07726	0.00000
DNase_gene_entropy_rank	0.50003	0.28868	0.00006	1.00000	0.00000	-0.07726	0.00000
H3K36me3_tss_gradient_mean	0.00905	0.01850	0.00000	0.31086	0.00000	-0.07963	0.00000
H3K36me3_tss_gradient_mean_rank	0.50003	0.28867	0.01425	1.00000	0.00000	-0.07963	0.00000
H3K36me3_tss_laplacian_rank	0.50003	0.28867	0.01425	1.00000	0.00000	-0.07986	0.00000
H3K36me3_tss_laplacian	0.01794	0.03649	0.00000	0.60123	0.00000	-0.07986	0.00000
H3K9me3_promoter_body_delta	-0.02882	0.56220	-6.72051	11.58247	0.00000	-0.08015	0.00000
H3K4me1_tss_kurtosis	1.71382	9.10835	-2.00000	520.00220	0.00000	-0.08181	0.00000
H3K4me1_tss_kurtosis_rank	0.50003	0.28867	0.00006	1.00000	0.00000	-0.08181	0.00000
H3K9me3_gene_autocorr_rank	0.50003	0.28867	0.00006	0.99285	0.00000	-0.08440	0.00000
H3K9me3_gene_skewness_rank	0.50003	0.28867	0.00006	1.00000	0.00000	-0.08451	0.00000
H3K36me3_tss_z_diff_rank	0.50003	0.28852	0.01425	1.00000	0.00000	-0.09506	0.00000
H3K36me3_tss_z_diff	2.37817	3.22831	0.00000	37.74155	0.00000	-0.09506	0.00000
H3K27me3_gene_z_min	-0.38164	0.03980	-0.38662	0.59546	0.00000	-0.09886	0.00000
H3K9me3_tss_z_max_rank	0.50003	0.28806	0.00012	0.99997	0.00000	-0.10543	0.00000
H3K36me3_tss_z_std_rank	0.50003	0.28867	0.00009	1.00000	0.00000	-0.10649	0.00000
H3K36me3_tss_z_std	0.54108	0.76788	0.00000	9.69213	0.00000	-0.10649	0.00000
H3K36me3_H3K9me3_interaction_rank	0.50003	0.28867	0.00006	1.00000	0.00000	-0.10895	0.00000
H3K9me3_gene_z_min	-1.22294	0.18490	-1.29990	0.00000	0.00000	-0.11343	0.00000
H3K27me3_promoter_body_delta	0.19268	1.10762	-11.46430	13.20236	0.00000	-0.11717	0.00000
H3K9me3_gene_z_max_rank	0.50003	0.28806	0.00006	0.99997	0.00000	-0.11848	0.00000
H3K4me1_tss_z_min_rank	0.50003	0.28421	0.00012	1.00000	0.00000	-0.12289	0.00000
H3K4me1_tss_z_min	-0.28498	0.27461	-0.42594	7.49220	0.00000	-0.12289	0.00000
H3K36me3_gene_z_min	-0.61621	0.08670	-0.63068	1.45323	0.00000	-0.12366	0.00000
H3K36me3_gene_z_min_rank	0.50003	0.09245	0.48231	1.00000	0.00000	-0.12366	0.00000
H3K9me3_gene_z_diff_rank	0.50003	0.28862	0.00006	0.99285	0.00000	-0.12533	0.00000
H3K36me3_tss_z_max_rank	0.50003	0.28801	0.00006	1.00000	0.00000	-0.12912	0.00000
H3K36me3_tss_z_max	1.82846	3.29792	-0.57632	44.99699	0.00000	-0.12912	0.00000
H3K4me3_gene_skewness_rank	0.50003	0.28867	0.00006	1.00000	0.00000	-0.13524	0.00000
H3K4me3_gene_skewness	6.46277	4.64751	-1.26261	150.49477	0.00000	-0.13524	0.00000
H3K27me3_H3K9me3_interaction_rank	0.50003	0.28867	0.00006	1.00000	0.00000	-0.13615	0.00000
H3K4me3_gene_kurtosis	72.98421	258.45727	-1.70021	22646.66992	0.00000	-0.14985	0.00000
H3K4me3_gene_kurtosis_rank	0.50003	0.28867	0.00006	1.00000	0.00000	-0.14985	0.00000
H3K27me3_tss_z_min	-0.37159	0.08846	-0.38662	4.72389	0.00000	-0.15006	0.00000
H3K9me3_tss_z_diff_rank	0.50003	0.28859	0.00009	0.98578	0.00000	-0.15078	0.00000
H3K9me3_tss_z_std_rank	0.50003	0.28867	0.00006	0.99997	0.00000	-0.15645	0.00000
H3K9me3_gene_z_std_rank	0.50003	0.28868	0.00006	0.99997	0.00000	-0.15882	0.00000
H3K36me3_tss_entropy	9.56717	0.34103	0.00000	10.03616	0.00000	-0.17214	0.00000
H3K36me3_tss_entropy_rank	0.50003	0.28867	0.00009	0.98680	0.00000	-0.17214	0.00000
H3K27me3_ratio_std	26020.06150	1273069.97695	0.00000	126260250.96090	0.00000	-0.17222	0.00000
H3K27me3_H3K4me1_interaction	0.05352	1.34909	-7.11351	40.80931	0.00000	-0.18039	0.00000
H3K36me3_tss_z_min_rank	0.50003	0.21987	0.37248	1.00000	0.00000	-0.18530	0.00000
H3K36me3_tss_z_min	-0.54971	0.20741	-0.63068	7.70072	0.00000	-0.18530	0.00000
H3K9me3_gene_laplacian_rank	0.50003	0.28867	0.00006	0.99285	0.00000	-0.19321	0.00000
H3K9me3_gene_gradient_mean_rank	0.50003	0.28867	0.00006	0.99285	0.00000	-0.19349	0.00000
H3K4me3_tss_skewness	1.97253	3.09109	-1.47598	32.35741	0.00000	-0.19827	0.00000
H3K4me3_tss_skewness_rank	0.50003	0.28776	0.00006	1.00000	0.00000	-0.19827	0.00000
H3K27ac_H3K9me3_interaction	-0.17977	1.58931	-25.11506	29.56876	0.00000	-0.21466	0.00000
H3K4me3_H3K9me3_interaction	-0.23578	1.96609	-16.63484	44.99652	0.00000	-0.21724	0.00000
H3K9me3_tss_z_min	-1.00159	0.29653	-1.29885	1.96633	0.00000	-0.23221	0.00000
DNase_H3K9me3_interaction	-0.29968	2.20904	-30.73726	38.26809	0.00000	-0.23391	0.00000
H3K9me3_tss_laplacian_rank	0.50003	0.28867	0.00006	0.98578	0.00000	-0.23691	0.00000
H3K9me3_tss_gradient_mean_rank	0.50003	0.28867	0.00006	0.98578	0.00000	-0.23754	0.00000
H3K27ac_gene_entropy	13.33453	2.14710	0.00000	21.05069	0.00000	-0.23861	0.00000
H3K27ac_gene_entropy_rank	0.50003	0.28868	0.00009	1.00000	0.00000	-0.23861	0.00000
H3K36me3_H3K4me1_interaction_rank	0.50003	0.28867	0.00006	1.00000	0.00000	-0.24615	0.00000
H3K36me3_H3K4me1_interaction	0.04406	1.86417	-7.80906	71.04491	0.00000	-0.24615	0.00000
H3K27me3_gene_autocorr	0.96690	0.12901	-0.00023	0.99945	0.00000	-0.24820	0.00000
H3K36me3_tss_z_mean	0.08784	1.05394	-0.62527	20.78312	0.00000	-0.27470	0.00000
H3K36me3_tss_z_mean_rank	0.50003	0.28867	0.00006	1.00000	0.00000	-0.27470	0.00000
H3K27me3_gene_skewness_rank	0.50003	0.28867	0.00006	1.00000	0.00000	-0.28675	0.00000
H3K9me3_tss_entropy	9.77731	0.18247	0.00000	10.03616	0.00000	-0.28865	0.00000
H3K27me3_gene_kurtosis_rank	0.50003	0.28867	0.00006	0.99899	0.00000	-0.29292	0.00000
H3K27me3_tss_entropy	7.56152	2.68605	-0.00000	10.03616	0.00000	-0.31624	0.00000
repression_index	0.12620	0.74817	-0.71687	7.56358	0.00000	-0.32463	0.00000
H3K36me3_ratio_mean_rank	0.50003	0.28868	0.00006	1.00000	0.00000	-0.35089	0.00000
H3K36me3_ratio_mean	0.86655	50.78173	-1165.16703	4166.80677	0.00000	-0.35089	0.00000
H3K27me3_tss_z_diff	3.44913	5.40440	0.00000	53.79335	0.00000	-0.36671	0.00000
H3K27me3_tss_z_std	0.81301	1.31212	0.00000	13.81452	0.00000	-0.37120	0.00000
H3K27me3_tss_laplacian	0.10240	0.19674	0.00000	1.80882	0.00000	-0.37140	0.00000
H3K27me3_tss_gradient_mean	0.05163	0.09948	0.00000	0.90456	0.00000	-0.37141	0.00000
H3K27me3_gene_z_diff	8.29806	7.80478	0.00000	57.18682	0.00000	-0.37765	0.00000
H3K27me3_gene_z_max	7.91642	7.80047	-0.38662	57.04019	0.00000	-0.37890	0.00000
H3K27me3_H3K36me3_interaction_rank	0.50003	0.28867	0.00006	1.00000	0.00000	-0.38646	0.00000
H3K27me3_tss_z_max	3.07754	5.41296	-0.38662	53.40673	0.00000	-0.39554	0.00000
H3K27me3_gene_z_std	0.84349	0.97163	0.00000	11.94308	0.00000	-0.42235	0.00000
H3K27me3_gene_gradient_mean	0.03593	0.06134	0.00000	0.92185	0.00000	-0.42704	0.00000
H3K27me3_gene_laplacian	0.07139	0.12150	0.00000	1.80805	0.00000	-0.42705	0.00000
H3K4me3_tss_kurtosis_rank	0.50003	0.28776	0.00006	1.00000	0.00000	-0.43928	0.00000
H3K4me3_tss_kurtosis	13.12615	61.27081	-1.79227	1045.00146	0.00000	-0.43928	0.00000
H3K27ac_H3K27me3_interaction	-0.47772	1.09492	-13.35929	15.64052	0.00000	-0.45299	0.00000
H3K27me3_tss_z_mean	0.30526	1.35006	-0.38662	15.36097	0.00000	-0.45972	0.00000
H3K4me1_tss_entropy_rank	0.50003	0.28867	0.00006	0.98698	0.00000	-0.46870	0.00000
H3K4me1_tss_entropy	9.66571	0.28067	0.00000	10.03616	0.00000	-0.46870	0.00000
H3K27me3_gene_z_mean	0.11258	0.80251	-0.38662	13.87262	0.00000	-0.48292	0.00000
H3K27ac_H3K36me3_interaction_rank	0.50003	0.28867	0.00006	1.00000	0.00000	-0.48785	0.00000
H3K27ac_H3K36me3_interaction	-0.31183	1.39102	-17.86798	37.92157	0.00000	-0.48785	0.00000
H3K36me3_ratio_std	6833.15053	240205.45808	0.00000	16434227.31085	0.00000	-0.49500	0.00000
H3K36me3_ratio_std_rank	0.50003	0.28868	0.00316	1.00000	0.00000	-0.49500	0.00000
H3K27me3_axis_sum	0.41784	1.92525	-0.77325	21.70423	0.00000	-0.50424	0.00000
H3K4me3_H3K27me3_interaction	-0.44297	1.90985	-7.21131	43.10715	0.00000	-0.51412	0.00000
H3K4me3_H3K36me3_interaction	-0.48223	1.47650	-10.20232	44.09789	0.00000	-0.52113	0.00000
H3K4me3_H3K36me3_interaction_rank	0.50003	0.28867	0.00006	1.00000	0.00000	-0.52113	0.00000
DNase_H3K36me3_interaction_rank	0.50003	0.28867	0.00006	1.00000	0.00000	-0.55086	0.00000
DNase_H3K36me3_interaction	-0.42791	1.73002	-16.68267	63.13293	0.00000	-0.55086	0.00000
H3K36me3_promoter_body_delta	-0.35453	1.09314	-8.31493	10.27110	0.00000	-0.55464	0.00000
H3K36me3_promoter_body_delta_rank	0.50003	0.28868	0.00006	1.00000	0.00000	-0.55464	0.00000
H3K27ac_tss_entropy	9.62817	0.40813	0.00000	10.03616	0.00000	-0.55977	0.00000
H3K27ac_tss_entropy_rank	0.50003	0.28867	0.00009	0.98680	0.00000	-0.55977	0.00000
DNase_H3K27me3_interaction	-0.56420	1.45111	-12.18679	29.50014	0.00000	-0.58666	0.00000
DNase_tss_entropy	9.59848	0.37698	7.98232	10.03616	0.00000	-0.58755	0.00000
DNase_tss_entropy_rank	0.50003	0.28867	0.00006	0.99220	0.00000	-0.58755	0.00000
