number,value,datetime_start,datetime_complete,duration,params_bagging_fraction,params_bagging_freq,params_boosting_type,params_feature_fraction,params_lambda_l1,params_lambda_l2,params_learning_rate,params_max_depth,params_min_data_in_leaf,params_min_gain_to_split,params_num_leaves,state
0,0.7153666975380131,2025-10-14 00:35:10.756955,2025-10-14 00:35:31.242520,0 days 00:00:20.485565,0.5290418060840998,7,dart,0.662397808134481,0.6011150117432088,1.416145155592091,0.026975154833351143,1,98,0.0010292247147901223,80,COMPLETE
1,0.7547368544923448,2025-10-14 00:35:31.245183,2025-10-14 00:35:45.184587,0 days 00:00:13.939404,0.7159725093210578,3,gbdt,0.8099025726528951,0.6118528947223795,0.27898772130408367,0.007599674150654906,3,43,0.014607232426760909,32,COMPLETE
2,0.7568799198332631,2025-10-14 00:35:45.188461,2025-10-14 00:37:56.334811,0 days 00:02:11.146350,0.8037724259507192,2,dart,0.6185801650879991,0.06505159298527952,1.8977710745066665,0.007918515779559376,7,83,0.04828160165372797,72,COMPLETE
3,0.754927019994781,2025-10-14 00:37:56.339593,2025-10-14 00:38:13.482687,0 days 00:00:17.143094,0.5171942605576092,7,gbdt,0.798070764044508,0.2587799816000169,1.325044568707964,0.024165903162442326,0,57,0.015585553804470548,64,COMPLETE
4,0.7568458261056382,2025-10-14 00:38:13.487132,2025-10-14 00:38:23.717892,0 days 00:00:10.230760,0.7989499894055425,7,gbdt,0.9579309401710595,0.0884925020519195,0.3919657248382904,0.046618106758907395,12,39,0.002261364445526903,104,COMPLETE
5,0.7538414894889531,2025-10-14 00:38:23.720307,2025-10-14 00:38:29.466991,0 days 00:00:05.746684,0.5704621124873813,6,gbdt,0.8170784332632994,0.07455064367977082,1.9737738732010346,0.033706023053513806,2,28,0.038612238464832874,56,COMPLETE
6,0.7576116717105731,2025-10-14 00:38:29.468756,2025-10-14 00:41:06.649177,0 days 00:02:37.180421,0.6792328642721364,1,dart,0.6296178606936361,0.8631034258755935,1.2465962536551158,0.025458179729092763,9,15,0.01654490124263246,96,COMPLETE
7,0.7590859646080659,2025-10-14 00:41:06.652576,2025-10-14 00:43:25.884768,0 days 00:02:19.232192,0.5597971229691509,5,dart,0.7888859700647797,0.7607850486168974,1.1225543951389925,0.026827251621760122,11,54,0.03854835899772805,88,COMPLETE
8,0.7598936681288462,2025-10-14 00:43:25.888323,2025-10-14 00:44:01.760915,0 days 00:00:35.872592,0.6571779905381634,4,gbdt,0.8545641645055122,0.907566473926093,0.4985844582977499,0.005301382389479432,-1,78,0.02051914615178149,24,COMPLETE
9,0.7593280898570334,2025-10-14 00:44:01.765213,2025-10-14 00:44:20.438566,0 days 00:00:18.673353,0.8167018782552118,7,gbdt,0.9232481518257668,0.8036720768991145,0.3731401177720717,0.009743645106784238,12,59,0.044627949924498894,32,COMPLETE
10,0.7591914091195334,2025-10-14 00:44:20.441154,2025-10-14 00:44:50.159086,0 days 00:00:29.717932,0.9538323976412588,4,gbdt,0.886067844878718,0.9766771359497862,0.6695903524464729,0.0050695240451904405,5,76,0.027585755040565922,128,COMPLETE
11,0.7593655983871537,2025-10-14 00:44:50.162438,2025-10-14 00:45:11.142930,0 days 00:00:20.980492,0.9132335190929217,4,gbdt,0.9773778853851628,0.7571262865901494,0.013906060398697961,0.01125464824042569,-1,72,0.027207276645573885,16,COMPLETE
12,0.760453201009108,2025-10-14 00:45:11.145220,2025-10-14 00:45:32.717958,0 days 00:00:21.572738,0.9980082658737177,4,gbdt,0.9930899415141673,0.9942460885963612,0.0036895999588275365,0.014265138162796039,-1,76,0.026482461330550773,16,COMPLETE
13,0.7598767350382971,2025-10-14 00:45:32.720021,2025-10-14 00:45:52.991055,0 days 00:00:20.271034,0.9954169742310286,3,gbdt,0.7213785203554233,0.999472629618036,0.8405826438580081,0.015705631302127234,4,95,0.021855932197366482,16,COMPLETE
14,0.7602902482563878,2025-10-14 00:45:52.995199,2025-10-14 00:46:33.738046,0 days 00:00:40.742847,0.637877442871202,5,gbdt,0.869376242509013,0.4488431862525139,0.015090055453537143,0.005686413917135672,-1,83,0.03214934217888981,32,COMPLETE
15,0.7276967330121342,2025-10-14 00:46:33.739849,2025-10-14 00:46:40.054258,0 days 00:00:06.314409,0.6112877943387895,5,gbdt,0.9913368583750904,0.3583902847905419,0.009524516083712754,0.015264612277621286,1,89,0.033272062979396264,48,COMPLETE
16,0.7609683276044146,2025-10-14 00:46:40.056117,2025-10-14 00:47:04.508384,0 days 00:00:24.452267,0.8982393444710525,5,gbdt,0.9147220349249673,0.4225618679760095,0.15104596120767105,0.01274279283313665,7,66,0.035816665085451005,40,COMPLETE
17,0.7595041520288267,2025-10-14 00:47:04.512255,2025-10-14 00:47:27.761121,0 days 00:00:23.248866,0.8897141011558393,3,gbdt,0.9189991401785472,0.2712301803544349,0.8251920172231035,0.012592618071407708,7,67,0.039416588880006695,48,COMPLETE
18,0.7596389632714364,2025-10-14 00:47:27.763570,2025-10-14 00:49:16.690026,0 days 00:01:48.926456,0.8708212734909406,6,dart,0.937583206930923,0.6398425719810309,0.2514317631054029,0.020184742917546027,7,66,0.03217215850135967,40,COMPLETE
19,0.7613275431703359,2025-10-14 00:49:16.693999,2025-10-14 00:49:36.122548,0 days 00:00:19.428549,0.989597490830107,6,gbdt,0.9935183677374444,0.4941352886042697,1.6436056894989055,0.01775834373149064,9,52,0.007962205769490298,16,COMPLETE
20,0.7600121282258745,2025-10-14 00:49:36.124883,2025-10-14 00:49:47.403755,0 days 00:00:11.278872,0.8530376566790268,6,gbdt,0.8997667449755823,0.48065163540761624,1.494175198821833,0.020153398904821884,9,46,0.011306331624924584,48,COMPLETE
21,0.7604935679296743,2025-10-14 00:49:47.409008,2025-10-14 00:50:06.864142,0 days 00:00:19.455134,0.9881521895502142,5,gbdt,0.9865003697330635,0.373448794062361,1.7194044659119503,0.01337875727548767,9,64,0.005878949780088707,16,COMPLETE
22,0.762100468229771,2025-10-14 00:50:06.866008,2025-10-14 00:50:21.133038,0 days 00:00:14.267030,0.9436377946664403,5,gbdt,0.9542436217867867,0.36124534636116445,1.6583770380773004,0.019330336865129066,9,51,0.0063587406995280924,24,COMPLETE
23,0.7592112405032605,2025-10-14 00:50:21.137048,2025-10-14 00:50:36.383823,0 days 00:00:15.246775,0.937961594526056,6,gbdt,0.947914947663845,0.19269415482820434,1.6452566030807139,0.018572484403460657,10,31,0.007998509730298281,32,COMPLETE
24,0.7601937852643205,2025-10-14 00:50:36.386265,2025-10-14 00:50:57.298992,0 days 00:00:20.912727,0.9505328898582166,5,gbdt,0.8572537641150577,0.537291697882116,1.6728532040004969,0.010777682949532538,6,48,0.006252870753846059,24,COMPLETE
25,0.7611337504655737,2025-10-14 00:50:57.302312,2025-10-14 00:51:13.696179,0 days 00:00:16.393867,0.7502780425469886,6,gbdt,0.9485195622505924,0.4106154249850188,1.0064918811674979,0.01806935903936326,8,35,0.009863425806631292,40,COMPLETE
26,0.7596126275187389,2025-10-14 00:51:13.698556,2025-10-14 00:53:32.853450,0 days 00:02:19.154894,0.7484885472869306,6,dart,0.9555400184202256,0.29279813539154476,1.0126996279702,0.01795563917880385,8,21,0.010243768325796408,64,COMPLETE
27,0.7583311101880391,2025-10-14 00:53:32.857581,2025-10-14 00:53:42.503565,0 days 00:00:09.645984,0.8443772759136309,6,gbdt,0.7624610977947756,0.5494129617777894,1.8072282385748806,0.03501179300037419,10,35,0.0030505032086491405,24,COMPLETE
28,0.7590513484782127,2025-10-14 00:53:42.506667,2025-10-14 00:53:53.844718,0 days 00:00:11.338051,0.7599883664125442,7,gbdt,0.9614578802212921,0.1900247300127622,1.54608357011459,0.023281403590623737,10,51,0.012031929099969987,40,COMPLETE
29,0.7591103473099263,2025-10-14 00:53:53.847224,2025-10-14 00:55:11.347785,0 days 00:01:17.500561,0.933584698134126,6,dart,0.7042256138489096,0.6558174689667873,1.3626598691559415,0.030509910066258347,5,25,0.00020250541477712276,56,COMPLETE
30,0.7615471326770987,2025-10-14 00:55:11.351609,2025-10-14 00:55:26.170268,0 days 00:00:14.818659,0.752990449188799,7,gbdt,0.8363859891028941,0.3759661346554937,1.1680630353352655,0.017171399313968858,8,40,0.019089053990118898,24,COMPLETE
31,0.7608408125099564,2025-10-14 00:55:26.172459,2025-10-14 00:55:38.159696,0 days 00:00:11.987237,0.7178586448322043,7,gbdt,0.836385085565067,0.36992242914184603,1.189660968147026,0.017493259507801277,8,41,0.018999737099007208,24,COMPLETE
32,0.7619014535429264,2025-10-14 00:55:38.161611,2025-10-14 00:55:52.214553,0 days 00:00:14.052942,0.7751522745057279,7,gbdt,0.9020936174881491,0.5371375320693823,1.0084183890062257,0.0219981623967029,8,35,0.013950674461177117,32,COMPLETE
33,0.760799106518271,2025-10-14 00:55:52.216793,2025-10-14 00:56:08.283081,0 days 00:00:16.066288,0.785124803408521,7,gbdt,0.8796984474593005,0.5458250676367319,1.4879253069007703,0.02153024617748958,11,44,0.013430578042297464,24,COMPLETE
34,0.7597109922749221,2025-10-14 00:56:08.286411,2025-10-14 00:56:15.720021,0 days 00:00:07.433610,0.7058298748638637,7,gbdt,0.8942803318850722,0.693238642152388,0.8353900100150675,0.028474839241416177,6,51,0.005457059553475887,16,COMPLETE
35,0.759480016643378,2025-10-14 00:56:15.722115,2025-10-14 00:56:25.372991,0 days 00:00:09.650876,0.8341466080979195,7,gbdt,0.8250758196319833,0.49880640613588834,1.831324064324646,0.02305175030217851,8,37,0.016656688429711655,32,COMPLETE
36,0.7587228420512024,2025-10-14 00:56:25.375002,2025-10-14 00:56:34.115310,0 days 00:00:08.740308,0.9711638705037025,7,gbdt,0.7622874227066636,0.5906488179307272,1.3036636125260197,0.041395123319983435,9,56,0.022984470217314465,72,COMPLETE
37,0.7588250865486704,2025-10-14 00:56:34.117830,2025-10-14 00:59:51.916264,0 days 00:03:17.798434,0.7736215718707787,6,dart,0.9251066841363667,0.30981928483654764,1.1352465355739734,0.009272669977682137,11,11,0.017651815394500656,112,COMPLETE
38,0.7590244341456753,2025-10-14 00:59:51.919610,2025-10-14 01:00:03.103485,0 days 00:00:11.183875,0.7204101759058876,7,gbdt,0.9681734161104436,0.17115272280380295,1.4083275884408906,0.01595312975066358,6,60,0.013418958001795218,32,COMPLETE
39,0.7586490914298272,2025-10-14 01:00:03.106130,2025-10-14 01:00:10.578893,0 days 00:00:07.472763,0.6835017257938918,6,gbdt,0.8415939625445528,0.010279375331658125,1.9172420312737375,0.03437174281536693,10,31,0.00786077725449393,56,COMPLETE
40,0.7611947525955696,2025-10-14 01:00:10.581371,2025-10-14 01:01:39.558989,0 days 00:01:28.977618,0.8123483369984765,5,dart,0.7977010635086582,0.4612438313712995,1.995431495038654,0.02574708023761235,8,21,0.0036657881211382545,24,COMPLETE
41,0.7608800269906042,2025-10-14 01:01:39.562311,2025-10-14 01:03:09.176893,0 days 00:01:29.614582,0.8190483042590506,5,dart,0.7836792722412405,0.4770104276298137,1.9868626009475707,0.025414841352572416,8,20,0.002945361135011426,24,COMPLETE
42,0.7584650151723554,2025-10-14 01:03:09.181273,2025-10-14 01:04:24.735766,0 days 00:01:15.554493,0.7945579935422357,2,dart,0.8061337051043137,0.3366785267185486,1.5913102531396717,0.021025300032590146,9,41,0.003996802171782244,16,COMPLETE
43,0.7598940186205422,2025-10-14 01:04:24.739816,2025-10-14 01:06:05.214172,0 days 00:01:40.474356,0.8688834898134513,5,dart,0.734863371756646,0.5849959525414471,1.7706111354891128,0.029651908338129546,7,26,0.015351562010678183,32,COMPLETE
44,0.7588634777357246,2025-10-14 01:06:05.218792,2025-10-14 01:07:57.686824,0 days 00:01:52.468032,0.9206482669465309,6,dart,0.9040193318710618,0.39755501316466973,0.6508018359766699,0.02378042679052614,12,21,0.00813222330104052,24,COMPLETE
45,0.7557872121404545,2025-10-14 01:07:57.691549,2025-10-14 01:09:09.831923,0 days 00:01:12.140374,0.5021328242984184,4,dart,0.7722479751453118,0.23666576690520383,1.2704660578540043,0.015804618810685202,9,50,0.0004730841550610442,16,COMPLETE
46,0.7570682893819947,2025-10-14 01:09:09.836526,2025-10-14 01:09:27.282768,0 days 00:00:17.446242,0.73634556207071,7,gbdt,0.999172986241833,0.44158572782190625,1.0843796497168108,0.019245823754223665,11,16,0.01393341979423883,80,COMPLETE
47,0.7606515896379109,2025-10-14 01:09:27.287091,2025-10-14 01:11:21.917079,0 days 00:01:54.629988,0.9670370087837056,1,dart,0.8699063001372084,0.5294114239801778,1.8993281326260711,0.02763595515005643,7,31,0.024140380129267617,40,COMPLETE
48,0.7574707919716597,2025-10-14 01:11:21.922606,2025-10-14 01:11:26.584712,0 days 00:00:04.662106,0.6974872730091233,5,gbdt,0.8151133365238067,0.4607470013592149,0.8936382030464106,0.041566567844272505,3,54,0.009305623633210521,24,COMPLETE
49,0.7577198377937355,2025-10-14 01:11:26.588171,2025-10-14 01:11:46.187213,0 days 00:00:19.599042,0.6553949168985925,4,gbdt,0.9680207991432254,0.6891570775447955,0.6218752559700783,0.014408209964549239,5,45,0.019800145045052675,32,COMPLETE
50,0.7618955638754228,2025-10-14 01:11:46.192790,2025-10-14 01:12:05.680501,0 days 00:00:19.487711,0.8172934724939541,6,gbdt,0.6805431395273667,0.3432648625199339,0.7427446502932107,0.016463169705379355,8,39,0.04871605980860741,48,COMPLETE
51,0.7621592404227595,2025-10-14 01:12:05.684995,2025-10-14 01:12:24.647062,0 days 00:00:18.962067,0.8113835038425429,6,gbdt,0.64561553423692,0.3316673054635859,0.8969317795206216,0.016676974956976915,8,38,0.04923442843722911,48,COMPLETE
52,0.7595209345983386,2025-10-14 01:12:24.650019,2025-10-14 01:12:37.862054,0 days 00:00:13.212035,0.7827715615249958,6,gbdt,0.6040159924904394,0.2358727512839272,0.936770294692029,0.017231380864997377,10,37,0.04956706669011591,64,COMPLETE
53,0.7616901745016831,2025-10-14 01:12:37.864701,2025-10-14 01:12:59.568902,0 days 00:00:21.704201,0.8942251204186741,7,gbdt,0.656766765318074,0.33104102597332724,0.7305037502801699,0.011921341398236404,9,43,0.045098272498152035,48,COMPLETE
54,0.7609910225575284,2025-10-14 01:12:59.573369,2025-10-14 01:13:22.179902,0 days 00:00:22.606533,0.8875475465734309,7,gbdt,0.6516708729713426,0.33190090720114923,0.7519976341190785,0.012220434647356414,7,41,0.04609499319806543,48,COMPLETE
55,0.7604553137974255,2025-10-14 01:13:22.184260,2025-10-14 01:13:41.371947,0 days 00:00:19.187687,0.8230273753359725,7,gbdt,0.6804909229824567,0.27965685238285387,0.764889636716016,0.014269098087626806,8,33,0.04252262400640299,56,COMPLETE
56,0.7600887921907821,2025-10-14 01:13:41.376572,2025-10-14 01:14:15.335844,0 days 00:00:33.959272,0.9077469431651026,7,gbdt,0.6557984683936069,0.39672576888634536,0.5745095991133349,0.007797665540129114,6,47,0.04715840627365013,48,COMPLETE
57,0.7604799531467726,2025-10-14 01:14:15.340413,2025-10-14 01:14:39.250733,0 days 00:00:23.910320,0.8689768361857546,7,gbdt,0.627246843359069,0.11856461141688593,0.5002888804995314,0.011099466751137129,9,38,0.04285667928777643,64,COMPLETE
58,0.7603483647813438,2025-10-14 01:14:39.255130,2025-10-14 01:15:05.103925,0 days 00:00:25.848795,0.7951619726080157,6,gbdt,0.6761948754175291,0.3173731748056722,0.9463776649065496,0.00953183653718513,10,28,0.04422610119419062,40,COMPLETE
59,0.7602807907414493,2025-10-14 01:15:05.108414,2025-10-14 01:15:23.032817,0 days 00:00:17.924403,0.765698272980443,7,gbdt,0.6457626847276784,0.2376567913490551,0.7270489212420109,0.016166623894423474,7,59,0.04916400691750974,40,COMPLETE
60,0.7614732026786157,2025-10-14 01:15:23.035949,2025-10-14 01:15:47.848877,0 days 00:00:24.812928,0.7340540135370015,6,gbdt,0.6905706074773964,0.36341929549514385,1.059785184262888,0.013666304884424977,8,43,0.04688111176201612,56,COMPLETE
61,0.7618435191594226,2025-10-14 01:15:47.853665,2025-10-14 01:16:07.747548,0 days 00:00:19.893883,0.734500220768864,6,gbdt,0.6955145798540214,0.3518050553627748,1.0832007487381339,0.011822530831957032,8,43,0.04755183406746644,56,COMPLETE
62,0.7616881706680119,2025-10-14 01:16:07.752095,2025-10-14 01:16:30.653605,0 days 00:00:22.901510,0.8457357811345867,6,gbdt,0.6352334476769957,0.4161751693850546,1.1677228391218724,0.010233060183769724,9,48,0.044736927867985256,48,COMPLETE
63,0.7606368197590825,2025-10-14 01:16:30.656037,2025-10-14 01:17:04.573770,0 days 00:00:33.917733,0.8448428143734342,6,gbdt,0.6374979308989358,0.42579305100079057,0.8814925950702148,0.008597732255276025,9,48,0.03999003139863472,48,COMPLETE
64,0.7608208065090623,2025-10-14 01:17:04.578391,2025-10-14 01:17:33.082855,0 days 00:00:28.504464,0.853056305360039,5,gbdt,0.6122062982507189,0.34489137505886486,0.4690946122913286,0.010304834691253291,10,44,0.04494645111380501,64,COMPLETE
65,0.760351991101786,2025-10-14 01:17:33.087336,2025-10-14 01:18:26.087653,0 days 00:00:53.000317,0.8061375372851749,5,gbdt,0.709426139213865,0.26471556348072156,1.2394605334564122,0.006709390148715474,9,35,0.048240178584485836,56,COMPLETE
66,0.7607126103712939,2025-10-14 01:18:26.092596,2025-10-14 01:18:45.224191,0 days 00:00:19.131595,0.8782689261167677,6,gbdt,0.670771059073354,0.2987483785990552,1.0641254892026484,0.01184434350106876,7,53,0.04095057859985331,48,COMPLETE
67,0.7608035817367209,2025-10-14 01:18:45.228490,2025-10-14 01:19:26.028388,0 days 00:00:40.799898,0.9313433127941226,6,gbdt,0.7330979602482803,0.3988293410332871,0.9672668899571703,0.00835800397410646,8,62,0.0371591610866824,56,COMPLETE
68,0.7603284643638799,2025-10-14 01:19:26.033480,2025-10-14 01:19:48.818569,0 days 00:00:22.785089,0.8291788259358721,6,gbdt,0.624103731632951,0.5179117162793069,0.8128271412686264,0.013238669619297207,9,48,0.0422732112430644,80,COMPLETE
69,0.7609060312973701,2025-10-14 01:19:48.822893,2025-10-14 01:20:24.914875,0 days 00:00:36.091982,0.8986071326457579,5,gbdt,0.6383836828129978,0.4305040627259523,0.7058641698428003,0.010343591880747027,10,39,0.029784219581411153,48,COMPLETE
70,0.7618084382555501,2025-10-14 01:20:24.920169,2025-10-14 01:20:40.728956,0 days 00:00:15.808787,0.8560273365131689,6,gbdt,0.6611962519942557,0.15588628598089563,1.2023089163903342,0.019613795337830767,0,56,0.04994150197388448,40,COMPLETE
71,0.7524626247070274,2025-10-14 01:20:40.731318,2025-10-14 01:20:50.953511,0 days 00:00:10.222193,0.852085569706051,6,gbdt,0.6613012613563571,0.10584234641476181,1.2062148312147867,0.021611885796176036,2,50,0.04812544399249517,40,COMPLETE
72,0.759128599940814,2025-10-14 01:20:50.956261,2025-10-14 01:21:05.070464,0 days 00:00:14.114203,0.8358204835062232,6,gbdt,0.6891504317353031,0.17970875012062457,1.0224691869194622,0.01945353603842571,4,55,0.049891313102270116,40,COMPLETE
73,0.7607768992287472,2025-10-14 01:21:05.073282,2025-10-14 01:21:32.876652,0 days 00:00:27.803370,0.7730108395239759,6,gbdt,0.665088979047533,0.15122010969949198,1.118310261789937,0.011738784607647823,0,70,0.04505560481958989,48,COMPLETE
74,0.7609463255305602,2025-10-14 01:21:32.879076,2025-10-14 01:22:10.547866,0 days 00:00:37.668790,0.8603513780703592,7,gbdt,0.7088485463472082,0.20492665618372444,0.791973902945219,0.007190544629659596,11,43,0.04624016177369343,32,COMPLETE
75,0.7601534987598524,2025-10-14 01:22:10.553364,2025-10-14 01:22:33.133238,0 days 00:00:22.579874,0.5718240649889108,5,gbdt,0.6112028285478591,0.040313097258755384,0.8958433651119682,0.014693529596473267,6,33,0.04402482464348455,48,COMPLETE
76,0.7612235826533047,2025-10-14 01:22:33.137544,2025-10-14 01:22:46.343396,0 days 00:00:13.205852,0.8831718325536444,6,gbdt,0.69545128119041,0.57202663187511,0.5804130764361555,0.02239693262931345,0,56,0.047218977838734084,72,COMPLETE
77,0.7596948630749998,2025-10-14 01:22:46.346491,2025-10-14 01:22:59.644882,0 days 00:00:13.298391,0.9493118867538867,7,gbdt,0.6387122746923412,0.3752384018910711,1.3423864121466123,0.02033907880280858,8,41,0.04836774589526382,40,COMPLETE
78,0.7606358624943993,2025-10-14 01:22:59.649430,2025-10-14 01:23:15.817776,0 days 00:00:16.168346,0.8006663237453906,6,gbdt,0.7222926598462829,0.29575360663702666,1.435184412094379,0.018604924155140496,7,47,0.045679901497831514,32,COMPLETE
79,0.7615899077198097,2025-10-14 01:23:15.823074,2025-10-14 01:23:37.465239,0 days 00:00:21.642165,0.9151272221047465,4,gbdt,0.6789581897860588,0.21710955639829718,1.1515274304049974,0.016760315914754582,8,36,0.035237400775344305,56,COMPLETE
80,0.7601930058502402,2025-10-14 01:23:37.470438,2025-10-14 01:24:03.066456,0 days 00:00:25.596018,0.8129512143984616,5,gbdt,0.647731471959575,0.31802112354151607,0.8647486694989084,0.012786300088648507,9,50,0.048242195203865794,32,COMPLETE
81,0.7608407646332809,2025-10-14 01:24:03.071525,2025-10-14 01:24:25.715281,0 days 00:00:22.643756,0.9067750264586761,3,gbdt,0.6817236877876203,0.3504183808449183,1.1637487145207126,0.015075558220039753,8,35,0.034098842759837475,56,COMPLETE
82,0.7593129133441865,2025-10-14 01:24:25.720680,2025-10-14 01:24:44.443077,0 days 00:00:18.722397,0.9291831741867088,4,gbdt,0.6659032707361686,0.13290763675595593,0.9935064233088466,0.0168280005450169,9,58,0.03736723768765781,64,COMPLETE
83,0.7606660897572006,2025-10-14 01:24:44.449197,2025-10-14 01:25:00.961024,0 days 00:00:16.511827,0.7383608663024314,4,gbdt,0.933439178849793,0.22429257801818375,1.2890773863571303,0.01923395093955259,8,45,0.04310065235078357,48,COMPLETE
84,0.7614478974096933,2025-10-14 01:25:00.966479,2025-10-14 01:25:19.239016,0 days 00:00:18.272537,0.9204085560314782,4,gbdt,0.6325338948850173,0.26799496174672743,1.101659844109944,0.016433170523120006,10,38,0.041498090541582724,40,COMPLETE
85,0.7599283278448334,2025-10-14 01:25:19.241514,2025-10-14 01:25:32.274908,0 days 00:00:13.033394,0.9747162239637027,6,gbdt,0.700241852054732,0.3876164831157937,1.2173974702656594,0.024920705824609146,7,30,0.029539806727059102,120,COMPLETE
86,0.7593067503347515,2025-10-14 01:25:32.278158,2025-10-14 01:25:48.135405,0 days 00:00:15.857247,0.8964686017115661,7,gbdt,0.6769359008547936,0.47814622446256627,0.929213518652291,0.017941964736391865,9,42,0.043820136472459005,96,COMPLETE
87,0.7585355206728965,2025-10-14 01:25:48.138173,2025-10-14 01:26:07.665672,0 days 00:00:19.527499,0.9431500523392892,3,gbdt,0.6593634397764168,0.07362627757803147,1.0457584997954565,0.013747021987260128,8,33,0.04936183664523047,56,COMPLETE
88,0.7604084668001279,2025-10-14 01:26:07.669745,2025-10-14 01:26:25.241080,0 days 00:00:17.571335,0.7848375355603618,5,gbdt,0.6164791199087754,0.2062375264809334,1.3756414543746684,0.015406480364543052,9,28,0.046965349383691825,72,COMPLETE
89,0.7620660300787647,2025-10-14 01:26:25.243696,2025-10-14 01:26:49.547123,0 days 00:00:24.303427,0.8635744240434222,4,gbdt,0.6496371605271029,0.2520104923049463,1.1566091146449424,0.010532084125382323,7,39,0.03463584309551778,48,COMPLETE
90,0.7609937537902032,2025-10-14 01:26:49.550965,2025-10-14 01:27:15.674976,0 days 00:00:26.124011,0.8420166404092713,6,gbdt,0.6034394668698537,0.8989697942275252,0.2921688244038514,0.01057809014595667,7,52,0.03967732297331558,48,COMPLETE
91,0.7609043917219404,2025-10-14 01:27:15.678973,2025-10-14 01:27:48.698929,0 days 00:00:33.019956,0.8749971320546935,4,gbdt,0.649687350370924,0.25488938344888656,1.14455919196666,0.009218662800054971,8,37,0.026962662358966508,56,COMPLETE
92,0.7616122880178413,2025-10-14 01:27:48.703690,2025-10-14 01:28:13.334944,0 days 00:00:24.631254,0.8659134227885471,4,gbdt,0.6857483172425681,0.1520585486981164,0.9992470013451342,0.011077375595214631,8,100,0.034248870320518696,48,COMPLETE
93,0.7614188612993527,2025-10-14 01:28:13.337661,2025-10-14 01:28:44.999264,0 days 00:00:31.661603,0.8588940973236744,4,gbdt,0.6271881466848735,0.32690112414222294,0.9780527313513077,0.008924568215042316,6,86,0.0304864618135234,40,COMPLETE
94,0.7613036615250509,2025-10-14 01:28:45.003697,2025-10-14 01:29:10.407149,0 days 00:00:25.403452,0.8265302861283227,4,gbdt,0.6441863475595248,0.16340535875474296,0.6932061989739878,0.009831687044165805,9,45,0.045727047696183215,48,COMPLETE
95,0.7599233956610302,2025-10-14 01:29:10.409930,2025-10-14 01:29:34.291414,0 days 00:00:23.881484,0.8646558760304995,5,gbdt,0.6881415941793173,0.35280028770026856,0.7891428238150765,0.012168972321776071,7,100,0.025289080409151836,40,COMPLETE
96,0.7610183388463397,2025-10-14 01:29:34.294799,2025-10-14 01:30:05.153397,0 days 00:00:30.858598,0.841175643939648,3,gbdt,0.7431477294391291,0.416720613416464,1.0235686588593267,0.011403444538536214,8,78,0.022532717789403547,48,COMPLETE
97,0.7597216110061804,2025-10-14 01:30:05.158921,2025-10-14 01:30:24.189856,0 days 00:00:19.030935,0.8142833469751074,7,gbdt,0.7150242560678907,0.2896362933590562,1.092550261716062,0.012937790149538261,7,91,0.038284898364409126,32,COMPLETE
98,0.7614139060099773,2025-10-14 01:30:24.192150,2025-10-14 01:30:48.178035,0 days 00:00:23.985885,0.890794019394081,6,gbdt,0.9114477449339269,0.6344933403454395,0.8623221699957047,0.010941840038414774,8,40,0.04767361832911838,40,COMPLETE
99,0.7595851027573848,2025-10-14 01:30:48.181497,2025-10-14 01:31:08.977169,0 days 00:00:20.795672,0.8255199417490174,7,gbdt,0.9822101404389042,0.09694180522367396,1.2468810729703173,0.00979878686717069,5,49,0.021244867953621904,48,COMPLETE
100,0.7598880821319791,2025-10-14 01:31:08.979472,2025-10-14 01:31:26.576971,0 days 00:00:17.597499,0.7583367966156462,6,gbdt,0.6680244801584468,0.5014042067115447,1.4953688019133293,0.020418737773959868,10,94,0.04982807355913396,56,COMPLETE
101,0.7280635958371411,2025-10-14 01:31:26.581491,2025-10-14 01:31:35.094419,0 days 00:00:08.512928,0.915037060818346,4,gbdt,0.6572177347450824,0.22092425633488214,0.9169123759620048,0.018839805543435294,1,33,0.034593698265414835,64,COMPLETE
102,0.7601532700666224,2025-10-14 01:31:35.096787,2025-10-14 01:31:51.827579,0 days 00:00:16.730792,0.8829468490180127,4,gbdt,0.676600882167819,0.25448651204552847,1.2025301212328598,0.02193413718820164,9,25,0.03585763233313759,56,COMPLETE
103,0.7610474983730541,2025-10-14 01:31:51.831961,2025-10-14 01:32:26.763024,0 days 00:00:34.931063,0.9056343353980862,4,gbdt,0.6542228579802569,0.13994490070806542,1.1515109731208606,0.010065841757366691,8,37,0.028060688265487306,48,COMPLETE
104,0.7602682891122123,2025-10-14 01:32:26.768089,2025-10-14 01:32:46.098310,0 days 00:00:19.330221,0.960178979824138,4,gbdt,0.6847891811808821,0.31077356992604677,0.9695239423047737,0.017069032932674318,8,46,0.03134017365623487,56,COMPLETE
105,0.7609564684949319,2025-10-14 01:32:46.103084,2025-10-14 01:33:08.318586,0 days 00:00:22.215502,0.8518498721902544,4,gbdt,0.6973150774776838,0.19830255618064008,1.05105118670828,0.013925419239824243,9,43,0.03575120782279206,48,COMPLETE
106,0.7616324455732074,2025-10-14 01:33:08.323963,2025-10-14 01:33:33.750073,0 days 00:00:25.426110,0.87525179306552,2,gbdt,0.6732592392963085,0.4530631403698401,0.7438102799549421,0.011380912109251774,8,35,0.046563397040983494,40,COMPLETE
107,0.7600669083043216,2025-10-14 01:33:33.752632,2025-10-14 01:34:00.409066,0 days 00:00:26.656434,0.7919960002042916,2,gbdt,0.6715578863226342,0.4099937405833109,0.7511645906447656,0.011255330601491937,7,40,0.048738688855700166,40,COMPLETE
108,0.7609322849977035,2025-10-14 01:34:00.412628,2025-10-14 01:34:23.098254,0 days 00:00:22.685626,0.8068054604901553,5,gbdt,0.64269625356524,0.4530805756246279,0.6520963458216852,0.012321990614785103,9,39,0.04642556150570481,32,COMPLETE
109,0.759318405550083,2025-10-14 01:34:23.100569,2025-10-14 01:34:46.969585,0 days 00:00:23.869016,0.7749383717105885,2,gbdt,0.6201756064736086,0.38243851125237416,0.7271504969796609,0.011645099903656347,6,30,0.045270842949473325,40,COMPLETE
110,0.753319884554425,2025-10-14 01:34:46.974817,2025-10-14 01:36:25.756316,0 days 00:01:38.781499,0.8323360139741185,3,dart,0.9448082216551447,0.43223388881086067,0.8305134056472521,0.008334622166147493,8,34,0.04131587376250039,24,COMPLETE
111,0.7609093289347792,2025-10-14 01:36:25.761049,2025-10-14 01:37:00.273693,0 days 00:00:34.512644,0.8765708242073408,1,gbdt,0.6345814369051411,0.33775786976092476,0.6054506591758222,0.010631285364392208,8,36,0.03293084991536195,48,COMPLETE
112,0.7500577748212899,2025-10-14 01:37:00.277842,2025-10-14 01:37:11.451125,0 days 00:00:11.173283,0.8945281755061254,3,gbdt,0.6727940273144981,0.5552932251832841,1.106761988697071,0.014937161812719818,2,42,0.01186132835528155,40,COMPLETE
113,0.7610242738948034,2025-10-14 01:37:11.453760,2025-10-14 01:37:25.334530,0 days 00:00:13.880770,0.8653652166603805,6,gbdt,0.662663555433286,0.3632602004377869,1.3103382418446903,0.019763612179186978,7,28,0.04385118910650147,48,COMPLETE
114,0.7599195213013867,2025-10-14 01:37:25.336783,2025-10-14 01:37:43.191772,0 days 00:00:17.854989,0.847279731372798,1,gbdt,0.6953117977130207,0.17640270981804523,1.1880952641728626,0.018248199316592592,8,39,0.04715570205287408,56,COMPLETE
115,0.7600161898222515,2025-10-14 01:37:43.196244,2025-10-14 01:37:56.807250,0 days 00:00:13.611006,0.9304130976959815,6,gbdt,0.653114246627191,0.2817305690654833,0.5072943941743115,0.01630107749986801,9,81,0.04996236573419244,32,COMPLETE
116,0.7619328368674374,2025-10-14 01:37:56.809786,2025-10-14 01:38:11.658051,0 days 00:00:14.848265,0.8564657526600381,7,gbdt,0.6818276372330028,0.12104524414700013,1.0061740470998948,0.022947635788471348,8,36,0.01772331657747039,64,COMPLETE
117,0.7594531744220319,2025-10-14 01:38:11.660378,2025-10-14 01:38:26.057181,0 days 00:00:14.396803,0.8370178289730974,7,gbdt,0.7193953828922932,0.0217735142024246,1.0200488047369851,0.02304879697953155,8,32,0.017524394026566956,64,COMPLETE
118,0.7598433580291248,2025-10-14 01:38:26.060241,2025-10-14 01:38:43.098862,0 days 00:00:17.038621,0.8596927334231602,7,gbdt,0.7056531146336602,0.466924722476714,0.9412235637208834,0.021082992382326502,10,47,0.016102253294392983,64,COMPLETE
119,0.7608830516360516,2025-10-14 01:38:43.101316,2025-10-14 01:39:06.971380,0 days 00:00:23.870064,0.7273943880629171,7,gbdt,0.6874385400469901,0.12089188116818886,1.7025489602706358,0.00922116598238953,9,44,0.0019454495539971972,48,COMPLETE
120,0.7599121619415006,2025-10-14 01:39:06.976210,2025-10-14 01:39:24.819427,0 days 00:00:17.843217,0.8211554768959766,7,gbdt,0.6319474903993053,0.5210075790660122,0.8583329567890324,0.013159753190089817,7,72,0.04885445983179476,40,COMPLETE
121,0.7611219344923417,2025-10-14 01:39:24.821972,2025-10-14 01:39:37.556761,0 days 00:00:12.734789,0.9025786548539295,6,gbdt,0.6798611507597139,0.07549011432959067,1.2531319075582654,0.02404130144677418,8,37,0.014479450336306043,56,COMPLETE
122,0.7607591330740391,2025-10-14 01:39:37.559216,2025-10-14 01:39:55.760385,0 days 00:00:18.201169,0.7050154843751073,2,gbdt,0.667326238349829,0.1573573324996379,1.1330780024399854,0.017484714654010556,8,36,0.012830585414768489,56,COMPLETE
123,0.759913388960691,2025-10-14 01:39:55.764857,2025-10-14 01:40:16.564771,0 days 00:00:20.799914,0.8736981077537274,6,gbdt,0.6609942290871578,0.2512805212108449,1.0808839237514862,0.01569444574490899,9,42,0.005517955748997638,64,COMPLETE
124,0.756983260071275,2025-10-14 01:40:16.567043,2025-10-14 01:40:31.038396,0 days 00:00:14.471353,0.9214304909228784,7,gbdt,0.6469550940647153,0.0542658535533945,0.8970695090290041,0.010742515942621465,3,40,0.04765160668310812,48,COMPLETE
125,0.7596954441109509,2025-10-14 01:40:31.040909,2025-10-14 01:40:45.180557,0 days 00:00:14.139648,0.7433334880110591,6,gbdt,0.8523273799625596,0.40411843037243506,0.9953826251648128,0.02039516129936196,7,53,0.045082256416407424,48,COMPLETE
126,0.7591651708699768,2025-10-14 01:40:45.185167,2025-10-14 01:40:58.136988,0 days 00:00:12.951821,0.8861890303609188,5,gbdt,0.6936608669988387,0.3302429656759667,0.6859394496656802,0.026093205766890924,8,35,0.02543193136883871,56,COMPLETE
127,0.7596892668823114,2025-10-14 01:40:58.139215,2025-10-14 01:41:17.756742,0 days 00:00:19.617527,0.8560959509942001,7,gbdt,0.6742807371894706,0.21421343834929008,0.7997057410369445,0.01026147659481524,4,30,0.04875546519823146,40,COMPLETE
128,0.7603278550977616,2025-10-14 01:41:17.759416,2025-10-14 01:43:04.261481,0 days 00:01:46.502065,0.8679269734884577,7,dart,0.7319742008271326,0.18548072873133695,1.1775011629287735,0.0226974381080556,8,38,0.04657042398605664,32,COMPLETE
129,0.7595658961180541,2025-10-14 01:43:04.266190,2025-10-14 01:43:29.154615,0 days 00:00:24.888425,0.8462103522116651,6,gbdt,0.8854223650771167,0.29938902621459873,1.047287965185713,0.012534881903926622,-1,46,0.010859383514019862,72,COMPLETE
130,0.760882971860747,2025-10-14 01:43:29.156941,2025-10-14 01:43:50.449239,0 days 00:00:21.292298,0.7999838317282365,5,gbdt,0.6861641725899004,0.11616702937391025,0.9588576161709894,0.011669640803927938,9,34,0.00893365782689098,48,COMPLETE
131,0.7613905139858179,2025-10-14 01:43:50.453385,2025-10-14 01:44:06.245635,0 days 00:00:15.792250,0.7728247111944817,7,gbdt,0.8250749343362281,0.3757519741436375,1.1693765885187475,0.0171949638588236,8,41,0.015343999570065733,24,COMPLETE
132,0.760516214124615,2025-10-14 01:44:06.248013,2025-10-14 01:44:22.031016,0 days 00:00:15.783003,0.7555550774326611,7,gbdt,0.7808497804440001,0.4429856064233789,1.2171127708614142,0.018296973265861948,8,44,0.01927913670281833,24,COMPLETE
133,0.7602403671999458,2025-10-14 01:44:22.033705,2025-10-14 01:44:33.516228,0 days 00:00:11.482523,0.7657423558041504,7,gbdt,0.8972058369247652,0.351451737563966,1.1184582165805952,0.019220747753462265,9,38,0.006987068435011597,16,COMPLETE
134,0.7612525691397131,2025-10-14 01:44:33.518492,2025-10-14 01:44:48.500734,0 days 00:00:14.982242,0.749362934333125,6,gbdt,0.9306190891587554,0.49852242832162813,1.6129607830799213,0.016813321786639513,7,32,0.020703473569031725,32,COMPLETE
135,0.7612205269823733,2025-10-14 01:44:48.505312,2025-10-14 01:45:05.901325,0 days 00:00:17.396013,0.7124221237938855,7,gbdt,0.6570904640558388,0.37293462836503316,1.0785383009287293,0.014625920495465782,8,40,0.04318000925233401,40,COMPLETE
136,0.7607835396363671,2025-10-14 01:45:05.903544,2025-10-14 01:45:20.033873,0 days 00:00:14.130329,0.9401099380343837,4,gbdt,0.8624086666845033,0.3223069780684883,1.0130177273244678,0.02138015140767332,7,36,0.01840963505677,56,COMPLETE
137,0.7602857062799939,2025-10-14 01:45:20.036747,2025-10-14 01:45:38.845912,0 days 00:00:18.809165,0.8802125918215407,7,gbdt,0.9581828917983195,0.1384237245612432,1.2741316105394591,0.015987129384615648,9,48,0.004419104622566235,48,COMPLETE
138,0.7606355575539112,2025-10-14 01:45:38.848386,2025-10-14 01:45:55.989597,0 days 00:00:17.141211,0.9132181316004929,6,gbdt,0.6402614416143093,0.8070306106865699,0.7599304440037379,0.017843290704297844,9,26,0.01698101041302821,24,COMPLETE
139,0.7602351075564231,2025-10-14 01:45:55.994066,2025-10-14 01:46:19.345160,0 days 00:00:23.351094,0.7269731876504527,4,gbdt,0.9113736487255053,0.39856226058367333,0.9157583123870433,0.009545501134858046,8,50,0.034484346422017066,56,COMPLETE
140,0.761275281085374,2025-10-14 01:46:19.349539,2025-10-14 01:46:33.237503,0 days 00:00:13.887964,0.7885985927213035,6,gbdt,0.6811889667369297,0.422851389415277,1.386841968675953,0.024511706892904828,10,42,0.048108243426710974,40,COMPLETE
141,0.7604381916669793,2025-10-14 01:46:33.240270,2025-10-14 01:46:57.849946,0 days 00:00:24.609676,0.8336900978384127,6,gbdt,0.7534877908532494,0.3543250740219556,1.063271606738135,0.013823744042116802,8,43,0.045823991356489555,56,COMPLETE
142,0.7609068248305135,2025-10-14 01:46:57.854300,2025-10-14 01:47:25.151106,0 days 00:00:27.296806,0.7302462437562197,6,gbdt,0.7011464576297021,0.38719153120298844,1.1314916569104134,0.011980349251295673,8,45,0.028475891211824474,48,COMPLETE
143,0.761465195390774,2025-10-14 01:47:25.153627,2025-10-14 01:47:47.007087,0 days 00:00:21.853460,0.8935645380027504,6,gbdt,0.6673853452091846,0.27618677947535625,1.0287444779671981,0.013862119796728134,8,39,0.02309397769367383,56,COMPLETE
144,0.7613338644603451,2025-10-14 01:47:47.011655,2025-10-14 01:48:08.103606,0 days 00:00:21.091951,0.6984720521455684,7,gbdt,0.7153715870944047,0.3516205132049729,0.5468725894793613,0.01115493900879821,7,35,0.04720041614995133,64,COMPLETE
145,0.7605417874838928,2025-10-14 01:48:08.105888,2025-10-14 01:48:28.924453,0 days 00:00:20.818565,0.7393646212169379,5,gbdt,0.6921069877315922,0.31458983586232125,0.9788129173018725,0.01517757380041556,9,61,0.044245831503712085,48,COMPLETE
146,0.7604186402871835,2025-10-14 01:48:28.926945,2025-10-14 01:48:46.380531,0 days 00:00:17.453586,0.6881424012244901,6,gbdt,0.6518027893273683,0.09367259173648664,1.0756156100268481,0.012593942004189073,8,43,0.03212934503655056,24,COMPLETE
147,0.759128296644445,2025-10-14 01:48:46.383566,2025-10-14 01:49:16.247043,0 days 00:00:29.863477,0.8135149948868872,6,gbdt,0.6753644686486754,0.23633796132567797,0.8398791842326448,0.011118763424237453,7,38,0.046456125670589585,72,COMPLETE
148,0.7607617051096222,2025-10-14 01:49:16.252156,2025-10-14 01:49:36.333936,0 days 00:00:20.081780,0.861006358873251,6,gbdt,0.6253096244351246,0.6136826073913597,1.8546491998079986,0.01964579303842972,9,51,0.03688365756517632,32,COMPLETE
149,0.7602776668673232,2025-10-14 01:49:36.338692,2025-10-14 01:51:48.643746,0 days 00:02:12.305054,0.8492154591901059,7,dart,0.8018940991104125,0.36832171532023816,1.14929107754814,0.013340061627498179,8,41,0.04877016816236278,48,COMPLETE
150,0.7594624130858788,2025-10-14 01:51:48.648374,2025-10-14 01:52:09.668245,0 days 00:00:21.019871,0.7627974837100014,3,gbdt,0.8353257876531966,0.3376960900652403,1.2346478201881221,0.010565428482822433,7,46,0.04231202199231734,16,COMPLETE
151,0.7612997490329709,2025-10-14 01:52:09.670847,2025-10-14 01:52:31.271129,0 days 00:00:21.600282,0.8927372936965055,6,gbdt,0.6656261492747937,0.3024025048746413,1.0332218500888222,0.014527123171530378,8,39,0.01836257220105814,56,COMPLETE
152,0.7596883682296518,2025-10-14 01:52:31.273731,2025-10-14 01:53:00.641916,0 days 00:00:29.368185,0.8820628062920404,4,gbdt,0.670325690590462,0.2756317565062511,1.0996223396307727,0.013787713872898144,8,36,0.023840883801106147,56,COMPLETE
153,0.7610575460815876,2025-10-14 01:53:00.646428,2025-10-14 01:53:23.289846,0 days 00:00:22.643418,0.8739433730371914,6,gbdt,0.6623891292229214,0.2406791046294341,0.9809359345160162,0.012000760141089056,8,34,0.020107137739638917,56,COMPLETE
154,0.7605758906598615,2025-10-14 01:53:23.292311,2025-10-14 01:53:39.524275,0 days 00:00:16.231964,0.8939657485887934,4,gbdt,0.6467817410065537,0.27704461007818393,0.6482994127422916,0.01652944586942609,9,39,0.049622480236945606,64,COMPLETE
155,0.7605108095018804,2025-10-14 01:53:39.526602,2025-10-14 01:54:16.364324,0 days 00:00:36.837722,0.9163583620379722,6,gbdt,0.6905279172378783,0.1517080044046525,1.3375761223307148,0.01012939019039052,8,32,0.021918964562438505,48,COMPLETE
156,0.7636242801608152,2025-10-14 01:54:16.368767,2025-10-14 01:54:35.181031,0 days 00:00:18.812264,0.9055094284104167,6,gbdt,0.6807426852258752,0.3182565921517314,0.06834504087496518,0.015470327280019703,9,64,0.02379360490236626,40,COMPLETE
157,0.7595713634139738,2025-10-14 01:54:35.183459,2025-10-14 01:54:53.791745,0 days 00:00:18.608286,0.7207200294829976,5,gbdt,0.6853173631143461,0.4059418039689984,0.24364460736472196,0.018535381408036428,9,68,0.047586981223379066,40,COMPLETE
158,0.7602189832716733,2025-10-14 01:54:53.796433,2025-10-14 01:55:15.526201,0 days 00:00:21.729768,0.7492498182986512,6,gbdt,0.7056715072256603,0.33749560818890995,0.4099105421586606,0.015454085649820341,9,63,0.03321882544782683,40,COMPLETE
159,0.7620307122336429,2025-10-14 01:55:15.528556,2025-10-14 01:55:32.509098,0 days 00:00:16.980542,0.950313815007765,6,gbdt,0.8734945132691031,0.38167360106821785,0.05544547510494203,0.01765165398485635,10,75,0.04035635889303483,40,COMPLETE
160,0.7621923318594889,2025-10-14 01:55:32.511550,2025-10-14 01:55:47.911341,0 days 00:00:15.399791,0.9517181038527575,7,gbdt,0.8477166069042898,0.4545028317131587,1.7538493726710984,0.020743960981766348,11,65,0.0387155724517234,32,COMPLETE
161,0.7602982490741887,2025-10-14 01:55:47.916783,2025-10-14 01:56:02.287892,0 days 00:00:14.371109,0.9793088849640521,7,gbdt,0.889483034810924,0.4794017365238054,0.11065829754437795,0.020730594668581976,12,56,0.03911645168662101,32,COMPLETE
162,0.758703723700958,2025-10-14 01:56:02.290382,2025-10-14 01:56:13.679295,0 days 00:00:11.388913,0.925378807815885,7,gbdt,0.8429661837096983,0.45481778729322353,0.05048977620459838,0.02217509491000119,11,65,0.03830423665032996,40,COMPLETE
163,0.7612860292055615,2025-10-14 01:56:13.682210,2025-10-14 01:56:32.619822,0 days 00:00:18.937612,0.9499657855985164,7,gbdt,0.8799870330320417,0.42393894407124577,0.11547430683625516,0.017418587178699572,11,76,0.035903260899627025,32,COMPLETE
164,0.7618168617726204,2025-10-14 01:56:32.622268,2025-10-14 01:56:47.784558,0 days 00:00:15.162290,0.9597920484109307,7,gbdt,0.8366558747209522,0.370214091473032,1.9515734975799728,0.018857824572210847,11,58,0.039991508984535545,40,COMPLETE
165,0.7618921643507179,2025-10-14 01:56:47.788895,2025-10-14 01:57:02.161499,0 days 00:00:14.372604,0.9603696802273584,7,gbdt,0.8741512564624202,0.38369711529201234,1.8704302541399307,0.01983882137956254,11,57,0.04021362885075206,40,COMPLETE
166,0.7603813491063687,2025-10-14 01:57:02.164531,2025-10-14 01:57:15.618906,0 days 00:00:13.454375,0.963089652861712,7,gbdt,0.8761550737698097,0.3948486454892263,1.7974942620100496,0.020170351932437554,11,60,0.04027192325397297,40,COMPLETE
167,0.7610677569784711,2025-10-14 01:57:15.621526,2025-10-14 01:57:28.039855,0 days 00:00:12.418329,0.9916774258106644,7,gbdt,0.8148035878701826,0.4411742066105091,1.7267993948909763,0.01896404685302394,11,58,0.0406716775440487,40,COMPLETE
168,0.760449766400698,2025-10-14 01:57:28.042675,2025-10-14 01:57:39.779725,0 days 00:00:11.737050,0.9844551207507433,7,gbdt,0.8668279998380258,0.3896444457250936,1.9455127573728495,0.02137728056110758,12,54,0.0416163938851874,40,COMPLETE
169,0.7608636225966054,2025-10-14 01:57:39.782008,2025-10-14 01:57:53.143162,0 days 00:00:13.361154,0.9691715701993449,7,gbdt,0.845814500628947,0.3666910805462913,1.9388389553913843,0.022601349201032628,10,64,0.03723972144470605,40,COMPLETE
170,0.7611814001649821,2025-10-14 01:57:53.147389,2025-10-14 01:58:08.474861,0 days 00:00:15.327472,0.9592630169014194,7,gbdt,0.8557287167209526,0.31908711190822886,1.8251462677398957,0.019468152152377217,11,58,0.03972935542570737,32,COMPLETE
171,0.7602863503208619,2025-10-14 01:58:08.477474,2025-10-14 01:58:28.433233,0 days 00:00:19.955759,0.9499036473975774,6,gbdt,0.8270984104585509,0.4144543301402507,1.8774406674196877,0.018041227899039176,10,55,0.03622534722205725,48,COMPLETE
172,0.7590711766377798,2025-10-14 01:58:28.436303,2025-10-14 01:58:44.924519,0 days 00:00:16.488216,0.9396908747258731,7,gbdt,0.9019600097927771,0.35090495202448263,1.7810059917740195,0.020270374567479384,10,67,0.03880179288697001,40,COMPLETE
173,0.7611047650164116,2025-10-14 01:58:44.929691,2025-10-14 01:58:58.252293,0 days 00:00:13.322602,0.951190704515035,6,gbdt,0.8606428628401882,0.5071797067486981,1.7460897384472411,0.023685217812168775,12,74,0.03815102992683787,40,COMPLETE
174,0.7614669641741744,2025-10-14 01:58:58.254802,2025-10-14 01:59:13.929329,0 days 00:00:15.674527,0.9984907899171662,7,gbdt,0.873284573685148,0.46876802707197435,1.9806675765426136,0.016589012521075492,11,56,0.03394193317472863,48,COMPLETE
175,0.7602807735246324,2025-10-14 01:59:13.932410,2025-10-14 01:59:28.503278,0 days 00:00:14.570868,0.9380215728784147,7,gbdt,0.9238162052095945,0.5608918990572815,0.045261271931073634,0.019155198572271628,10,70,0.042632158082310544,32,COMPLETE
176,0.7600856643931746,2025-10-14 01:59:28.506133,2025-10-14 01:59:43.177123,0 days 00:00:14.670990,0.9747572195112854,6,gbdt,0.8497579840898495,0.5377168641844645,0.1870452516845158,0.021610074717358426,11,62,0.03523018453615443,48,COMPLETE
177,0.760701835453939,2025-10-14 01:59:43.180569,2025-10-14 02:00:00.394488,0 days 00:00:17.213919,0.9070388151573893,4,gbdt,0.67966426084049,0.38143777767930237,1.6862376539723618,0.01839111971244243,10,53,0.04502091091854046,40,COMPLETE
178,0.7602843873752688,2025-10-14 02:00:00.396935,2025-10-14 02:00:16.235588,0 days 00:00:15.838653,0.9581109408731867,7,gbdt,0.9735401348317834,0.2955985725473432,1.893334315327698,0.0174423143456145,11,60,0.041432048938747586,48,COMPLETE
179,0.7595331484162335,2025-10-14 02:00:16.239212,2025-10-14 02:02:31.104208,0 days 00:02:14.864996,0.9285721752393847,6,dart,0.6558912406086418,0.17098840171815938,1.926022239642439,0.02684216181171496,9,94,0.04382290489646497,48,COMPLETE
180,0.7612903606781687,2025-10-14 02:02:31.108660,2025-10-14 02:02:44.647073,0 days 00:00:13.538413,0.8662985378339196,2,gbdt,0.8877714917790969,0.4357341335906555,1.5201994145197015,0.020803277980664375,12,80,0.04001375145565915,40,COMPLETE
181,0.7613141083532389,2025-10-14 02:02:44.650279,2025-10-14 02:03:02.493836,0 days 00:00:17.843557,0.8567467072809501,7,gbdt,0.8364743500249406,0.36548334049747705,1.1876718169692868,0.016938700765776735,8,49,0.037693663830772585,24,COMPLETE
182,0.761084925673097,2025-10-14 02:03:02.496448,2025-10-14 02:03:18.056261,0 days 00:00:15.559813,0.966090139704157,7,gbdt,0.8246041664382668,0.33774312577992005,1.860312790845359,0.015943516821373925,9,85,0.04793764908192684,24,COMPLETE
183,0.7613598448853679,2025-10-14 02:03:18.059185,2025-10-14 02:03:33.018269,0 days 00:00:14.959084,0.8411736483897657,7,gbdt,0.6387051598688042,0.31556951212006934,1.6633887016037145,0.01867284860846215,10,97,0.04994597185503639,32,COMPLETE
184,0.7603203253942756,2025-10-14 02:03:33.020697,2025-10-14 02:04:10.610813,0 days 00:00:37.590116,0.9419810628919429,7,gbdt,0.8584673504054768,0.4053403784856445,1.4533332582522218,0.006018027664263067,8,59,0.04577908215522071,32,COMPLETE
185,0.7620329194372857,2025-10-14 02:04:10.615368,2025-10-14 02:04:25.376687,0 days 00:00:14.761319,0.8692732095581365,4,gbdt,0.6738295627133352,0.3747480493332743,1.1393661988218189,0.019617460311773128,0,52,0.01560440839389316,40,COMPLETE
186,0.7600351382114181,2025-10-14 02:04:25.379145,2025-10-14 02:04:39.116289,0 days 00:00:13.737144,0.869963265003551,4,gbdt,0.6749751931974691,0.3805842654602065,0.31787339442921064,0.019914903759558508,0,51,0.013066820503005633,40,COMPLETE
187,0.76108102543031,2025-10-14 02:04:39.118858,2025-10-14 02:05:06.778274,0 days 00:00:27.659416,0.8524053169047948,4,gbdt,0.6637056860794655,0.3574259758437991,1.1087802433663263,0.011307481719905497,0,52,0.014657727939274947,40,COMPLETE
188,0.7612809645309792,2025-10-14 02:05:06.782906,2025-10-14 02:05:34.606469,0 days 00:00:27.823563,0.8851934546721968,4,gbdt,0.681361171762984,0.19389460747401635,1.589132158083121,0.009806938134734265,0,58,0.016180520782393886,40,COMPLETE
189,0.7598723346990308,2025-10-14 02:05:34.609515,2025-10-14 02:05:46.205748,0 days 00:00:11.596233,0.9010603053564793,1,gbdt,0.7946255217806119,0.1380431327778295,0.03503737495950175,0.02205681065374459,-1,54,0.0490354453096543,48,COMPLETE
190,0.7615525710363525,2025-10-14 02:05:46.209100,2025-10-14 02:06:01.542821,0 days 00:00:15.333721,0.8763287828141408,4,gbdt,0.6507528584302197,0.3332973240871076,0.17630820909768188,0.01782894046635361,11,56,0.032297463853303385,48,COMPLETE
191,0.7609335705392776,2025-10-14 02:06:01.545205,2025-10-14 02:06:22.565206,0 days 00:00:21.020001,0.8715769118544557,4,gbdt,0.6498737500498913,0.33153786742552693,0.12229444251928306,0.017680608071550145,11,90,0.033939076668070736,48,COMPLETE
192,0.7618356236395525,2025-10-14 02:06:22.567731,2025-10-14 02:06:37.704952,0 days 00:00:15.137221,0.8804258136890172,4,gbdt,0.6573480953303372,0.3394927810693703,0.7297319646857734,0.01956940995727868,11,56,0.036609848364238515,48,COMPLETE
193,0.729297823969679,2025-10-14 02:06:37.707619,2025-10-14 02:06:46.458813,0 days 00:00:08.751194,0.8593973051969068,4,gbdt,0.6718719714274902,0.36877866701589096,0.714954168048613,0.020742632408966274,1,57,0.034910483304444156,128,COMPLETE
194,0.7596906739852746,2025-10-14 02:06:46.462265,2025-10-14 02:07:04.071802,0 days 00:00:17.609537,0.8832146616240562,4,gbdt,0.6420365404684503,0.38927038769970407,0.8025418550024943,0.01956265000864499,11,53,0.03675306210023259,80,COMPLETE
195,0.7283130021912393,2025-10-14 02:07:04.074279,2025-10-14 02:07:11.929038,0 days 00:00:07.854759,0.8242537612904283,4,gbdt,0.6580570618115936,0.3085518088781694,0.7642856493866584,0.018485162439043853,1,62,0.03863822056598461,48,COMPLETE
196,0.7605939857753479,2025-10-14 02:07:11.932381,2025-10-14 02:07:43.610663,0 days 00:00:31.678282,0.9124321021973144,4,gbdt,0.6319008277975903,0.3512575029420694,0.6629507323128521,0.010801497551090495,10,37,0.03928838810496418,40,COMPLETE
197,0.7591213809544812,2025-10-14 02:07:43.617494,2025-10-14 02:08:00.859198,0 days 00:00:17.241704,0.8371106491817785,6,gbdt,0.6980080086183511,0.426022112685568,0.8828286357639714,0.01982962565989829,12,69,0.025995589516053325,40,COMPLETE
198,0.7602005292438001,2025-10-14 02:08:00.861826,2025-10-14 02:08:11.865280,0 days 00:00:11.003454,0.9541219098991993,5,gbdt,0.6662144295815366,0.4872576144063595,0.07423398193211161,0.021400871498200365,9,55,0.04688421020844077,48,COMPLETE
199,0.7608960839545814,2025-10-14 02:08:11.867730,2025-10-14 02:08:24.037562,0 days 00:00:12.169832,0.9045064870907871,6,gbdt,0.6889507845023066,0.11939499881370948,1.1526132431671658,0.023259724809617775,11,49,0.03672198755618026,48,COMPLETE
200,0.7603195568485555,2025-10-14 02:08:24.040276,2025-10-14 02:08:39.776572,0 days 00:00:15.736296,0.8629975854649384,3,gbdt,0.8683418777271209,0.45132767421551456,0.9212178436303015,0.01922399913586882,9,65,0.04059794659273548,40,COMPLETE
201,0.7599495685191575,2025-10-14 02:08:39.779607,2025-10-14 02:09:03.426443,0 days 00:00:23.646836,0.8784029965706749,4,gbdt,0.6546676545599988,0.33475283735128486,0.08239060288252166,0.016342079552849307,11,57,0.03220682319913889,48,COMPLETE
202,0.7618719368565805,2025-10-14 02:09:03.430783,2025-10-14 02:09:21.490630,0 days 00:00:18.059847,0.8918807115016688,4,gbdt,0.6485237146815782,0.32746451294886275,0.6185270917065261,0.017580597800984858,11,55,0.035166868727332865,48,COMPLETE
203,0.7621670921227929,2025-10-14 02:09:21.492754,2025-10-14 02:09:39.586495,0 days 00:00:18.093741,0.8886595412270732,4,gbdt,0.6788172435956152,0.29979178258104716,0.6201395272127521,0.0186732160557017,11,52,0.035370302917826,48,COMPLETE
204,0.761489757429118,2025-10-14 02:09:39.589130,2025-10-14 02:09:59.073644,0 days 00:00:19.484514,0.8904754045120505,4,gbdt,0.6714540733584243,0.2947052164106132,0.7097932555221571,0.018698917132776265,11,52,0.03567570523077179,48,COMPLETE
205,0.7601271328458046,2025-10-14 02:09:59.078707,2025-10-14 02:10:18.702593,0 days 00:00:19.623886,0.8675981447376077,4,gbdt,0.9439889311814491,0.3223661974573069,0.6076077170555527,0.020336718925380574,11,55,0.03742064262292892,48,COMPLETE
206,0.7607117608303567,2025-10-14 02:10:18.705123,2025-10-14 02:10:44.669999,0 days 00:00:25.964876,0.544642629721926,4,gbdt,0.6443777877257735,0.363600122731393,0.6296497478628313,0.011525744940655707,12,52,0.048332177632040216,40,COMPLETE
207,0.761110821240532,2025-10-14 02:10:44.674459,2025-10-14 02:11:02.638204,0 days 00:00:17.963745,0.8516932127843955,6,gbdt,0.662740547272232,0.30367735281423386,0.6808524735973612,0.017815526571001408,10,60,0.015294285939586046,48,COMPLETE
208,0.7620183517129084,2025-10-14 02:11:02.640686,2025-10-14 02:11:29.285582,0 days 00:00:26.644896,0.8991720792454828,4,gbdt,0.6831323278215374,0.34843825380970544,0.4588256970662568,0.010254860423389,11,50,0.03472639967785718,40,COMPLETE
209,0.7617484161355647,2025-10-14 02:11:29.288359,2025-10-14 02:11:58.044067,0 days 00:00:28.755708,0.8992530949563745,4,gbdt,0.9156871354814461,0.34749865476779224,0.7436938743049321,0.008820966114353585,11,50,0.037884380962519046,32,COMPLETE
210,0.7559537977339659,2025-10-14 02:11:58.047335,2025-10-14 02:13:54.868065,0 days 00:01:56.820730,0.8969914541428871,4,dart,0.9195481852811345,0.34737278697444424,0.46040155569947017,0.008651957153992581,11,50,0.03631964706543913,32,COMPLETE
211,0.7617090530924784,2025-10-14 02:13:54.872207,2025-10-14 02:14:23.257797,0 days 00:00:28.385590,0.8873781893102936,4,gbdt,0.9129659966096152,0.37950904931731627,0.744198899169583,0.010422643912153988,11,48,0.03826643396892015,32,COMPLETE
212,0.7614324283347148,2025-10-14 02:14:23.262427,2025-10-14 02:14:56.064117,0 days 00:00:32.801690,0.8876406722307961,4,gbdt,0.9014065000050102,0.3826696823820128,0.5592689863341549,0.008849142731710145,11,48,0.037797999255134454,32,COMPLETE
213,0.7610064801600035,2025-10-14 02:14:56.068466,2025-10-14 02:15:25.183914,0 days 00:00:29.115448,0.9045799442071882,4,gbdt,0.9165574891446993,0.34577069265702914,0.782415445894806,0.00838243796743159,11,51,0.03925292734239374,32,COMPLETE
214,0.7622686090863687,2025-10-14 02:15:25.188639,2025-10-14 02:15:57.191965,0 days 00:00:32.003326,0.8958295311134316,4,gbdt,0.9108276983700146,0.36718337758776876,0.5134130937016282,0.0074903455572006,12,47,0.03826625670576995,32,COMPLETE
215,0.7610419318893109,2025-10-14 02:15:57.194912,2025-10-14 02:16:36.717252,0 days 00:00:39.522340,0.9218306397900651,4,gbdt,0.9128783903449662,0.3230915033412393,0.7397742120452666,0.0073544490269492075,12,54,0.038296979366009475,32,COMPLETE
216,0.7615395416014913,2025-10-14 02:16:36.719763,2025-10-14 02:17:05.925795,0 days 00:00:29.206032,0.8968783909842749,4,gbdt,0.9107084207127865,0.3675044686920254,0.4211910413951376,0.007386838798473263,12,47,0.03530906930422208,32,COMPLETE
217,0.7619149362443892,2025-10-14 02:17:05.930247,2025-10-14 02:17:38.700215,0 days 00:00:32.769968,0.8879477344345078,4,gbdt,0.9312046155167241,0.34710703089669837,0.5332751240182105,0.008074971630599198,11,50,0.037360527455645255,32,COMPLETE
218,0.7625724966685543,2025-10-14 02:17:38.702832,2025-10-14 02:18:12.229231,0 days 00:00:33.526399,0.8865982723807314,4,gbdt,0.9321246821580017,0.3535899189602496,0.5580046689057586,0.007741834115480666,11,50,0.03765865577172149,32,COMPLETE
219,0.7610907085416605,2025-10-14 02:18:12.233252,2025-10-14 02:18:38.134900,0 days 00:00:25.901648,0.9114409908032949,4,gbdt,0.9345522392548948,0.351493667413767,0.5216359176379897,0.0077651392615999135,12,50,0.03675168461344481,32,COMPLETE
220,0.7621670638804032,2025-10-14 02:18:38.137297,2025-10-14 02:19:12.508975,0 days 00:00:34.371678,0.9007086973170404,4,gbdt,0.9376259336976897,0.30591880153017015,0.48218797148964426,0.007386804477993091,11,53,0.037328036386630424,32,COMPLETE
221,0.7613213451128172,2025-10-14 02:19:12.513234,2025-10-14 02:19:45.275525,0 days 00:00:32.762291,0.9020859963755916,4,gbdt,0.9536804125654345,0.316330329318705,0.5062307952291614,0.007043453338786245,11,53,0.036492689394219645,32,COMPLETE
222,0.7603727903567987,2025-10-14 02:19:45.280109,2025-10-14 02:20:17.046315,0 days 00:00:31.766206,0.9316501134517621,4,gbdt,0.9300718513540115,0.2865779209519729,0.5806051618501551,0.0067929242594991545,11,52,0.03772409429257873,24,COMPLETE
223,0.7615109433014586,2025-10-14 02:20:17.050921,2025-10-14 02:20:51.211211,0 days 00:00:34.160290,0.8845741397603601,4,gbdt,0.9261466910670286,0.33837042716791,0.4499641891481021,0.007980190438684004,11,50,0.0397829343258286,32,COMPLETE
224,0.7611941617102399,2025-10-14 02:20:51.215693,2025-10-14 02:21:20.599764,0 days 00:00:29.384071,0.9127950945866633,4,gbdt,0.9413603432383327,0.3012054449352529,0.3462764642498378,0.007633406493973696,11,56,0.035178901274509296,32,COMPLETE
225,0.7610245609800041,2025-10-14 02:21:20.602168,2025-10-14 02:21:52.513620,0 days 00:00:31.911452,0.8936247631815539,4,gbdt,0.9229992846963719,0.3551946292834695,0.556901221877442,0.008101844629562574,12,54,0.038703046849458196,32,COMPLETE
226,0.76128039703058,2025-10-14 02:21:52.516710,2025-10-14 02:22:29.812114,0 days 00:00:37.295404,0.9457671855317159,4,gbdt,0.953791258839082,0.3239454772726807,0.4979686710263015,0.007198984788158376,11,51,0.03770313830270724,32,COMPLETE
227,0.7619114795325588,2025-10-14 02:22:29.816546,2025-10-14 02:23:06.755906,0 days 00:00:36.939360,0.8787133345569047,4,gbdt,0.9340253459143528,0.26271652308709104,0.6097951708229957,0.0067071836756900476,11,49,0.034037090839458925,40,COMPLETE
228,0.7608977506346117,2025-10-14 02:23:06.760213,2025-10-14 02:23:40.333398,0 days 00:00:33.573185,0.9640003844222971,4,gbdt,0.9361705860715034,0.26556728873539936,0.5472131012404607,0.0069887659067587,10,72,0.033895623787255955,40,COMPLETE
229,0.7618242573059899,2025-10-14 02:23:40.335744,2025-10-14 02:24:14.473081,0 days 00:00:34.137337,0.875849785804137,4,gbdt,0.9448629636088581,0.271946387496158,0.5901423714863203,0.007602644673355063,12,46,0.03586603827444175,40,COMPLETE
230,0.7616518041454894,2025-10-14 02:24:14.476143,2025-10-14 02:24:57.808857,0 days 00:00:43.332714,0.8761047493890013,4,gbdt,0.9475397252525682,0.26463547380489477,0.577409149353527,0.006323669850229058,12,46,0.03469918035611588,40,COMPLETE
231,0.761206299889843,2025-10-14 02:24:57.813431,2025-10-14 02:25:32.007729,0 days 00:00:34.194298,0.8799396623676824,4,gbdt,0.9615510175721822,0.2860891109026619,0.4633556807879148,0.007485323858691702,12,49,0.03548013495229785,40,COMPLETE
232,0.7621047960828057,2025-10-14 02:25:32.010895,2025-10-14 02:26:15.422295,0 days 00:00:43.411400,0.8868904234197755,4,gbdt,0.9342028021189794,0.30990430668915314,0.6147425003791682,0.006731404055511048,11,47,0.03358489107247195,40,COMPLETE
233,0.76124814546355,2025-10-14 02:26:15.426921,2025-10-14 02:26:47.289641,0 days 00:00:31.862720,0.886886208982615,4,gbdt,0.9371790606963063,0.3088542123830115,0.6111499630426828,0.0063133709040599974,11,47,0.0328343241326887,40,COMPLETE
234,0.7619885171624302,2025-10-14 02:26:47.294095,2025-10-14 02:27:30.328361,0 days 00:00:43.034266,0.8777514968369476,4,gbdt,0.9401488069970143,0.2556741331967118,0.6238557170634131,0.00644645199812544,11,45,0.036147059330676315,40,COMPLETE
235,0.7623382190775418,2025-10-14 02:27:30.330975,2025-10-14 02:28:09.913049,0 days 00:00:39.582074,0.876073970354373,4,gbdt,0.9391694871811124,0.26850766528027,0.6353444428874976,0.006641665580756889,12,45,0.03637880291198514,40,COMPLETE
236,0.761547276737217,2025-10-14 02:28:09.917478,2025-10-14 02:28:47.434590,0 days 00:00:37.517112,0.8906158858021631,4,gbdt,0.9278704440283652,0.25513828838548125,0.6288358529763162,0.0065170555822408865,11,48,0.03428542504333256,40,COMPLETE
237,0.7609556170466913,2025-10-14 02:28:47.439166,2025-10-14 02:29:23.370362,0 days 00:00:35.931196,0.87291145811353,4,gbdt,0.9418467577757385,0.2445699135986642,0.654624567262943,0.00593129373135083,11,45,0.0310561245181544,24,COMPLETE
238,0.7614372635383254,2025-10-14 02:29:23.373612,2025-10-14 02:30:07.909258,0 days 00:00:44.535646,0.8838476694696372,4,gbdt,0.9490976839185304,0.29176241392446756,0.5144118775532454,0.005466698627575852,11,43,0.03329539701566249,40,COMPLETE
239,0.7603641924526655,2025-10-14 02:30:07.914531,2025-10-14 02:30:43.408438,0 days 00:00:35.493907,0.8992865576361939,4,gbdt,0.9618385327715564,0.31803261946673095,0.6164293909924737,0.006022416866563215,12,45,0.03649168931130038,40,COMPLETE
240,0.7616633892470841,2025-10-14 02:30:43.412954,2025-10-14 02:31:20.831024,0 days 00:00:37.418070,0.8683618703122662,4,gbdt,0.9323141063034792,0.27581920563241225,0.5353845975792833,0.006507198341773837,11,49,0.037028105900253114,40,COMPLETE
241,0.7621584196906899,2025-10-14 02:31:20.833477,2025-10-14 02:32:09.052599,0 days 00:00:48.219122,0.8779311439629235,4,gbdt,0.937868592091152,0.22888042148570265,0.5623002262834917,0.006889655283963617,12,46,0.03627906297304974,40,COMPLETE
242,0.762067991208538,2025-10-14 02:32:09.057064,2025-10-14 02:32:47.764588,0 days 00:00:38.707524,0.8881427127131053,4,gbdt,0.9397340998684776,0.2513273775622723,0.5725650493950504,0.006788569882284244,12,47,0.03507605129322349,40,COMPLETE
243,0.7622659468774072,2025-10-14 02:32:47.769011,2025-10-14 02:33:26.216307,0 days 00:00:38.447296,0.8881213453789751,4,gbdt,0.9405631040577023,0.24771338887523123,0.5851442240510656,0.007067319595084677,12,47,0.03435005275124032,40,COMPLETE
244,0.7626948695811115,2025-10-14 02:33:26.219259,2025-10-14 02:33:58.368884,0 days 00:00:32.149625,0.8929443018093866,4,gbdt,0.9378309611619893,0.24567301949099424,0.590232816193514,0.007176467548774061,12,47,0.03471837150753935,40,COMPLETE
245,0.7611375126154983,2025-10-14 02:33:58.373313,2025-10-14 02:34:43.918436,0 days 00:00:45.545123,0.9061655175229263,4,gbdt,0.940717978215048,0.22522811360914374,0.5842239509903474,0.00696713142932106,12,46,0.033508085774439415,40,COMPLETE
246,0.7615701198493112,2025-10-14 02:34:43.923019,2025-10-14 02:35:17.982578,0 days 00:00:34.059559,0.8915027121221086,4,gbdt,0.9510354619488907,0.2162586739820757,0.4891179223644704,0.006471136689361711,12,47,0.03458243182976957,40,COMPLETE
247,0.7620609477854952,2025-10-14 02:35:17.987006,2025-10-14 02:36:10.880595,0 days 00:00:52.893589,0.8829772553422995,4,gbdt,0.933690239901066,0.23841101087430489,0.5323772010321574,0.006754724687762558,12,48,0.03569585949684877,40,COMPLETE
248,0.7608925078217679,2025-10-14 02:36:10.884698,2025-10-14 02:36:49.192701,0 days 00:00:38.308003,0.6248626679591361,4,gbdt,0.9303622062693566,0.255258917778883,0.5380115187031473,0.006595677922767811,12,49,0.03546246702620279,32,COMPLETE
249,0.7622546060433573,2025-10-14 02:36:49.197175,2025-10-14 02:37:27.847125,0 days 00:00:38.649950,0.8810954131820311,4,gbdt,0.9371895580252049,0.23817443972070232,0.5571552761159952,0.006863281113649209,12,47,0.03415210697710394,40,COMPLETE
250,0.7619696093760782,2025-10-14 02:37:27.851444,2025-10-14 02:38:11.729839,0 days 00:00:43.878395,0.8803696763537217,4,gbdt,0.9403942758287612,0.2376237741379202,0.5652551415914532,0.006748631149707063,12,47,0.03319740832427658,40,COMPLETE
251,0.7608448584183016,2025-10-14 02:38:11.735551,2025-10-14 02:38:49.526730,0 days 00:00:37.791179,0.8827662321618435,4,gbdt,0.9389931251356735,0.22716235861800982,0.5624573368581589,0.00687754264708491,12,47,0.033281244018100134,40,COMPLETE
252,0.7610682495825796,2025-10-14 02:38:49.529877,2025-10-14 02:39:42.387883,0 days 00:00:52.858006,0.8685698421692439,4,gbdt,0.9371265497596444,0.23640597534516178,0.5311876043141985,0.00678605465719809,12,44,0.034310587816101405,40,COMPLETE
253,0.7587209945166973,2025-10-14 02:39:42.391312,2025-10-14 02:40:31.751239,0 days 00:00:49.359927,0.8997605552757258,4,gbdt,0.9676659221507843,0.23711103436402864,0.44008569027910405,0.007168758449291625,12,47,0.032391553595753075,104,COMPLETE
254,0.7554794017839809,2025-10-14 02:40:31.755583,2025-10-14 02:42:42.566967,0 days 00:02:10.811384,0.8773563987684098,4,dart,0.9492852995403451,0.24803138416818715,0.5892176815235616,0.006835324986596439,12,49,0.03142526472520123,40,COMPLETE
255,0.7615849788727866,2025-10-14 02:42:42.571804,2025-10-14 02:43:26.248037,0 days 00:00:43.676233,0.8883571494936346,4,gbdt,0.9276757090468736,0.2098291405862875,0.4913085221138814,0.006153875566415384,12,45,0.03587245421469204,40,COMPLETE
256,0.762022158283143,2025-10-14 02:43:26.250676,2025-10-14 02:44:13.909659,0 days 00:00:47.658983,0.8623846380010441,4,gbdt,0.9352939855014817,0.2674872748910275,0.3966385538326485,0.0072600675489298385,12,48,0.03473789827521319,40,COMPLETE
257,0.7602849898993066,2025-10-14 02:44:13.913764,2025-10-14 02:45:04.391463,0 days 00:00:50.477699,0.8607802356808937,4,gbdt,0.9439950687883751,0.23917922983112536,0.3635161681152737,0.007243719150585801,12,51,0.03475163001968866,88,COMPLETE
258,0.7606289383737195,2025-10-14 02:45:04.396270,2025-10-14 02:45:42.444139,0 days 00:00:38.047869,0.8683656573477917,4,gbdt,0.9228657626592451,0.2613766776621249,0.39727731212251305,0.007805394183288232,12,47,0.03619456012782707,40,COMPLETE
259,0.7613694979346817,2025-10-14 02:45:42.449273,2025-10-14 02:46:23.359017,0 days 00:00:40.909744,0.902786584253779,4,gbdt,0.9570123261376876,0.2064846244950927,0.4804921184990875,0.007171213176551437,12,45,0.029068820367356925,40,COMPLETE
260,0.762638350000645,2025-10-14 02:46:23.361488,2025-10-14 02:47:03.553927,0 days 00:00:40.192439,0.8896856029435857,4,gbdt,0.9377361532287071,0.26023830600366055,0.5439020398305421,0.007401325141163837,12,48,0.03317614876940416,40,COMPLETE
261,0.7612980056840678,2025-10-14 02:47:03.558565,2025-10-14 02:47:53.377472,0 days 00:00:49.818907,0.9208705093869056,4,gbdt,0.9415486082565854,0.2817625297662712,0.5665286005084469,0.005657317793198039,12,48,0.033342841820282534,40,COMPLETE
262,0.7610430065348333,2025-10-14 02:47:53.382217,2025-10-14 02:48:28.443466,0 days 00:00:35.061249,0.8614568791577037,4,gbdt,0.9506309117998614,0.259746359666404,0.6388085698255482,0.0063183900623748025,12,44,0.032699359522613616,40,COMPLETE
263,0.7623576864106254,2025-10-14 02:48:28.446453,2025-10-14 02:49:12.904285,0 days 00:00:44.457832,0.895755068798756,4,gbdt,0.9371601117088344,0.24443281132899533,0.011567454919467347,0.0074903451683188205,12,46,0.03433418069696761,40,COMPLETE
264,0.7617020349150642,2025-10-14 02:49:12.909116,2025-10-14 02:49:48.550813,0 days 00:00:35.641697,0.9063080950287943,4,gbdt,0.9418868515035655,0.22526856305461082,0.026084214858861785,0.007442136089244875,12,46,0.030272485131105704,40,COMPLETE
265,0.7612447289026121,2025-10-14 02:49:48.555342,2025-10-14 02:50:27.434548,0 days 00:00:38.879206,0.8941359032486792,4,gbdt,0.9210994899616052,0.2465072870170178,0.4725829076975432,0.0067959630799202305,12,47,0.03475109694055951,40,COMPLETE
266,0.7605681592321526,2025-10-14 02:50:27.439778,2025-10-14 02:51:01.550329,0 days 00:00:34.110551,0.9117759537280026,4,gbdt,0.9343784480716437,0.22130616446217452,0.5226592833543846,0.007080267271395182,12,51,0.03189044282388491,40,COMPLETE
267,0.7615437984057223,2025-10-14 02:51:01.552947,2025-10-14 02:51:33.818695,0 days 00:00:32.265748,0.8967306713265029,4,gbdt,0.9599440464591866,0.1994494644528479,0.5912048302542738,0.0075710862164091175,12,48,0.0337123130694449,40,COMPLETE
268,0.7613914300457345,2025-10-14 02:51:33.821826,2025-10-14 02:52:15.049442,0 days 00:00:41.227616,0.8811108832702748,4,gbdt,0.9479586754557402,0.27043688828569995,0.004622905541869451,0.006617735743495501,12,45,0.03577309675698972,40,COMPLETE
269,0.7612094298127536,2025-10-14 02:52:15.054139,2025-10-14 02:52:45.197320,0 days 00:00:30.143181,0.8734443841929795,4,gbdt,0.937527037498142,0.24646817293654033,0.6810441273414073,0.0073034626988348625,12,43,0.03484298031805349,40,COMPLETE
270,0.76128420823668,2025-10-14 02:52:45.202938,2025-10-14 02:53:18.708100,0 days 00:00:33.505162,0.8905739587337493,4,gbdt,0.9273240988624836,0.288645524310531,0.40651425615111136,0.0068774183282563316,12,52,0.033781355302247164,32,COMPLETE
271,0.7613261073896347,2025-10-14 02:53:18.713252,2025-10-14 02:53:59.876810,0 days 00:00:41.163558,0.917243236983397,4,gbdt,0.9540298923190622,0.22899448971426176,0.5529721858000624,0.00646012696721553,12,48,0.03559242362458632,40,COMPLETE
272,0.7615470799240833,2025-10-14 02:53:59.881013,2025-10-14 02:54:34.176124,0 days 00:00:34.295111,0.9001848311509107,4,gbdt,0.9224680762173797,0.2699399310584706,0.6456936365078608,0.007806586280309994,12,50,0.03300761816814299,40,COMPLETE
273,0.7539437500337896,2025-10-14 02:54:34.179009,2025-10-14 02:56:32.851618,0 days 00:01:58.672609,0.8835109882585142,4,dart,0.9683126948290712,0.25827793868427407,0.43970566670017525,0.007012666954831922,12,46,0.034442662323238504,32,COMPLETE
274,0.7610904213261176,2025-10-14 02:56:32.855933,2025-10-14 02:57:09.272930,0 days 00:00:36.416997,0.871262082701231,4,gbdt,0.9354125500948903,0.24439078171078715,0.5088097416366724,0.006225767028698314,12,49,0.03669015529915328,40,COMPLETE
275,0.7613451131755586,2025-10-14 02:57:09.277434,2025-10-14 02:57:59.931860,0 days 00:00:50.654426,0.9081949563066462,4,gbdt,0.945905858392321,0.19126741386980006,0.5776533787451109,0.005791324980371135,12,44,0.03558248751023937,40,COMPLETE
276,0.761981858594666,2025-10-14 02:57:59.936359,2025-10-14 02:58:37.363365,0 days 00:00:37.427006,0.8909440442433553,4,gbdt,0.927991049271112,0.2847110114794713,0.06508495202933412,0.0073722066759232706,12,52,0.03471977626829583,32,COMPLETE
277,0.76038922482512,2025-10-14 02:58:37.365864,2025-10-14 02:59:06.357344,0 days 00:00:28.991480,0.8936566031089146,4,gbdt,0.9299460664523866,0.2974808627007411,0.08782091089688587,0.007387988352425423,12,53,0.037119536723458205,16,COMPLETE
278,0.7621299255417677,2025-10-14 02:59:06.361765,2025-10-14 02:59:44.226150,0 days 00:00:37.864385,0.9018787539580888,4,gbdt,0.9198940893638132,0.28844149578938655,0.14848430506398788,0.008007793306018784,12,51,0.03492747806499599,32,COMPLETE
279,0.7610401937196521,2025-10-14 02:59:44.231452,2025-10-14 03:00:13.725445,0 days 00:00:29.493993,0.9051328721485427,4,gbdt,0.9227990274199636,0.27831931850814867,0.1580242768686274,0.007727478872261254,12,51,0.03621113459447507,32,COMPLETE
280,0.7608310664956882,2025-10-14 03:00:13.727834,2025-10-14 03:00:49.319446,0 days 00:00:35.591612,0.9239423846328674,5,gbdt,0.9169538463570888,0.297640520769655,0.4972698833140205,0.008038046191116425,12,49,0.001736230091687085,24,COMPLETE
281,0.7608171532580902,2025-10-14 03:00:49.325635,2025-10-14 03:01:21.490220,0 days 00:00:32.164585,0.9358339899362151,4,gbdt,0.93595009169926,0.25945165087241084,0.2617611742091096,0.007075947885778518,12,42,0.035181799911834635,32,COMPLETE
282,0.7615745534619087,2025-10-14 03:01:21.492979,2025-10-14 03:01:46.113231,0 days 00:00:24.620252,0.5905367066084724,4,gbdt,0.9473066420142933,0.21957744587743191,0.0017793838448565621,0.008152690084452505,12,50,0.03725669255548833,32,COMPLETE
283,0.7612764528307383,2025-10-14 03:01:46.117813,2025-10-14 03:02:13.477024,0 days 00:00:27.359211,0.916359869062784,4,gbdt,0.9075885719892652,0.30319671398523407,0.6657144907037187,0.007619133204211767,12,46,0.035937654298723705,24,COMPLETE
284,0.7609423773097543,2025-10-14 03:02:13.480635,2025-10-14 03:02:48.655489,0 days 00:00:35.174854,0.8840303731701222,3,gbdt,0.9315041938536759,0.27764491861315377,0.22512317579136215,0.006585994083455326,12,44,0.03404537228417121,32,COMPLETE
285,0.7618265509430134,2025-10-14 03:02:48.659866,2025-10-14 03:03:16.386837,0 days 00:00:27.726971,0.899035952338297,4,gbdt,0.9559375462802635,0.25219738747929976,0.09937076298493905,0.007130538366201564,5,75,0.026937782243735914,40,COMPLETE
286,0.7616480512409606,2025-10-14 03:03:16.389294,2025-10-14 03:03:47.631361,0 days 00:00:31.242067,0.8732618068484025,4,gbdt,0.9405479940748221,0.3080745896055603,0.6118012196294677,0.007457067944891056,11,79,0.03887408548933017,40,COMPLETE
287,0.761083353340431,2025-10-14 03:03:47.636026,2025-10-14 03:03:57.980068,0 days 00:00:10.344042,0.9075592693869173,4,gbdt,0.9225942679610964,0.27406614282436387,0.13048455141296617,0.037205902447429356,10,48,0.034915262450340975,40,COMPLETE
288,0.7610809234731272,2025-10-14 03:03:57.982293,2025-10-14 03:04:31.058849,0 days 00:00:33.076556,0.8671271212506475,4,gbdt,0.9483552888590698,0.22845652237377034,0.5371603648699973,0.006254339485490961,12,53,0.031257301494722785,32,COMPLETE
289,0.7550963756365536,2025-10-14 03:04:31.062566,2025-10-14 03:04:46.560560,0 days 00:00:15.497994,0.8873492279406775,4,gbdt,0.9347884830325255,0.20658776803440976,0.44826729016690536,0.008275394731848068,3,50,0.03632808671003478,40,COMPLETE
290,0.761547895561706,2025-10-14 03:04:46.563467,2025-10-14 03:05:22.342991,0 days 00:00:35.779524,0.8970590756235028,4,gbdt,0.9173531886157402,0.2887012629288144,0.048282278677644126,0.00675784139961422,12,52,0.03251093840473951,40,COMPLETE
291,0.7611406966869998,2025-10-14 03:05:22.345858,2025-10-14 03:05:50.009855,0 days 00:00:27.663997,0.8808371968827645,4,gbdt,0.9631584681082441,0.2547245072073806,0.37933564294282135,0.007848928509554329,11,46,0.024504934973632694,32,COMPLETE
292,0.7557404507268489,2025-10-14 03:05:50.014080,2025-10-14 03:07:55.547761,0 days 00:02:05.533681,0.8593167979036854,4,dart,0.9420190770666683,0.23915455475297642,0.32108771969400773,0.007107156774546536,12,48,0.03398591393857244,40,COMPLETE
293,0.7608531843930033,2025-10-14 03:07:55.551853,2025-10-14 03:08:30.820354,0 days 00:00:35.268501,0.9112642598096029,5,gbdt,0.9056099224529045,0.9522159750180252,0.5989861533443769,0.006544266241632488,10,45,0.009918636072421692,32,COMPLETE
294,0.7606187642840482,2025-10-14 03:08:30.822752,2025-10-14 03:09:16.805807,0 days 00:00:45.983055,0.9278946037259717,4,gbdt,0.9532208925336226,0.2676085445362658,0.4813893174462002,0.006828221768559208,11,41,0.03807496375579596,40,COMPLETE
295,0.763102642416201,2025-10-14 03:09:16.811220,2025-10-14 03:09:52.737827,0 days 00:00:35.926607,0.8914428654944726,4,gbdt,0.9268567063432027,0.3137958734824771,0.5229611896081667,0.007403066963318373,12,51,0.03677367572089469,40,COMPLETE
296,0.7604495560852796,2025-10-14 03:09:52.742317,2025-10-14 03:10:21.532082,0 days 00:00:28.789765,0.8991894141274602,4,gbdt,0.8943259428388693,0.3106475568850623,0.533045339302094,0.007533240416116682,12,51,0.037146721428886476,40,COMPLETE
297,0.7616697949929448,2025-10-14 03:10:21.534454,2025-10-14 03:10:52.253186,0 days 00:00:30.718732,0.8903566555267518,4,gbdt,0.9312379260810413,0.32390668551719937,0.47716967310558817,0.00843325066877965,12,53,0.03532470477143433,32,COMPLETE
298,0.762417035193625,2025-10-14 03:10:52.257905,2025-10-14 03:11:30.274730,0 days 00:00:38.016825,0.9143208269055778,3,gbdt,0.9242031727726934,0.30197087430468506,0.4325693848531994,0.007310058336849808,12,50,0.033948898140069995,40,COMPLETE
299,0.7610446943185261,2025-10-14 03:11:30.277147,2025-10-14 03:12:13.419469,0 days 00:00:43.142322,0.9171654478438177,3,gbdt,0.9179670432850212,0.285062402366424,0.21583287814255672,0.007867451831643453,12,48,0.03336515504924283,40,COMPLETE
