number,value,datetime_start,datetime_complete,duration,params_alpha,params_booeval_metricster,params_booster,params_colsample_bytree,params_gamma,params_lambda,params_learning_rate,params_max_depth,params_max_leaves,params_min_child_weight,params_subsample,state
0,0.7407856278871825,2025-10-14 03:09:07.791588,2025-10-14 03:10:40.622948,0 days 00:01:32.831360,0.7080725777960455,rmse,dart,0.8404460046972835,0.04849549260809972,0.041168988591604894,0.007161246859115127,5,16,85,0.9330880728874675,COMPLETE
1,0.7565821831968275,2025-10-14 03:10:40.627734,2025-10-14 03:10:47.742123,0 days 00:00:07.114389,0.29214464853521815,mae,gbtree,0.6557975442608167,0.0228034992108518,0.7327236865873834,0.016738881542579662,7,48,81,0.8059264473611898,COMPLETE
2,0.7520419728488839,2025-10-14 03:10:47.742123,2025-10-14 03:12:09.997574,0 days 00:01:22.255451,0.8083973481164611,rmse,dart,0.9862528132298237,0.004883605700319194,0.6092275383467414,0.02025418890664837,5,16,72,0.9744427686266666,COMPLETE
3,0.7583149672415819,2025-10-14 03:12:10.013768,2025-10-14 03:12:14.675894,0 days 00:00:04.662126,0.5467102793432796,rmse,gbtree,0.8080272084711243,0.048479231388227934,0.3697089110510541,0.04057797837985251,5,88,80,0.6558555380447055,COMPLETE
4,0.739639702453354,2025-10-14 03:12:14.675894,2025-10-14 03:12:19.275710,0 days 00:00:04.599816,0.2713490317738959,mae,gbtree,0.7554709158757928,0.017837666334679463,1.6574750183038587,0.006130028679593762,5,16,35,0.6626651653816322,COMPLETE
5,0.758751427896817,2025-10-14 03:12:19.292335,2025-10-14 03:12:26.225832,0 days 00:00:06.933497,0.7068573438476171,rmse,gbtree,0.9261845713819337,0.03856351733429729,1.4580143360819746,0.048512866970603634,9,32,16,0.5027610585618012,COMPLETE
6,0.7446583634480906,2025-10-14 03:12:26.225832,2025-10-14 03:12:30.791913,0 days 00:00:04.566081,0.6375574713552131,rmse,gbtree,0.8918424713352255,0.023610746258097465,1.774425485152653,0.010711937478224529,4,48,20,0.6625916610133735,COMPLETE
7,0.7553144527889442,2025-10-14 03:12:30.796968,2025-10-14 03:14:06.692278,0 days 00:01:35.895310,0.03142918568673425,mae,dart,0.6431565707973218,0.015717799053816334,1.2728208225275608,0.015587110015023147,7,64,56,0.5127095633720475,COMPLETE
8,0.742633516883425,2025-10-14 03:14:06.711415,2025-10-14 03:14:11.408957,0 days 00:00:04.697542,0.808120379564417,mae,gbtree,0.9718790609370292,0.04357302950938589,1.266807513020847,0.008467752774648963,4,48,83,0.5806106436270022,COMPLETE
9,0.7579733493852936,2025-10-14 03:14:11.429009,2025-10-14 03:15:44.642107,0 days 00:01:33.213098,0.8180147659224931,mae,dart,0.7708431154505025,0.0003476065265595352,1.7214611665126869,0.03936056322262533,6,24,56,0.6139675812709708,COMPLETE
10,0.7595489845077837,2025-10-14 03:15:44.658757,2025-10-14 03:16:01.676845,0 days 00:00:17.018088,0.9638303602413416,rmse,gbtree,0.8921467580828037,0.036216023585876986,1.2244570397217807,0.024836352075448025,10,120,12,0.7876040334076363,COMPLETE
11,0.7600176439282668,2025-10-14 03:16:01.693593,2025-10-14 03:16:18.496316,0 days 00:00:16.802723,0.9627627512009025,rmse,gbtree,0.9070503990803166,0.0365693983053928,1.2806048608676428,0.04941730015974127,10,128,10,0.8015941064312865,COMPLETE
12,0.7596522369914149,2025-10-14 03:16:18.497217,2025-10-14 03:16:34.642162,0 days 00:00:16.144945,0.9952864344724965,rmse,gbtree,0.8731712692233561,0.033984834948173365,1.0237541608433303,0.026097585213276986,10,128,33,0.8223972680035051,COMPLETE
13,0.7587291203924459,2025-10-14 03:16:34.660277,2025-10-14 03:16:49.309144,0 days 00:00:14.648867,0.9994743916401554,rmse,gbtree,0.8457713660217816,0.03324940827133188,0.9368817643276128,0.027992466303747163,9,128,36,0.8626306053400459,COMPLETE
14,0.7620612766985444,2025-10-14 03:16:49.325935,2025-10-14 03:17:02.945166,0 days 00:00:13.619231,0.9100104138316634,rmse,gbtree,0.706761500830221,0.030312920186251178,1.9929993991769481,0.030591295989398117,10,104,32,0.8713160459968019,COMPLETE
15,0.7600593721139883,2025-10-14 03:17:02.952541,2025-10-14 03:17:14.989899,0 days 00:00:12.037358,0.3583902847905419,rmse,gbtree,0.7125657038315838,0.029298411278450343,1.9718295675180606,0.034280158328283704,9,104,27,0.8910376046301659,COMPLETE
16,0.7624905664509831,2025-10-14 03:17:14.996853,2025-10-14 03:17:24.109545,0 days 00:00:09.112692,0.3606791970055566,rmse,gbtree,0.6970036791086917,0.0285369790285674,1.9419942488952606,0.031249814804918247,8,104,45,0.8982393444710524,COMPLETE
17,0.7571274547911548,2025-10-14 03:17:24.116551,2025-10-14 03:17:35.342221,0 days 00:00:11.225670,0.43185778599967684,rmse,gbtree,0.6991427001957295,0.012702641532629837,1.9657232740052826,0.014445251534606672,8,96,42,0.9911995617562123,COMPLETE
18,0.7582277338209915,2025-10-14 03:17:35.342221,2025-10-14 03:19:12.678889,0 days 00:01:37.336668,0.1906860005249757,rmse,dart,0.6060084846502748,0.027124660449549993,1.5611209917708373,0.031378729666731164,8,80,100,0.7413273434269155,COMPLETE
19,0.7600495794664404,2025-10-14 03:19:12.685889,2025-10-14 03:19:22.586816,0 days 00:00:09.900927,0.5297220402342728,rmse,gbtree,0.7146205029914753,0.020705950403729228,1.9902765995575218,0.021238010502752012,8,112,47,0.9087487170731409,COMPLETE
20,0.7544745377075591,2025-10-14 03:19:22.593078,2025-10-14 03:19:32.567656,0 days 00:00:09.974578,0.11196127773788561,rmse,gbtree,0.6688928937053404,0.028218852376752597,1.8022986054914478,0.011425080636275562,9,72,47,0.7303995047845511,COMPLETE
21,0.7608650157740577,2025-10-14 03:19:32.575154,2025-10-14 03:19:45.525782,0 days 00:00:12.950628,0.4097530415257411,rmse,gbtree,0.7253205730194816,0.029910921497630565,1.9832065599439044,0.034273664229619014,9,104,25,0.8832782291690378,COMPLETE
22,0.7594099827072184,2025-10-14 03:19:45.542285,2025-10-14 03:19:56.818213,0 days 00:00:11.275928,0.4402439801600976,rmse,gbtree,0.7574256596814698,0.029222584958385978,1.4711670127686225,0.03890433639081438,8,104,25,0.8579818524992979,COMPLETE
23,0.7597184830099206,2025-10-14 03:19:56.825069,2025-10-14 03:20:08.609092,0 days 00:00:11.784023,0.3820002109687297,rmse,gbtree,0.7315392714582729,0.030472840361985342,1.8562576665743862,0.021339186075628,10,96,64,0.9301927331015785,COMPLETE
24,0.7611904550888389,2025-10-14 03:20:08.609092,2025-10-14 03:20:21.042348,0 days 00:00:12.433256,0.6094934702074953,rmse,gbtree,0.6845326361601665,0.04157825728783479,1.5901413180749038,0.030060959370530008,9,112,26,0.8540503736570288,COMPLETE
25,0.7604330854766974,2025-10-14 03:20:21.050833,2025-10-14 03:20:30.624505,0 days 00:00:09.573672,0.5766909227599273,rmse,gbtree,0.603130957729732,0.04057058106250295,1.6274766911443868,0.029649321586584242,8,112,43,0.9508778839512304,COMPLETE
26,0.7603240555966562,2025-10-14 03:20:30.629531,2025-10-14 03:22:09.659260,0 days 00:01:39.029729,0.8717187217189581,mae,dart,0.6817151894688325,0.04344566329597218,1.4994960306781162,0.024270990628619635,10,88,35,0.8419178765541127,COMPLETE
27,0.7578959571778361,2025-10-14 03:22:09.675566,2025-10-14 03:22:18.015080,0 days 00:00:08.339514,0.6677994223936206,rmse,gbtree,0.6296863469621078,0.0426074127850352,1.7394634556137536,0.018294770001735565,7,112,51,0.7754295418599195,COMPLETE
28,0.7561092711753759,2025-10-14 03:22:18.015080,2025-10-14 03:22:32.042263,0 days 00:00:14.027183,0.2931847216401675,rmse,gbtree,0.7920778778532896,0.03366287291564332,1.830953378236681,0.013778753816600441,9,120,28,0.7122309235479091,COMPLETE
29,0.7597145263962486,2025-10-14 03:22:32.048271,2025-10-14 03:24:24.141115,0 days 00:01:52.092844,0.61114409778631,rmse,dart,0.6880486148294593,0.010620098573602844,0.043783029640267146,0.043153013059209606,6,64,62,0.9267904171333724,COMPLETE
30,0.7627684429166044,2025-10-14 03:24:24.142019,2025-10-14 03:24:37.042226,0 days 00:00:12.900207,0.7523848797549749,rmse,gbtree,0.81680710915471,0.04849204845433535,1.1291423431454384,0.03397955480233873,9,88,40,0.9598482300597748,COMPLETE
31,0.7592331170173041,2025-10-14 03:24:37.042226,2025-10-14 03:24:50.442010,0 days 00:00:13.399784,0.8991762748145775,rmse,gbtree,0.8301990498646461,0.049434566709119526,1.0722657601496386,0.03404028586113402,9,88,40,0.958266434783122,COMPLETE
32,0.7596437398590083,2025-10-14 03:24:50.458940,2025-10-14 03:25:04.132932,0 days 00:00:13.673992,0.7311799155098023,rmse,gbtree,0.7939883848541707,0.046096174371521845,0.8000653383729432,0.029832161643428383,10,80,19,0.8997084744877157,COMPLETE
33,0.7594450165456683,2025-10-14 03:25:04.143204,2025-10-14 03:25:15.598201,0 days 00:00:11.454997,0.744393567166504,rmse,gbtree,0.7438629874336616,0.04635465800202844,0.5706715185063966,0.023987169888507364,7,96,31,0.9964827048543968,COMPLETE
34,0.757537502868085,2025-10-14 03:25:15.604216,2025-10-14 03:25:28.516555,0 days 00:00:12.912339,0.8759845514729357,rmse,gbtree,0.6347164210630478,0.04078508090321099,1.8827862338191728,0.01833051445186728,8,120,39,0.8300687477934423,COMPLETE
35,0.7609981885607918,2025-10-14 03:25:28.524557,2025-10-14 03:25:42.020445,0 days 00:00:13.495888,0.4576412194321463,mae,gbtree,0.6631411298742154,0.024921736025698762,1.6043477632514689,0.03451839564787689,9,104,45,0.9530994624272731,COMPLETE
36,0.7591236372141718,2025-10-14 03:25:42.026612,2025-10-14 03:25:54.442091,0 days 00:00:12.415479,0.6911933589050293,rmse,gbtree,0.7783634556323173,0.046991871370470756,1.128873488015012,0.04379727446493778,10,88,51,0.8658677992777439,COMPLETE
37,0.7443975271900535,2025-10-14 03:25:54.442091,2025-10-14 03:27:36.475298,0 days 00:01:42.033207,0.7894479690359227,rmse,dart,0.8280558431139653,0.020250274590818608,1.3867576642649664,0.005108026975757168,9,80,21,0.9241682381139341,COMPLETE
38,0.7608437906476329,2025-10-14 03:27:36.475298,2025-10-14 03:27:43.811293,0 days 00:00:07.335995,0.493468670253055,mae,gbtree,0.7048931076983627,0.038553365444948556,1.7034574915093408,0.03751508894601656,7,96,62,0.7692874395662324,COMPLETE
39,0.7593993782713993,2025-10-14 03:27:43.811293,2025-10-14 03:27:53.291075,0 days 00:00:09.479782,0.6214536245554529,rmse,gbtree,0.8107217423148216,0.049824095225976237,0.86630554307498,0.02739287751706566,8,112,69,0.9690634132749895,COMPLETE
40,0.7603498174075265,2025-10-14 03:27:53.292196,2025-10-14 03:28:03.309019,0 days 00:00:10.016823,0.2734000165244276,rmse,gbtree,0.7538490089752379,0.02615362811434879,1.3909102965881248,0.044897038728365195,9,72,31,0.8813309351560341,COMPLETE
41,0.7601393635772971,2025-10-14 03:28:03.309019,2025-10-14 03:28:14.375318,0 days 00:00:11.066299,0.47645109119224677,mae,gbtree,0.668030461685223,0.016922055041280998,0.6420078579231243,0.03193686776195633,9,104,46,0.9494079316256769,COMPLETE
42,0.760038669977924,2025-10-14 03:28:14.375318,2025-10-14 03:28:26.095712,0 days 00:00:11.720394,0.34834858599380697,mae,gbtree,0.6581264735094684,0.024364930514106715,1.6529519441309604,0.036374620016494615,10,104,51,0.9123740184431729,COMPLETE
43,0.7591164284903977,2025-10-14 03:28:26.101712,2025-10-14 03:28:38.011030,0 days 00:00:11.909318,0.5643731768911668,mae,gbtree,0.6235431723084144,0.032147049987341685,1.582550699540083,0.02415850964190045,9,120,38,0.9823571230333691,COMPLETE
44,0.761429901197969,2025-10-14 03:28:38.016032,2025-10-14 03:28:49.558932,0 days 00:00:11.542900,0.7594878868761038,mae,gbtree,0.6472781334613329,0.02294903050834319,1.8733255601465832,0.0408363019962578,8,96,16,0.9421595355393256,COMPLETE
45,0.7591546187535835,2025-10-14 03:28:49.558932,2025-10-14 03:29:00.789331,0 days 00:00:11.230399,0.7828958481076008,mae,gbtree,0.6866847095464954,0.03622478381152728,1.9080960593222307,0.047643271184318756,8,88,15,0.8438549009565329,COMPLETE
46,0.7590794880678936,2025-10-14 03:29:00.795903,2025-10-14 03:30:34.308787,0 days 00:01:33.512884,0.9149427232912605,mae,dart,0.8556681858128379,0.021132299797187712,1.7721151659751804,0.04166675188881779,6,96,21,0.8182353149727364,COMPLETE
47,0.7604832205985446,2025-10-14 03:30:34.308787,2025-10-14 03:30:45.309194,0 days 00:00:11.000407,0.8497371461919448,mae,gbtree,0.6460515574374605,0.022822977313495668,1.9050732411783045,0.027567323106564838,7,112,15,0.8752027564633427,COMPLETE
48,0.7458848527398396,2025-10-14 03:30:45.309194,2025-10-14 03:30:54.525046,0 days 00:00:09.215852,0.7532081026996067,rmse,gbtree,0.7393404804020676,0.038324498195555494,1.7113373136247394,0.008732273552160177,8,40,31,0.9388905905750978,COMPLETE
49,0.7612393887838603,2025-10-14 03:30:54.541769,2025-10-14 03:31:05.425631,0 days 00:00:10.883862,0.8284397543805644,rmse,gbtree,0.7744968157211797,0.01876848068593121,0.3990301356400786,0.04017889280961103,10,56,10,0.8028881574631624,COMPLETE
50,0.7606417423289388,2025-10-14 03:31:05.436381,2025-10-14 03:31:16.471501,0 days 00:00:11.035120,0.9374412533523929,rmse,gbtree,0.7742717406563131,0.013487368194339391,0.25429012378802396,0.04015446059962406,10,56,10,0.7090073250167928,COMPLETE
51,0.7603526476861524,2025-10-14 03:31:16.480170,2025-10-14 03:31:26.921007,0 days 00:00:10.440837,0.8339594515149384,rmse,gbtree,0.7215681897508079,0.00943366810532664,0.4129661406068452,0.03116563050798263,10,56,17,0.7965855816983203,COMPLETE
52,0.7596842523920988,2025-10-14 03:31:26.925431,2025-10-14 03:31:36.013504,0 days 00:00:09.088073,0.7083347763424208,rmse,gbtree,0.9442362330259118,0.01793604173210956,0.08524390405398907,0.04908642521710233,10,40,23,0.9009798959939501,COMPLETE
53,0.7599242844678165,2025-10-14 03:31:36.025033,2025-10-14 03:31:48.011429,0 days 00:00:11.986396,0.6476977626871553,rmse,gbtree,0.7010166761835999,0.018198867957614318,1.1919031089852674,0.0366730038130975,8,64,14,0.854396334340602,COMPLETE
54,0.7611000987306602,2025-10-14 03:31:48.017439,2025-10-14 03:32:01.209098,0 days 00:00:13.191659,0.7864181123351945,rmse,gbtree,0.8104951611951783,0.022389916277695845,0.9770560476603434,0.03295914623766974,9,80,28,0.8325682491535105,COMPLETE
55,0.7565734890863149,2025-10-14 03:32:01.209098,2025-10-14 03:32:11.842619,0 days 00:00:10.633521,0.8295935694115069,rmse,gbtree,0.6809734883498725,0.02767062272338722,1.816086037434774,0.022238816496891273,10,56,19,0.5598889260452679,COMPLETE
56,0.7592504501272703,2025-10-14 03:32:11.848101,2025-10-14 03:33:36.707620,0 days 00:01:24.859519,0.18384677736377047,rmse,dart,0.7625837928643109,0.03183073092077101,1.9996183113786374,0.039317659960802186,9,96,34,0.975101107110951,COMPLETE
57,0.7556468682405584,2025-10-14 03:33:36.714313,2025-10-14 03:33:43.174966,0 days 00:00:06.460653,0.9489867293462947,rmse,gbtree,0.615974352095579,0.02629483029167734,1.3569523749309815,0.029492037092814855,10,24,25,0.9114679260767021,COMPLETE
58,0.7587954196765442,2025-10-14 03:33:43.189320,2025-10-14 03:33:55.642415,0 days 00:00:12.453095,0.7644748022106407,mae,gbtree,0.6439158996392444,0.014930633675682268,0.45087271853781563,0.025847346887455217,8,72,13,0.810090877619635,COMPLETE
59,0.7576280780443388,2025-10-14 03:33:55.658842,2025-10-14 03:34:01.007875,0 days 00:00:05.349033,0.525913856370062,rmse,gbtree,0.8795417343193098,0.042196573670828866,1.9157041437306372,0.0454340278089629,4,120,98,0.8851898826926413,COMPLETE
60,0.7601715965505158,2025-10-14 03:34:01.016011,2025-10-14 03:34:14.892344,0 days 00:00:13.876333,0.6845942941020614,rmse,gbtree,0.8566464436240435,0.0445685640754029,0.2675063093746607,0.03493244635807694,9,128,42,0.8538265910833378,COMPLETE
61,0.7585174159271642,2025-10-14 03:34:14.908133,2025-10-14 03:34:28.326120,0 days 00:00:13.417987,0.8120365250776305,rmse,gbtree,0.8286278228052077,0.021979157910675264,0.6843703530765929,0.03254426292293524,9,80,28,0.8329232384423073,COMPLETE
62,0.7588736020013351,2025-10-14 03:34:28.342102,2025-10-14 03:34:41.280717,0 days 00:00:12.938615,0.8721252828323053,rmse,gbtree,0.812122345214109,0.01954123606882533,1.0008701830652431,0.029135221871640214,9,80,36,0.7634909553646042,COMPLETE
63,0.7572148181509596,2025-10-14 03:34:41.289931,2025-10-14 03:34:52.675700,0 days 00:00:11.385769,0.7855932066868649,rmse,gbtree,0.805816311994727,0.024449965642466667,0.9131456046410696,0.04143433010452721,10,88,30,0.789159454818072,COMPLETE
64,0.759197884803214,2025-10-14 03:34:52.675700,2025-10-14 03:35:07.548304,0 days 00:00:14.872604,0.7215593412811486,rmse,gbtree,0.7825829634679646,0.022998574300750117,1.8440841573711944,0.03183530349333089,9,96,24,0.8146392073112328,COMPLETE
65,0.7602677365176256,2025-10-14 03:35:07.552313,2025-10-14 03:35:20.225039,0 days 00:00:12.672726,0.5958033014447552,rmse,gbtree,0.7141751995703546,0.034406986043696616,0.8058359014618531,0.03763984632914619,8,104,17,0.8698371160699163,COMPLETE
66,0.7592900775021723,2025-10-14 03:35:20.225039,2025-10-14 03:35:35.984223,0 days 00:00:15.759184,0.8979701550512726,rmse,gbtree,0.6745537815138546,0.01894043169057532,0.5385583426516154,0.018985055860110574,10,112,27,0.938399429210759,COMPLETE
67,0.7587201143017814,2025-10-14 03:35:35.992077,2025-10-14 03:37:18.561277,0 days 00:01:42.569200,0.8546827915049998,rmse,dart,0.6945012241295065,0.0478984396033459,1.5580929153341998,0.02243158707069053,7,72,37,0.891935983104355,COMPLETE
68,0.7590460146089169,2025-10-14 03:37:18.567525,2025-10-14 03:37:29.675749,0 days 00:00:11.108224,0.9164534095237342,rmse,gbtree,0.7364696699563765,0.02187451066825876,1.102795223026521,0.025932438173899806,9,88,12,0.8413878881573205,COMPLETE
69,0.7601581645804106,2025-10-14 03:37:29.675749,2025-10-14 03:37:40.235668,0 days 00:00:10.559919,0.6597596923819385,mae,gbtree,0.6518220612344591,0.028823670269990942,1.293321458229189,0.034057044347321395,8,96,33,0.9185724474959708,COMPLETE
70,0.758992432149091,2025-10-14 03:37:40.241604,2025-10-14 03:37:53.808611,0 days 00:00:13.567007,0.9711469323253645,rmse,gbtree,0.8477916208597484,0.03076778339722572,1.9405838532995823,0.027566485264711758,10,104,41,0.9622852317818998,COMPLETE
71,0.7600107898321803,2025-10-14 03:37:53.823779,2025-10-14 03:38:05.140277,0 days 00:00:11.316498,0.3115464157250398,mae,gbtree,0.6621877218021277,0.025614068336109554,1.7555374687579848,0.035369607170751244,9,104,46,0.9465897872737163,COMPLETE
72,0.7598192131870354,2025-10-14 03:38:05.142032,2025-10-14 03:38:17.209196,0 days 00:00:12.067164,0.46017587973406926,mae,gbtree,0.820125590074781,0.01625195982542855,1.6676102634056487,0.030795177438767547,9,112,44,0.9872579536046322,COMPLETE
73,0.7589718266180132,2025-10-14 03:38:17.209196,2025-10-14 03:38:22.368154,0 days 00:00:05.158958,0.4069954433399485,mae,gbtree,0.7922656325646595,0.027185468701888437,1.5031370761507852,0.03309223335941322,5,88,59,0.8983635767243028,COMPLETE
74,0.7620316993105618,2025-10-14 03:38:22.375826,2025-10-14 03:38:32.481933,0 days 00:00:10.106107,0.3563198424336462,mae,gbtree,0.6332916816661367,0.024271838201883753,1.6127817356179421,0.03896367164308857,9,96,55,0.9234010692824288,COMPLETE
75,0.7602373071499628,2025-10-14 03:38:32.491161,2025-10-14 03:38:41.262118,0 days 00:00:08.770957,0.2182680809237307,mae,gbtree,0.6366146046881276,0.023597033360314545,1.8509760963683088,0.04596426036030985,8,96,50,0.8280024031372817,COMPLETE
76,0.7616671193732417,2025-10-14 03:38:41.262118,2025-10-14 03:38:50.962164,0 days 00:00:09.700046,0.33243243537164485,rmse,gbtree,0.6068604721538448,0.0008023304400043008,1.4285613485195092,0.03947256816207549,9,80,55,0.9301176734920767,COMPLETE
77,0.7626395707827786,2025-10-14 03:38:50.974825,2025-10-14 03:39:02.047494,0 days 00:00:11.072669,0.3424877392536577,mae,gbtree,0.6180777823336109,0.0006131463481602393,1.4347871868453177,0.03837417331645689,10,88,55,0.9314084971806327,COMPLETE
78,0.7614903212983324,2025-10-14 03:39:02.053726,2025-10-14 03:39:12.141406,0 days 00:00:10.087680,0.34516890173470843,mae,gbtree,0.6097586718159814,0.0008321533342186401,1.425289822936893,0.04112193788909841,10,88,54,0.9337003607110357,COMPLETE
79,0.7595456542384891,2025-10-14 03:39:12.150071,2025-10-14 03:41:00.725917,0 days 00:01:48.575846,0.34125312065280344,mae,dart,0.6141929831356936,0.0037386407635721236,1.3398480337486955,0.043613786185994846,10,88,56,0.9349729074329325,COMPLETE
80,0.7609973435734062,2025-10-14 03:41:00.749911,2025-10-14 03:41:13.421827,0 days 00:00:12.671916,0.38250603903981195,mae,gbtree,0.6015845892084967,0.00041685846770094306,1.1910995556405752,0.047079400340596544,10,80,54,0.9978950690704307,COMPLETE
81,0.7633160038849309,2025-10-14 03:41:13.424960,2025-10-14 03:41:25.230775,0 days 00:00:11.805815,0.21961004975179962,mae,gbtree,0.623949907217607,0.0024014294596317806,1.4368560880016814,0.03896374058409432,10,88,54,0.923223825640537,COMPLETE
82,0.7626407337284878,2025-10-14 03:41:25.242406,2025-10-14 03:41:37.981450,0 days 00:00:12.739044,0.24606899462959453,mae,gbtree,0.6272911631880937,0.0019661357068006024,1.4356194468231036,0.038397266063980626,10,96,66,0.9694840977099691,COMPLETE
83,0.7612461304548306,2025-10-14 03:41:37.991330,2025-10-14 03:41:49.741859,0 days 00:00:11.750529,0.22943931794166608,mae,gbtree,0.6195141250484305,0.0030271347437227543,1.4143618902702342,0.037596825954406055,10,88,70,0.9689709093445831,COMPLETE
84,0.761839445855395,2025-10-14 03:41:49.741859,2025-10-14 03:42:02.429946,0 days 00:00:12.688087,0.31602943725686405,mae,gbtree,0.6285209704561663,0.007079448066012939,1.526295896061972,0.03806735670330704,10,88,76,0.9274912861923384,COMPLETE
85,0.7632127550600416,2025-10-14 03:42:02.442397,2025-10-14 03:42:13.457920,0 days 00:00:11.015523,0.12445331906218679,mae,gbtree,0.6282787026901864,0.006311841485931546,1.5065606587685463,0.03841592243143158,10,80,74,0.9182031926123713,COMPLETE
86,0.7620479771799076,2025-10-14 03:42:13.458808,2025-10-14 03:42:25.675657,0 days 00:00:12.216849,0.12232481395381978,mae,gbtree,0.6295060434484206,0.006866266856417449,1.47609828881446,0.03573022237911141,10,96,78,0.9194263927271468,COMPLETE
87,0.7617535405159728,2025-10-14 03:42:25.693761,2025-10-14 03:42:36.973593,0 days 00:00:11.279832,0.07362627757803147,mae,gbtree,0.6351021829729273,0.006742975601550197,1.2376984761917114,0.035524494377029106,10,96,87,0.9595217994113876,COMPLETE
88,0.7606565365736127,2025-10-14 03:42:36.975469,2025-10-14 03:42:47.650927,0 days 00:00:10.675458,0.13232983082336847,mae,gbtree,0.6274599238143134,0.0023155388652295154,1.458704631290921,0.04999082226223829,10,96,78,0.9070151386391258,COMPLETE
89,0.7605928236854637,2025-10-14 03:42:47.658975,2025-10-14 03:42:59.892716,0 days 00:00:12.233741,0.023213925444603947,mae,gbtree,0.6393106241090647,0.005740537956530064,1.5341476182080527,0.0431122147475282,10,104,65,0.9156053584678193,COMPLETE
90,0.7573407233094399,2025-10-14 03:42:59.905110,2025-10-14 03:43:13.192289,0 days 00:00:13.287179,0.14561735330137413,mae,gbtree,0.6560008472005452,0.008302294831297574,1.3167324725903544,0.013681734726503266,10,80,74,0.9818713585252723,COMPLETE
91,0.7620406160881482,2025-10-14 03:43:13.202533,2025-10-14 03:43:25.225773,0 days 00:00:12.023240,0.061342064070545065,mae,gbtree,0.6244697445408695,0.004233970665068097,1.5116742043055158,0.03803388868752998,10,88,86,0.9239863785575346,COMPLETE
92,0.7619603035461545,2025-10-14 03:43:25.225773,2025-10-14 03:43:36.675926,0 days 00:00:11.450153,0.049310280814332,mae,gbtree,0.6000784408075166,0.004569504015788393,1.6004325487516229,0.03629295260340697,10,96,67,0.9508237703410818,COMPLETE
93,0.7606322198006954,2025-10-14 03:43:36.675926,2025-10-14 03:43:48.516335,0 days 00:00:11.840409,0.09382403932543454,mae,gbtree,0.6208355625554838,0.0018813255641612202,1.6590877177154324,0.028870603545493426,10,88,83,0.8897619820013704,COMPLETE
94,0.7605169323806,2025-10-14 03:43:48.524391,2025-10-14 03:43:59.542682,0 days 00:00:11.018291,0.16103904944236538,mae,gbtree,0.6722778855572272,0.01057340387969917,1.4670772226029118,0.043644423728926324,10,88,90,0.9713134712265123,COMPLETE
95,0.7609551153545551,2025-10-14 03:43:59.542682,2025-10-14 03:44:12.708091,0 days 00:00:13.165409,0.2617482833905301,mae,gbtree,0.6511281820971011,0.004674616352595578,1.3716704741253463,0.03287817908258047,10,104,80,0.9006584459217924,COMPLETE
96,0.7622028907295663,2025-10-14 03:44:12.708091,2025-10-14 03:44:25.387319,0 days 00:00:12.679228,0.23532157701787648,mae,gbtree,0.613863120172437,0.005980285627322279,1.2551600592749623,0.037246861592477046,10,96,58,0.9199122031977753,COMPLETE
97,0.7609612167234542,2025-10-14 03:44:25.392751,2025-10-14 03:46:28.199943,0 days 00:02:02.807192,0.002726573714645311,mae,dart,0.6166084124073445,0.005978574650015453,1.2616709312085541,0.030826626262125498,10,72,61,0.6429417918610711,COMPLETE
98,0.7619608745995866,2025-10-14 03:46:28.206944,2025-10-14 03:46:41.442543,0 days 00:00:13.235599,0.2460174746048338,mae,gbtree,0.6268309654887076,0.008001853185709833,1.160323685842851,0.036650257357041284,10,96,58,0.8799351830597424,COMPLETE
99,0.7614487544818055,2025-10-14 03:46:41.442543,2025-10-14 03:46:54.747156,0 days 00:00:13.304613,0.21591087152178295,mae,gbtree,0.645654460226907,0.0017107306191154088,1.0683056123590549,0.03411813967663336,10,104,48,0.961307861685288,COMPLETE
100,0.7611478245754806,2025-10-14 03:46:54.751681,2025-10-14 03:47:06.358844,0 days 00:00:11.607163,0.18543359444020263,mae,gbtree,0.6101780328225717,0.0037373588645067406,1.3138076146391562,0.041541885753584265,10,80,93,0.9440853542980134,COMPLETE
101,0.7616934869453403,2025-10-14 03:47:06.367069,2025-10-14 03:47:20.051657,0 days 00:00:13.684588,0.28242886793660227,mae,gbtree,0.6338213590092723,0.003348712336943647,1.475656517717153,0.03914026296945179,10,96,49,0.9194473489445982,COMPLETE
102,0.7617108703491826,2025-10-14 03:47:20.057672,2025-10-14 03:47:31.858919,0 days 00:00:11.801247,0.08400626464005005,mae,gbtree,0.6223999277391673,0.005284059165015308,1.5424713326158623,0.038564867711914676,10,96,72,0.9223082893642213,COMPLETE
103,0.7619796502159173,2025-10-14 03:47:31.874330,2025-10-14 03:47:43.425374,0 days 00:00:11.551044,0.1082433452451578,mae,gbtree,0.6398030234256064,0.01224855350864804,1.3859742836488635,0.04228844302008322,10,88,64,0.9087038990649027,COMPLETE
104,0.7638603446499435,2025-10-14 03:47:43.440328,2025-10-14 03:47:56.558690,0 days 00:00:13.118362,0.12734537736853208,mae,gbtree,0.6636371114832225,0.0024413287883050493,1.628472451981166,0.035962471748043,10,104,53,0.8971619038015882,COMPLETE
105,0.760945088298252,2025-10-14 03:47:56.558690,2025-10-14 03:48:09.942207,0 days 00:00:13.383517,0.19857305328390767,mae,gbtree,0.6631143042773131,0.0024602039051999816,1.49727431628623,0.03667420856647965,10,104,53,0.8652850775270637,COMPLETE
106,0.7612847915688132,2025-10-14 03:48:09.942207,2025-10-14 03:48:23.808854,0 days 00:00:13.866647,0.12440907569999395,mae,gbtree,0.675399734453427,0.00019252721210809808,1.6910721966148465,0.03516965357333827,10,112,52,0.8950243402876845,COMPLETE
107,0.7607041488747451,2025-10-14 03:48:23.808854,2025-10-14 03:48:35.858377,0 days 00:00:12.049523,0.1649269086845438,mae,gbtree,0.656698186004853,0.008641436391073305,1.204656389079732,0.03229313308770985,10,88,60,0.8795069322902185,COMPLETE
108,0.7605253828728038,2025-10-14 03:48:35.859377,2025-10-14 03:48:48.794622,0 days 00:00:12.935245,0.0660262077114242,mae,gbtree,0.706451042178145,0.0068547881984262595,1.4248489716205126,0.045279452688657754,10,104,58,0.9785892805994689,COMPLETE
109,0.7533170536779809,2025-10-14 03:48:48.800621,2025-10-14 03:49:01.775729,0 days 00:00:12.975108,0.25329612824215664,mae,gbtree,0.611053139926595,0.004152500304684038,1.2587665775492933,0.00969475146099334,10,80,83,0.9076069224058855,COMPLETE
110,0.760750827812093,2025-10-14 03:49:01.791937,2025-10-14 03:49:14.828705,0 days 00:00:13.036768,0.15757416963481502,mae,gbtree,0.6475819113982573,0.010376622330023004,1.5734636864649911,0.03052197635538168,10,104,67,0.9394724342209707,COMPLETE
111,0.7624427342279675,2025-10-14 03:49:14.841865,2025-10-14 03:49:27.209003,0 days 00:00:12.367138,0.40170062207047635,mae,gbtree,0.631198434470608,0.0015061430991610376,1.6276558637481184,0.03862510194478822,9,96,58,0.9532522284370885,COMPLETE
112,0.7613653220628411,2025-10-14 03:49:27.209003,2025-10-14 03:49:38.575478,0 days 00:00:11.366475,0.3916826724512385,mae,gbtree,0.6919804213888193,0.0014640679554112413,1.7394393118960811,0.034315585898797046,9,96,86,0.9495817813816494,COMPLETE
113,0.7630477379043314,2025-10-14 03:49:38.575478,2025-10-14 03:49:52.358673,0 days 00:00:13.783195,0.2995488974124773,mae,gbtree,0.6279303672094707,0.0030175365530045782,1.6377860886736113,0.037197819973746236,10,96,57,0.9563166183187379,COMPLETE
114,0.7630548785934367,2025-10-14 03:49:52.358673,2025-10-14 03:50:05.375638,0 days 00:00:13.016965,0.2968698259801771,mae,gbtree,0.6652768190090822,0.005819022549218119,1.6321913782589736,0.04071156559799165,10,96,64,0.9657968953819369,COMPLETE
115,0.7618058747177584,2025-10-14 03:50:05.375638,2025-10-14 03:50:17.708876,0 days 00:00:12.333238,0.30789234398092685,mae,gbtree,0.670699291447379,0.0028997163575271165,1.78574832339241,0.0472024118191362,9,112,57,0.9654163293073218,COMPLETE
116,0.7622298104602689,2025-10-14 03:50:17.708876,2025-10-14 03:50:30.901838,0 days 00:00:13.192962,0.28484441437577,mae,gbtree,0.6818542029622152,1.8196835557641577e-05,1.7093935938751401,0.0405900442670638,10,104,62,0.992893156067489,COMPLETE
117,0.7619019359155095,2025-10-14 03:50:30.909127,2025-10-14 03:50:43.442396,0 days 00:00:12.533269,0.42853283523809393,mae,gbtree,0.6652482051312273,3.915425753478821e-05,1.660507751465192,0.04031114395235044,10,96,63,0.9997814590913869,COMPLETE
118,0.7611280330855477,2025-10-14 03:50:43.458597,2025-10-14 03:50:56.987026,0 days 00:00:13.528429,0.3668042560328949,mae,gbtree,0.6824980546952552,0.0013421036720546809,1.6334464510347315,0.042371152738323405,10,104,61,0.9592081169808963,COMPLETE
119,0.7588708945441642,2025-10-14 03:50:56.995990,2025-10-14 03:51:10.722775,0 days 00:00:13.726785,0.29524335954822967,mae,gbtree,0.6535138594123489,0.005489090453914291,1.5772038474159094,0.01627867229572916,9,104,67,0.9891089896739248,COMPLETE
120,0.7484650053150186,2025-10-14 03:51:10.728239,2025-10-14 03:52:57.853800,0 days 00:01:47.125561,0.23307338924481522,mae,dart,0.6401803645129635,0.0027450219663691967,1.6824644714246766,0.006630679121902623,7,96,60,0.983411095997326,COMPLETE
121,0.7607625320726592,2025-10-14 03:52:57.859169,2025-10-14 03:53:08.955639,0 days 00:00:11.096470,0.3239440387076174,mae,gbtree,0.6174456692657075,0.0016420979115866342,1.7233114878396212,0.03347403705017712,10,104,65,0.9734191283417933,COMPLETE
122,0.7601495209969179,2025-10-14 03:53:08.963350,2025-10-14 03:53:20.525564,0 days 00:00:11.562214,0.28772800419815464,mae,gbtree,0.6943614496883994,0.002569142991508181,1.9450323763660262,0.0402147646655752,10,112,56,0.9531365418122896,COMPLETE
123,0.7624265871262426,2025-10-14 03:53:20.546624,2025-10-14 03:53:32.508375,0 days 00:00:11.961751,0.27265554023404115,mae,gbtree,0.7242936162896432,0.0010368526142625258,1.7923698070271383,0.03729540739827356,10,96,52,0.9405836663241444,COMPLETE
124,0.7613552365198726,2025-10-14 03:53:32.515522,2025-10-14 03:53:44.509115,0 days 00:00:11.993593,0.26710626104028595,mae,gbtree,0.7206731980433115,0.0035141680828505656,1.8163822396025555,0.03735401580391851,10,96,51,0.9374897476841416,COMPLETE
125,0.7610281861130936,2025-10-14 03:53:44.509115,2025-10-14 03:53:55.675548,0 days 00:00:11.166433,0.21261774020756355,mae,gbtree,0.6816127804338069,0.0009736684108831604,1.624495482380081,0.044350228690752155,10,88,58,0.9711513779347518,COMPLETE
126,0.7631476424754229,2025-10-14 03:53:55.692148,2025-10-14 03:54:06.597946,0 days 00:00:10.905798,0.24163504162791793,mae,gbtree,0.6047995721685223,0.004744405716181564,1.7495344460483502,0.039218041205903414,10,88,53,0.9453877177296253,COMPLETE
127,0.7591066834752538,2025-10-14 03:54:06.605943,2025-10-14 03:54:17.525539,0 days 00:00:10.919596,0.2944255541146313,mae,gbtree,0.6044016112007666,6.1045904857609e-05,1.774609899181276,0.0402993647115188,10,88,53,0.988281395313072,COMPLETE
128,0.7606529421749092,2025-10-14 03:54:17.539909,2025-10-14 03:54:27.058310,0 days 00:00:09.518401,0.2638834312711377,mae,gbtree,0.6452913394116662,0.0022138734406757627,1.701893974316248,0.04602063070917584,9,80,49,0.9540370897975623,COMPLETE
129,0.7611668508402534,2025-10-14 03:54:27.074359,2025-10-14 03:54:33.258042,0 days 00:00:06.183683,0.3700699484976648,mae,gbtree,0.6586499331268013,0.004464016138691147,1.8731172325092629,0.042731032833804444,6,88,44,0.9465632654347023,COMPLETE
130,0.7619262706628411,2025-10-14 03:54:33.261612,2025-10-14 03:54:44.196938,0 days 00:00:10.935326,0.40627779203710246,mae,gbtree,0.6324252514895085,0.0011405107748783208,1.8047647062635077,0.03880891618939065,10,88,47,0.9321247316743324,COMPLETE
131,0.7623900648236173,2025-10-14 03:54:44.202960,2025-10-14 03:54:54.327137,0 days 00:00:10.124177,0.23265979245960797,mae,gbtree,0.6100032443676767,0.005853762226918925,1.7391923485362404,0.03537457324155787,10,96,63,0.9641327740271453,COMPLETE
132,0.7601239906245221,2025-10-14 03:54:54.327137,2025-10-14 03:55:05.031716,0 days 00:00:10.704579,0.3073089914961411,mae,gbtree,0.6070606244184532,0.004933900015727433,1.6110891846975033,0.03429409803966986,10,96,69,0.9655710731979618,COMPLETE
133,0.7607078100954844,2025-10-14 03:55:05.036005,2025-10-14 03:55:15.502772,0 days 00:00:10.466767,0.20287420038758572,mae,gbtree,0.620616856535171,0.0074750051162376235,1.7496507144777567,0.03606841127564703,10,96,63,0.978155785010275,COMPLETE
134,0.7603681457581676,2025-10-14 03:55:15.510294,2025-10-14 03:55:26.021930,0 days 00:00:10.511636,0.24503131879149337,mae,gbtree,0.6005133252900634,0.0037545404256681004,1.7238597427264037,0.03174725549651421,10,88,55,0.9415245327192965,COMPLETE
135,0.7590473850416602,2025-10-14 03:55:26.029790,2025-10-14 03:55:39.658842,0 days 00:00:13.629052,0.33323123298629514,mae,gbtree,0.8373547023451298,0.009376442243571963,1.557996947045184,0.038465753847447576,10,104,40,0.9587167001341049,COMPLETE
136,0.7625604407338913,2025-10-14 03:55:39.661282,2025-10-14 03:55:49.277758,0 days 00:00:09.616476,0.2781365475105672,mae,gbtree,0.6279089528263503,0.0028928507889962114,1.6539303499592668,0.03564288296511691,10,80,62,0.9315191826852333,COMPLETE
137,0.762279311350143,2025-10-14 03:55:49.293420,2025-10-14 03:55:59.078182,0 days 00:00:09.784762,0.17796186583738965,mae,gbtree,0.6269623178142794,0.005933917236688315,1.6535249538264685,0.03520849682738438,10,80,53,0.9301123364986116,COMPLETE
138,0.7608229749460504,2025-10-14 03:55:59.091044,2025-10-14 03:57:43.040447,0 days 00:01:43.949403,0.2488832194172824,mae,dart,0.6389320060488298,0.03985360608291996,1.6325586578763875,0.032963323402858784,10,72,60,0.9442104226767637,COMPLETE
139,0.7574824509795248,2025-10-14 03:57:43.042464,2025-10-14 03:57:53.207718,0 days 00:00:10.165254,0.35068418377275673,mae,gbtree,0.9982435281818297,0.00254484930340399,1.5888464997403486,0.036726220089512165,9,88,66,0.5272488512394806,COMPLETE
140,0.7629689271374824,2025-10-14 03:57:53.224752,2025-10-14 03:58:03.957248,0 days 00:00:10.732496,0.32033027061632646,mae,gbtree,0.7480865826100915,0.005003972777527291,1.526005110442126,0.028897103003499455,10,80,70,0.9110869333048855,COMPLETE
141,0.7614736940801153,2025-10-14 03:58:03.959006,2025-10-14 03:58:13.993320,0 days 00:00:10.034314,0.27425234097743134,mae,gbtree,0.6165363287490152,0.005218120546061379,1.507779232107264,0.028401725156321816,10,80,69,0.9101150511271168,COMPLETE
142,0.7614112107705389,2025-10-14 03:58:14.000319,2025-10-14 03:58:23.895867,0 days 00:00:09.895548,0.3113894707291376,mae,gbtree,0.6241534629643019,0.00331704574646416,1.5499248004123338,0.0355518316506226,10,80,72,0.9317038843952897,COMPLETE
143,0.7617732108410107,2025-10-14 03:58:23.907990,2025-10-14 03:58:34.709025,0 days 00:00:10.801035,0.32609470753923375,mae,gbtree,0.7520388907007317,0.034815679890500384,1.7799442136450256,0.03365362785114521,10,72,70,0.9542906168015063,COMPLETE
144,0.7610139539211637,2025-10-14 03:58:34.709025,2025-10-14 03:58:44.507748,0 days 00:00:09.798723,0.3821395768029085,mae,gbtree,0.6105728251526,0.004379164937826044,1.4468950968972667,0.03010019700212949,10,80,73,0.9011927971634028,COMPLETE
145,0.761690986670768,2025-10-14 03:58:44.507748,2025-10-14 03:58:56.258798,0 days 00:00:11.751050,0.23039627536512983,mae,gbtree,0.732449934439534,0.006496778002223618,1.687017633122075,0.03180773635606534,10,88,57,0.9639444887101892,COMPLETE
146,0.7617957887041179,2025-10-14 03:58:56.274566,2025-10-14 03:59:08.058564,0 days 00:00:11.783998,0.2669725403691251,mae,gbtree,0.7198178703112592,0.00189247437548184,1.5259832229528065,0.03748685308519522,10,96,50,0.9415904529576506,COMPLETE
147,0.7622280218822088,2025-10-14 03:59:08.067162,2025-10-14 03:59:17.996848,0 days 00:00:09.929686,0.4325239792148505,mae,gbtree,0.7009398891176571,0.003517922174718989,1.6063515138756352,0.04190831904968705,10,64,62,0.9148128689078906,COMPLETE
148,0.761799374409811,2025-10-14 03:59:18.003008,2025-10-14 03:59:29.075384,0 days 00:00:11.072376,0.5094614166554358,mae,gbtree,0.6336809529367428,0.001261931419656973,1.848160690849301,0.03853101873193601,10,96,64,0.8885680262155424,COMPLETE
149,0.7605791556345115,2025-10-14 03:59:29.092256,2025-10-14 03:59:38.975316,0 days 00:00:09.883060,0.30042588977842843,mae,gbtree,0.6492850538381296,0.004901099990591293,1.6639808025690448,0.03438116097607949,9,80,52,0.9311038710196176,COMPLETE
150,0.7625365150133038,2025-10-14 03:59:38.975316,2025-10-14 03:59:50.325457,0 days 00:00:11.350141,0.35510461494220935,mae,gbtree,0.7615313776246967,0.007732042314279724,1.9057522223281995,0.02707870997191677,10,88,76,0.9735230492558257,COMPLETE
151,0.7601428663807164,2025-10-14 03:59:50.342148,2025-10-14 04:00:01.016970,0 days 00:00:10.674822,0.355569280428434,mae,gbtree,0.7639905498860284,0.007179755012866319,1.895449038933692,0.03595652433131341,10,88,77,0.9796427839501299,COMPLETE
152,0.7613358507959134,2025-10-14 04:00:01.025574,2025-10-14 04:00:12.421769,0 days 00:00:11.396195,0.33649405606329286,mae,gbtree,0.7407035609450426,0.007831124351121052,1.9331305002898764,0.028933961933012273,10,88,71,0.9697021859953049,COMPLETE
153,0.7604572869191987,2025-10-14 04:00:12.425389,2025-10-14 04:00:23.683775,0 days 00:00:11.258386,0.39257066246390804,mae,gbtree,0.7809886062103241,0.002903350937449343,1.3944902820321636,0.02628433297488323,10,88,68,0.9528528024084065,COMPLETE
154,0.7616958144226401,2025-10-14 04:00:23.693854,2025-10-14 04:00:34.125095,0 days 00:00:10.431241,0.19412044917322352,mae,gbtree,0.7558738367499742,0.00911468300574788,1.7497880098181195,0.026769980533668167,10,96,76,0.948479081640209,COMPLETE
155,0.7609324377303218,2025-10-14 04:00:34.128463,2025-10-14 04:00:45.442313,0 days 00:00:11.313850,0.32575275534843334,mae,gbtree,0.7264978722799516,0.005335757625763354,1.82163714328873,0.03949434038872252,10,96,74,0.9613249361066079,COMPLETE
156,0.7609017861930457,2025-10-14 04:00:45.449286,2025-10-14 04:00:55.241269,0 days 00:00:09.791983,0.14248480492661067,mae,gbtree,0.958113976154276,0.01204714973891112,1.4682015456590511,0.031272166944601165,8,88,55,0.9246848166682942,COMPLETE
157,0.7604898734292926,2025-10-14 04:00:55.254496,2025-10-14 04:01:06.345725,0 days 00:00:11.091229,0.28133657460925593,mae,gbtree,0.7662314502389461,0.004042968156036759,1.8925071737862844,0.03287867400221268,10,80,42,0.9383328317147273,COMPLETE
158,0.7607350612277821,2025-10-14 04:01:06.347525,2025-10-14 04:01:16.350045,0 days 00:00:10.002520,0.22165315293912785,mae,gbtree,0.7112520896431813,0.001988868459444036,1.9620751003074317,0.041006407102988876,10,72,59,0.9012012946427708,COMPLETE
159,0.759868345807985,2025-10-14 04:01:16.356055,2025-10-14 04:01:28.875944,0 days 00:00:12.519889,0.3660591349096877,mae,gbtree,0.7485186087881892,0.0011671082621069247,1.5592596056974906,0.023261660570495033,10,96,45,0.9734213639120681,COMPLETE
160,0.759438269534262,2025-10-14 04:01:28.898632,2025-10-14 04:01:38.958189,0 days 00:00:10.059557,0.24788317757493372,mae,gbtree,0.7991723987312446,0.006142817334368359,1.6373092117056998,0.037372655662580044,10,80,65,0.6929122014312545,COMPLETE
161,0.7622094281235081,2025-10-14 04:01:38.973675,2025-10-14 04:01:48.991197,0 days 00:00:10.017522,0.17170209237853354,mae,gbtree,0.6262896959636581,0.006195076485732252,1.3459917013847622,0.035373404650211465,10,80,53,0.926663001858725,COMPLETE
162,0.7636876977680421,2025-10-14 04:01:48.991197,2025-10-14 04:01:59.342979,0 days 00:00:10.351782,0.1879432789006828,mae,gbtree,0.6291128948493605,0.003034379179346914,1.6525620289456577,0.03515287709346691,10,80,57,0.9166442864071103,COMPLETE
163,0.7604144383943813,2025-10-14 04:01:59.348991,2025-10-14 04:02:10.959279,0 days 00:00:11.610288,0.10129976797002027,mae,gbtree,0.8216013813700682,0.0031350276235780584,1.6990998183523278,0.04375533710833919,10,88,56,0.915943296456596,COMPLETE
164,0.7566805759368683,2025-10-14 04:02:10.959279,2025-10-14 04:02:15.457995,0 days 00:00:04.498716,0.19975988723242918,mae,gbtree,0.61462602198807,0.045394594141266155,1.78152599194025,0.03916383038626186,10,16,80,0.9459846016199017,COMPLETE
165,0.7602304580934547,2025-10-14 04:02:15.474332,2025-10-14 04:02:25.458443,0 days 00:00:09.984111,0.2591379943864952,mae,gbtree,0.631613447835913,0.0020315923879913956,1.5923083802487745,0.033158848929299774,10,72,60,0.9060982752268726,COMPLETE
166,0.7621027153127473,2025-10-14 04:02:25.474782,2025-10-14 04:02:35.547579,0 days 00:00:10.072797,0.29903713360525735,mae,gbtree,0.6171729182528229,0.004335729447323088,1.8486517424389988,0.03690416707655244,10,80,50,0.9583970631687465,COMPLETE
167,0.7609580874373846,2025-10-14 04:02:35.557714,2025-10-14 04:04:22.975357,0 days 00:01:47.417643,0.22778259690687136,mae,dart,0.6427527683356474,0.0007462970434753845,1.498394631032438,0.03470654882896207,10,96,57,0.8922816242397694,COMPLETE
168,0.760329348844687,2025-10-14 04:04:22.992913,2025-10-14 04:04:33.675705,0 days 00:00:10.682792,0.4158994448095105,mae,gbtree,0.6065931291939238,0.014682629661793602,1.7270629780186386,0.030843060478914514,10,88,62,0.9355724308153764,COMPLETE
169,0.760128060621738,2025-10-14 04:04:33.675705,2025-10-14 04:04:44.797823,0 days 00:00:11.122118,0.2778760847233711,mae,gbtree,0.6213700836793872,0.0028345331706361877,1.6712735779671744,0.020449164333654752,10,96,54,0.9868570682392493,COMPLETE
170,0.7615091691590061,2025-10-14 04:04:44.805824,2025-10-14 04:04:53.108070,0 days 00:00:08.302246,0.20880823327517986,mae,gbtree,0.6373009568862055,0.003611139559407638,1.630510723256576,0.04058218961785369,8,88,75,0.9187547975148824,COMPLETE
171,0.7626989895904582,2025-10-14 04:04:53.113229,2025-10-14 04:05:03.533481,0 days 00:00:10.420252,0.15163735795464472,mae,gbtree,0.6275185343366508,0.006107877737764266,1.6762521343743542,0.03542307952653369,10,80,52,0.9330695593890999,COMPLETE
172,0.7622553881092463,2025-10-14 04:05:03.535484,2025-10-14 04:05:13.576286,0 days 00:00:10.040802,0.1685928026440989,mae,gbtree,0.6323740978898564,0.005020923951546746,1.753532010173998,0.0380758016314097,10,80,47,0.949607376251798,COMPLETE
173,0.7606420714670584,2025-10-14 04:05:13.582783,2025-10-14 04:05:23.757628,0 days 00:00:10.174845,0.15925167196008538,mae,gbtree,0.6006605179373902,0.007852172340515377,1.573408091178794,0.03656680877453062,10,80,52,0.9692381163699768,COMPLETE
174,0.7546211825801956,2025-10-14 04:05:23.770870,2025-10-14 04:05:33.641940,0 days 00:00:09.871070,0.13413511165591563,mae,gbtree,0.6257518173995269,0.002098889236327241,1.687735765399785,0.011856931259310886,10,72,58,0.9335942144075318,COMPLETE
175,0.7559987487255115,2025-10-14 04:05:33.658503,2025-10-14 04:05:38.624696,0 days 00:00:04.966193,0.18573085705138342,mae,gbtree,0.6102469989750121,0.005056978407123036,1.437306933882871,0.02513744388220119,5,88,56,0.9235048478293716,COMPLETE
176,0.7625731213764813,2025-10-14 04:05:38.629216,2025-10-14 04:05:51.025516,0 days 00:00:12.396300,0.31523258059582976,rmse,gbtree,0.6427200542488227,0.004185532662799963,1.8056396448195233,0.03442822359566285,10,104,54,0.9125264873091503,COMPLETE
177,0.7474510705824748,2025-10-14 04:05:51.025516,2025-10-14 04:06:03.542355,0 days 00:00:12.516839,0.3570599971326123,rmse,gbtree,0.6486832935100918,0.004002477485497497,1.5251934217011118,0.005382452036261004,10,104,38,0.9052790028972456,COMPLETE
178,0.7599075078217952,2025-10-14 04:06:03.542355,2025-10-14 04:06:13.832167,0 days 00:00:10.289812,0.31906728654331123,rmse,gbtree,0.6594816977730418,0.0008741621151451835,1.9830233902121095,0.03233258843585415,9,112,54,0.9147004016328861,COMPLETE
179,0.7602624901311517,2025-10-14 04:06:13.841323,2025-10-14 04:06:25.359664,0 days 00:00:11.518341,0.4572406209130119,rmse,gbtree,0.6420238890286072,0.0024798085612784413,1.7905733542133635,0.02971159404544239,10,104,49,0.875489576871119,COMPLETE
180,0.7615033550866939,2025-10-14 04:06:25.365438,2025-10-14 04:06:35.859478,0 days 00:00:10.494040,0.3344972633650086,rmse,gbtree,0.6519841707477395,0.003213785032931072,1.6153039998856888,0.033899558493972255,10,80,48,0.8973634071292825,COMPLETE
181,0.7593889420811639,2025-10-14 04:06:35.859478,2025-10-14 04:06:46.391202,0 days 00:00:10.531724,0.11786278105414949,rmse,gbtree,0.6216132929737408,0.03769366383077259,1.7186116980594777,0.03543769841352656,10,96,51,0.9587050263043775,COMPLETE
182,0.7601673684464901,2025-10-14 04:06:46.395909,2025-10-14 04:06:57.576362,0 days 00:00:11.180453,0.2995976956386359,mae,gbtree,0.6290416767036773,0.005893537226641318,1.8233068428092776,0.03883349912411165,10,96,59,0.9426603655180102,COMPLETE
183,0.7594838183569543,2025-10-14 04:06:57.593100,2025-10-14 04:07:08.592914,0 days 00:00:10.999814,0.24455500641118869,mae,gbtree,0.6165627557559209,0.006561668413326786,1.6481476322816062,0.03664277456688096,10,104,55,0.9274493982146212,COMPLETE
184,0.7608818435527636,2025-10-14 04:07:08.609001,2025-10-14 04:07:18.074913,0 days 00:00:09.465912,0.2817712938835884,rmse,gbtree,0.6383156272361293,0.004577629855750685,1.7515618527592807,0.041905482633994774,10,88,63,0.9103511018188394,COMPLETE
185,0.7604009972134824,2025-10-14 04:07:18.074913,2025-10-14 04:07:29.142722,0 days 00:00:11.067809,0.26454934833055915,mae,gbtree,0.6101912728058972,0.007323355076577055,1.8716840871265685,0.0340988786939992,10,104,66,0.978311582888343,COMPLETE
186,0.7600092948501023,2025-10-14 04:07:29.142722,2025-10-14 04:07:39.358213,0 days 00:00:10.215491,0.21657481892157798,mae,gbtree,0.6292847225989142,0.0016964634229689867,1.6892312078560563,0.03940888217378839,10,88,52,0.9382606170157655,COMPLETE
187,0.7612450638565479,2025-10-14 04:07:39.377885,2025-10-14 04:07:46.958766,0 days 00:00:07.580881,0.1439448792955269,mae,gbtree,0.6203927620032097,0.0037704381391605677,1.5805587762318722,0.03187737249831183,7,96,57,0.952446162137273,COMPLETE
188,0.7616809062816462,2025-10-14 04:07:46.958766,2025-10-14 04:07:58.609710,0 days 00:00:11.650944,0.31446814230008635,mae,gbtree,0.6414390913696165,0.0055424040583800785,1.9213980052432253,0.027921996157769385,10,88,61,0.9643871462025161,COMPLETE
189,0.7573345557525986,2025-10-14 04:07:58.609710,2025-10-14 04:08:08.098220,0 days 00:00:09.488510,0.34508451509444943,rmse,gbtree,0.7287369366793507,0.0005253549303371305,0.7826190133544626,0.03754584695740449,10,80,59,0.9195640122436359,COMPLETE
190,0.761141811656015,2025-10-14 04:08:08.108724,2025-10-14 04:08:20.926319,0 days 00:00:12.817595,0.3791524250497519,mae,gbtree,0.746499303180671,0.0488352398516241,1.8013270941008732,0.0359661030667003,10,96,55,0.9332877735162506,COMPLETE
191,0.7621664144054263,2025-10-14 04:08:20.943150,2025-10-14 04:08:31.825224,0 days 00:00:10.882074,0.17175366042832713,mae,gbtree,0.6274243593172235,0.006225730277154909,1.6546949349552935,0.034962157939844724,10,80,52,0.9267345397426456,COMPLETE
192,0.7618786992140706,2025-10-14 04:08:31.825224,2025-10-14 04:08:42.129197,0 days 00:00:10.303973,0.18126878321750717,mae,gbtree,0.6346684522491438,0.00535967570426815,1.6391213527055082,0.03485776046638669,10,72,53,0.9447373773496599,COMPLETE
193,0.7611882339050076,2025-10-14 04:08:42.142490,2025-10-14 04:08:53.026132,0 days 00:00:10.883642,0.2458680079490273,mae,gbtree,0.6128877778890245,0.0044387353832423294,1.7284828311388838,0.03273815008597459,10,80,54,0.9311537240059029,COMPLETE
194,0.7606318061218066,2025-10-14 04:08:53.045168,2025-10-14 04:09:04.234532,0 days 00:00:11.189364,0.19761619783354656,mae,gbtree,0.622017376387586,0.008526535834808783,1.5454160861057025,0.04025283767071632,10,80,57,0.8879728961221873,COMPLETE
195,0.7614293075280619,2025-10-14 04:09:04.242344,2025-10-14 04:09:14.548632,0 days 00:00:10.306288,0.15060990682320186,mae,gbtree,0.6277574901240879,0.002723614542705568,1.6716733531308738,0.038059609217693934,10,80,51,0.9097550982979333,COMPLETE
196,0.7622381268969908,2025-10-14 04:09:14.548632,2025-10-14 04:09:24.909128,0 days 00:00:10.360496,0.30077998389925753,mae,gbtree,0.6458467679592289,0.006969579441528956,1.4767330324948826,0.036166171015277394,10,88,71,0.9671256684479385,COMPLETE
197,0.7613047441160223,2025-10-14 04:09:24.928464,2025-10-14 04:11:14.075911,0 days 00:01:49.147447,0.22802556767442955,mae,dart,0.6330513728861699,0.0018090762311358526,1.606679361586024,0.033528280223281054,10,104,65,0.9568647879928636,COMPLETE
198,0.7623373678816304,2025-10-14 04:11:14.092768,2025-10-14 04:11:24.926219,0 days 00:00:10.833451,0.09556032824148308,mae,gbtree,0.816310078635935,0.003623218462099601,1.7602831870708662,0.04223982549730023,10,88,68,0.9423829015425659,COMPLETE
199,0.7589738495310804,2025-10-14 04:11:24.926219,2025-10-14 04:11:35.742431,0 days 00:00:10.816212,0.08379159288384969,mae,gbtree,0.8122699440639748,0.0034064449549028753,1.8314562515964246,0.04253821182955537,10,88,67,0.9459863309309618,COMPLETE
200,0.7612522350554101,2025-10-14 04:11:35.762756,2025-10-14 04:11:46.008458,0 days 00:00:10.245702,0.10852796961591288,rmse,gbtree,0.8331118071763385,0.0024758643782000775,1.771820198973677,0.040528119575004844,10,96,69,0.9766499371514646,COMPLETE
201,0.7596990824609127,2025-10-14 04:11:46.014104,2025-10-14 04:11:55.993248,0 days 00:00:09.979144,0.12317636760042708,mae,gbtree,0.6704374135475581,0.00455909934032317,1.7056374028042636,0.04460158116766024,10,88,73,0.9363165212229964,COMPLETE
202,0.7586676257798691,2025-10-14 04:11:56.002163,2025-10-14 04:12:07.497979,0 days 00:00:11.495816,0.2694465055506792,mae,gbtree,0.8193468878815358,0.0052608767084685775,1.6606995505817501,0.015072735170124302,10,80,54,0.9201683352315356,COMPLETE
203,0.7612535525050222,2025-10-14 04:12:07.504029,2025-10-14 04:12:18.342475,0 days 00:00:10.838446,0.09717103049836776,mae,gbtree,0.8231870795504629,0.001338623955132044,1.7340978320557585,0.038492615351259606,10,88,64,0.9525107713977369,COMPLETE
204,0.7612343122937559,2025-10-14 04:12:18.351329,2025-10-14 04:12:29.957856,0 days 00:00:11.606527,0.33209973615493227,mae,gbtree,0.7872471464325388,5.344920520256968e-05,1.4003682539224533,0.035515734165078805,10,96,56,0.9421359394917505,COMPLETE
205,0.762286698633402,2025-10-14 04:12:29.959524,2025-10-14 04:12:41.216238,0 days 00:00:11.256714,0.2937736971075039,mae,gbtree,0.8072362003669685,0.003639222395366074,1.6182185612088646,0.03762955943232191,10,80,62,0.9270308027871045,COMPLETE
206,0.7607027327670685,2025-10-14 04:12:41.222310,2025-10-14 04:12:52.333497,0 days 00:00:11.111187,0.0399404595879151,mae,gbtree,0.8088200601510604,0.0035207789071563522,0.9304496775088819,0.042118176058230844,10,96,61,0.902883142837171,COMPLETE
207,0.7610396926917883,2025-10-14 04:12:52.345388,2025-10-14 04:13:04.275717,0 days 00:00:11.930329,0.2902745378927758,mae,gbtree,0.8002164713804507,0.0024507690971013445,1.5783854075619264,0.03750462231940121,10,88,63,0.9125884464956212,COMPLETE
208,0.7603086235210438,2025-10-14 04:13:04.292577,2025-10-14 04:13:16.073817,0 days 00:00:11.781240,0.3177671868668339,mae,gbtree,0.8069540836056931,0.004327709412459952,1.6147413867520084,0.03911526614867039,10,104,68,0.962309396330982,COMPLETE
209,0.7593832263783378,2025-10-14 04:13:16.078716,2025-10-14 04:13:26.592553,0 days 00:00:10.513837,0.3465712538737257,mae,gbtree,0.8187980832135405,0.0014888785348095785,1.5259106081562677,0.04116878293438536,10,72,59,0.9269029726442655,COMPLETE
210,0.7607845194767199,2025-10-14 04:13:26.609709,2025-10-14 04:13:37.442926,0 days 00:00:10.833217,0.5599156176915568,mae,gbtree,0.7932958553207599,0.0033884532619580044,1.7955428654287096,0.036944450952678363,10,80,60,0.9522660891091197,COMPLETE
211,0.760528846652561,2025-10-14 04:13:37.442926,2025-10-14 04:13:47.934911,0 days 00:00:10.491985,0.25361526118786887,mae,gbtree,0.8000984711198332,0.006200127328660437,1.663560807217825,0.03475384105580969,10,80,66,0.9309253461490924,COMPLETE
212,0.7610028546900647,2025-10-14 04:13:47.945424,2025-10-14 04:13:58.436929,0 days 00:00:10.491505,0.2787770273840063,mae,gbtree,0.620184521632073,0.005756916172300088,1.710039722419401,0.03598242043338191,10,80,50,0.9178699990106525,COMPLETE
213,0.7616959226766689,2025-10-14 04:13:58.441966,2025-10-14 04:14:08.833492,0 days 00:00:10.391526,0.21163196297425493,mae,gbtree,0.6093390508414018,0.0028691077506923465,1.63095540659964,0.03891168842066241,10,88,53,0.9387693924963793,COMPLETE
214,0.7586795254242868,2025-10-14 04:14:08.842360,2025-10-14 04:14:19.312186,0 days 00:00:10.469826,0.36718337758776876,mae,gbtree,0.6158797756518354,0.0044462627910039675,1.7647294710741421,0.033350795217960645,10,80,57,0.7431461636349456,COMPLETE
215,0.7614808314530223,2025-10-14 04:14:19.316203,2025-10-14 04:14:29.025745,0 days 00:00:09.709542,0.13491567186927425,mae,gbtree,0.6361052156023332,0.007641757814715694,1.8769149556317841,0.030476724497887315,10,88,62,0.9232758528869742,COMPLETE
216,0.7620298396891703,2025-10-14 04:14:29.032967,2025-10-14 04:14:38.658178,0 days 00:00:09.625211,0.30138969689700096,mae,gbtree,0.6000093229624784,0.003902565983421087,1.5672486527745753,0.03706063944229167,10,80,55,0.9446109460425187,COMPLETE
217,0.7580629709092064,2025-10-14 04:14:38.658178,2025-10-14 04:14:44.108130,0 days 00:00:05.449952,0.18133392806106252,rmse,gbtree,0.6253284449027708,0.043313870208000496,1.6739048676889994,0.031727787910513304,8,24,71,0.9705454240477118,COMPLETE
218,0.7598687169366346,2025-10-14 04:14:44.113831,2025-10-14 04:14:50.831422,0 days 00:00:06.717591,0.24051036092980385,mae,gbtree,0.9114033719488043,0.0011982064830781043,1.488731737139344,0.03450393539504196,6,96,49,0.8992027649053568,COMPLETE
219,0.7611552568164746,2025-10-14 04:14:50.841138,2025-10-14 04:15:01.208007,0 days 00:00:10.366869,0.27147535935401323,mae,gbtree,0.8495426907536692,0.006778061609084123,1.6059377919254598,0.04022823827323991,10,72,75,0.9339459494793433,COMPLETE
220,0.7613432720216146,2025-10-14 04:15:01.214700,2025-10-14 04:15:14.092911,0 days 00:00:12.878211,0.3988876929997017,mae,gbtree,0.7133363588850989,0.0025703940916158253,1.7146866586900535,0.038271186699630026,10,104,36,0.9131330470506738,COMPLETE
221,0.7633221329781643,2025-10-14 04:15:14.102255,2025-10-14 04:15:23.791400,0 days 00:00:09.689145,0.1710411390468897,mae,gbtree,0.631381852835381,0.005168737164653913,1.7545020548687218,0.03752956997477198,10,80,46,0.9531866650747979,COMPLETE
222,0.76264505539182,2025-10-14 04:15:23.806610,2025-10-14 04:15:33.741395,0 days 00:00:09.934785,0.1631388949933139,mae,gbtree,0.6381927730650195,0.0053030521280719575,1.7360155254448255,0.03544147892440547,10,80,45,0.9614698039933547,COMPLETE
223,0.7622795403848448,2025-10-14 04:15:33.745598,2025-10-14 04:15:44.125683,0 days 00:00:10.380085,0.15036705010199822,mae,gbtree,0.6542487113231875,0.004809996370203584,1.7529959586452883,0.03691549707366969,10,80,44,0.9579289145566348,COMPLETE
224,0.7593925499344002,2025-10-14 04:15:44.141131,2025-10-14 04:15:54.959281,0 days 00:00:10.818150,0.3136636137948963,mae,gbtree,0.6416491516415874,0.003953910015405878,1.7900249215515809,0.03987730725342291,10,88,41,0.9881633407120385,COMPLETE
225,0.7592962188730261,2025-10-14 04:15:54.959281,2025-10-14 04:16:05.876035,0 days 00:00:10.916754,0.12572414356322745,mae,gbtree,0.6341147622677875,0.005381205039386706,1.8463767776288984,0.03554917018118783,10,80,46,0.9657029581364066,COMPLETE
226,0.7600731124085485,2025-10-14 04:16:05.896297,2025-10-14 04:16:17.759351,0 days 00:00:11.863054,0.2089384116977238,mae,gbtree,0.7386379023162334,0.002021801418890728,1.4338281055869806,0.03799286216993296,10,96,47,0.9768057145631323,COMPLETE
227,0.7609723865403539,2025-10-14 04:16:17.759351,2025-10-14 04:16:28.076524,0 days 00:00:10.317173,0.16071851940193768,rmse,gbtree,0.6216489981359848,0.003332895445543352,1.7006267169167566,0.04215293361217632,10,88,78,0.953081327014125,COMPLETE
228,0.7601998737273956,2025-10-14 04:16:28.081324,2025-10-14 04:16:38.575523,0 days 00:00:10.494199,0.3379592915712987,mae,gbtree,0.7707609303216238,2.1659618410372217e-05,1.7343375630133313,0.03351694721743536,10,72,43,0.9475954374892144,COMPLETE
229,0.7591825499573175,2025-10-14 04:16:38.575523,2025-10-14 04:18:23.159124,0 days 00:01:44.583601,0.2544967795633788,mae,dart,0.6418216641209316,0.03174403446253733,1.8058232419584035,0.04379675600487704,9,80,45,0.9649978718638389,COMPLETE
230,0.7595928848922296,2025-10-14 04:18:23.159124,2025-10-14 04:18:32.808775,0 days 00:00:09.649651,0.2845975871401556,mae,gbtree,0.6649483591726211,0.00547214257417479,1.9437368384330298,0.03634356410810431,10,64,40,0.9413847827064526,COMPLETE
231,0.7626010592801268,2025-10-14 04:18:32.808775,2025-10-14 04:18:43.492524,0 days 00:00:10.683749,0.15093612228018072,mae,gbtree,0.6536982946397433,0.004917996329183868,1.754197611964733,0.037418796510640485,10,80,44,0.9575162601800385,COMPLETE
232,0.7581203827322592,2025-10-14 04:18:43.492524,2025-10-14 04:18:54.242681,0 days 00:00:10.750157,0.139133876252188,mae,gbtree,0.6478506190153732,0.006504512932744115,1.7620523176993412,0.017460501641269135,10,80,43,0.9591033965917815,COMPLETE
233,0.7610356542537324,2025-10-14 04:18:54.259348,2025-10-14 04:19:06.059228,0 days 00:00:11.799880,0.11019833591231111,mae,gbtree,0.8132678215190997,0.004529585530749869,1.6826273375844865,0.03896825040198898,10,80,39,0.9721578629730667,COMPLETE
234,0.750619817926634,2025-10-14 04:19:06.075994,2025-10-14 04:19:17.003266,0 days 00:00:10.927272,0.18340852377627054,mae,gbtree,0.659520031002935,0.003056435488258358,1.7398388258119832,0.007939367530375973,10,88,48,0.9522002789100775,COMPLETE
235,0.7609555345252458,2025-10-14 04:19:17.009467,2025-10-14 04:19:27.258415,0 days 00:00:10.248948,0.07527860658173012,mae,gbtree,0.6321811776390494,0.0053268515708136555,1.8281285107025156,0.037554828678624114,10,80,43,0.9816370320893727,COMPLETE
236,0.7615707849032423,2025-10-14 04:19:27.258415,2025-10-14 04:19:38.559463,0 days 00:00:11.301048,0.2319317735550628,mae,gbtree,0.828720998456154,0.0018079991666206075,1.3642584537359352,0.03505930289570075,10,80,45,0.9401725132425179,COMPLETE
237,0.761688089783867,2025-10-14 04:19:38.579345,2025-10-14 04:19:49.809387,0 days 00:00:11.230042,0.1581768707762799,mae,gbtree,0.6458477489968825,0.0035673280974872915,1.901672807619583,0.040189441962805425,10,96,51,0.9617181731008493,COMPLETE
238,0.7629321868897516,2025-10-14 04:19:49.809387,2025-10-14 04:19:58.610911,0 days 00:00:08.801524,0.1917648322388504,rmse,gbtree,0.6751260148844661,0.00757103846463613,1.626559373679844,0.03653131403153021,8,88,66,0.9250591140994523,COMPLETE
239,0.7606521260454143,2025-10-14 04:19:58.628288,2025-10-14 04:20:07.341289,0 days 00:00:08.713001,0.19415224279158314,rmse,gbtree,0.6904841357558371,0.008471385746241825,1.0579793672641349,0.03333883085976584,8,88,67,0.9490258271726842,COMPLETE
240,0.762076601708605,2025-10-14 04:20:07.347266,2025-10-14 04:20:15.946588,0 days 00:00:08.599322,0.16965712753626974,rmse,gbtree,0.6556542029709214,0.010029383383092928,1.7017243293384072,0.0356465673614663,8,88,68,0.9716351066935761,COMPLETE
241,0.7625657470866835,2025-10-14 04:20:15.946588,2025-10-14 04:20:26.781652,0 days 00:00:10.835064,0.22066432717648507,rmse,gbtree,0.675829206374805,0.007352677233808805,1.626556861354109,0.03775413841739807,10,88,66,0.9240281118412731,COMPLETE
242,0.7615889067838322,2025-10-14 04:20:26.783658,2025-10-14 04:20:37.492349,0 days 00:00:10.708691,0.1822424653068456,rmse,gbtree,0.6729666911995114,0.007056181952277113,1.631813101433172,0.03878659004164513,10,88,64,0.9102104477958161,COMPLETE
243,0.7602141829389777,2025-10-14 04:20:37.492349,2025-10-14 04:20:44.715305,0 days 00:00:07.222956,0.20949939299780665,rmse,gbtree,0.6793993437817794,0.008030398916839368,1.6602629339784318,0.03670826799314538,7,88,65,0.9250581216186387,COMPLETE
244,0.7606335618156426,2025-10-14 04:20:44.721320,2025-10-14 04:20:55.100390,0 days 00:00:10.379070,0.22888998139077496,rmse,gbtree,0.6632002635300591,0.006528862043824764,1.5449397585739109,0.034413538503344124,10,96,66,0.6251862032349379,COMPLETE
245,0.7618835466819914,2025-10-14 04:20:55.108592,2025-10-14 04:21:05.609021,0 days 00:00:10.500429,0.14608063986275038,rmse,gbtree,0.6723423680129739,0.007371355841655783,1.7705306711265587,0.04110888885746492,10,88,69,0.9380851861294106,COMPLETE
246,0.7591967926096572,2025-10-14 04:21:05.609021,2025-10-14 04:21:14.341785,0 days 00:00:08.732764,0.21031717630798064,rmse,gbtree,0.6974027673909285,0.009173371665929216,1.5971762105349976,0.03640263513883154,10,88,42,0.9184093786626448,COMPLETE
247,0.7538257877487006,2025-10-14 04:21:14.341785,2025-10-14 04:21:18.307853,0 days 00:00:03.966068,0.18893361212739035,rmse,gbtree,0.6535778010204862,0.005620457192878089,1.6883514405796858,0.0322806839036477,4,96,70,0.9339987987170472,COMPLETE
248,0.7607202262539525,2025-10-14 04:21:18.316222,2025-10-14 04:21:27.891071,0 days 00:00:09.574849,0.12590532706326674,rmse,gbtree,0.6660242238322372,0.006433240694062503,1.7301798996197508,0.039333959025066714,9,104,53,0.9552187881339775,COMPLETE
249,0.7614637407954699,2025-10-14 04:21:27.899557,2025-10-14 04:21:39.109445,0 days 00:00:11.209888,0.09948927518267339,rmse,gbtree,0.6885929200583124,0.011326474011809525,1.6488612757505756,0.03802020231715506,10,96,65,0.9009819338296359,COMPLETE
250,0.7603297354667988,2025-10-14 04:21:39.125067,2025-10-14 04:21:46.742258,0 days 00:00:07.617191,0.22861870507531584,rmse,gbtree,0.6280773589326742,0.0049041030702715975,1.9923639920283343,0.03444091450266699,7,88,73,0.9226082433403741,COMPLETE
251,0.7616274944758133,2025-10-14 04:21:46.754209,2025-10-14 04:21:58.756191,0 days 00:00:12.001982,0.16516236578324506,mae,gbtree,0.6780912535270834,0.000873652778018562,1.8073192474898947,0.03602536126830336,10,88,55,0.9433531350428507,COMPLETE
252,0.7629136923380612,2025-10-14 04:21:58.758938,2025-10-14 04:22:10.892721,0 days 00:00:12.133783,0.26077530427341367,mae,gbtree,0.6142385186018898,0.008319727323717893,1.467141073408856,0.04111314978432722,10,96,58,0.9626123709355376,COMPLETE
253,0.761589297369963,2025-10-14 04:22:10.899187,2025-10-14 04:22:22.766213,0 days 00:00:11.867026,0.2587002924023743,mae,gbtree,0.6150851938530039,0.008259897908119377,1.4676228091260968,0.039980982070486906,10,96,58,0.9670587610518838,COMPLETE
254,0.7594080598756747,2025-10-14 04:22:22.773764,2025-10-14 04:22:31.507966,0 days 00:00:08.734202,0.2428295944301951,rmse,gbtree,0.6072987031182376,0.007558505701820892,1.4124389307080325,0.037524138044004285,8,104,56,0.9598627241030634,COMPLETE
255,0.7612094046691725,2025-10-14 04:22:31.515979,2025-10-14 04:22:43.759625,0 days 00:00:12.243646,0.26729634855694245,mae,gbtree,0.6214102300071964,0.009715830649568415,1.5013252867396218,0.03358488758890803,10,96,46,0.9811558942096783,COMPLETE
256,0.7609456163398691,2025-10-14 04:22:43.759625,2025-10-14 04:22:55.257922,0 days 00:00:11.498297,0.3251010224202355,mae,gbtree,0.6389635159433008,0.006185102723678853,1.5232310183822508,0.03132841794926451,9,96,58,0.9900632622399109,COMPLETE
257,0.7612845525220346,2025-10-14 04:22:55.259464,2025-10-14 04:23:07.610261,0 days 00:00:12.350797,0.20329732402270514,mae,gbtree,0.6147111545631971,0.008823779238384793,1.5671203381276246,0.03567906322638163,10,112,50,0.9067657328750304,COMPLETE
258,0.7595092422188391,2025-10-14 04:23:07.625982,2025-10-14 04:25:06.620562,0 days 00:01:58.994580,0.3513534908804535,mae,dart,0.6293747550373885,0.020519193859952396,1.4508424674472153,0.02958997168662205,10,104,60,0.8927310024823277,COMPLETE
259,0.7612445144427757,2025-10-14 04:25:06.625890,2025-10-14 04:25:18.825180,0 days 00:00:12.199290,0.2229281991026505,rmse,gbtree,0.7062600361503868,0.007137526779679759,1.6195139658174116,0.039273240604712004,10,96,52,0.9304811026295945,COMPLETE
260,0.7607051255690485,2025-10-14 04:25:18.825913,2025-10-14 04:25:29.274806,0 days 00:00:10.448893,0.3801373899191077,mae,gbtree,0.6068821469184287,0.017298914136157806,1.391227505094024,0.037351468317416106,10,80,54,0.9726012694033802,COMPLETE
261,0.7622926787769092,2025-10-14 04:25:29.282935,2025-10-14 04:25:40.632463,0 days 00:00:11.349528,0.30927860762486153,mae,gbtree,0.6364852083938815,0.004741405853505552,1.5666004021461495,0.0352576169988218,10,96,56,0.9575331964074479,COMPLETE
262,0.7619164461555463,2025-10-14 04:25:40.633286,2025-10-14 04:25:51.464649,0 days 00:00:10.831363,0.48176197706401636,mae,gbtree,0.6241666935615099,0.013509082234384785,1.6686630484098222,0.04172947174861999,10,80,48,0.9169505172328026,COMPLETE
263,0.7598980471780273,2025-10-14 04:25:51.464649,2025-10-14 04:26:01.326279,0 days 00:00:09.861630,0.2526042321707565,mae,gbtree,0.6500644446768266,0.002108489208800702,1.3328530940741734,0.033228602608463116,10,72,63,0.9490299526622861,COMPLETE
264,0.7620248718609779,2025-10-14 04:26:01.341738,2025-10-14 04:26:12.126397,0 days 00:00:10.784659,0.2849634745573062,rmse,gbtree,0.617309821603427,0.005713503961728774,1.8572474809941197,0.037914081630851096,10,104,59,0.9650221900673052,COMPLETE
265,0.7613098654020847,2025-10-14 04:26:12.142705,2025-10-14 04:26:23.809512,0 days 00:00:11.666807,0.195053693526243,mae,gbtree,0.6668521516678368,0.007698893837896434,1.5020486010775658,0.040175839092233545,10,96,41,0.935049699291629,COMPLETE
266,0.7621342881086544,2025-10-14 04:26:23.826293,2025-10-14 04:26:32.642591,0 days 00:00:08.816298,0.15393642820136466,mae,gbtree,0.6314797186214594,0.04147437596013774,1.7130096246011641,0.034529670014889054,9,80,76,0.9116432055544775,COMPLETE
267,0.7609643058439017,2025-10-14 04:26:32.654855,2025-10-14 04:26:44.709307,0 days 00:00:12.054452,0.23882478000713975,mae,gbtree,0.6415947991816149,0.0008886069899304598,1.5958519216687241,0.03660508983482302,10,88,57,0.9786989542679142,COMPLETE
268,0.760853317699935,2025-10-14 04:26:44.728145,2025-10-14 04:26:55.376067,0 days 00:00:10.647922,0.2680639488568878,mae,gbtree,0.6833841159258914,0.0026232182929035205,1.4314488253450561,0.03253747035297834,10,80,62,0.9506342447174968,COMPLETE
269,0.7571513514351389,2025-10-14 04:26:55.392745,2025-10-14 04:27:07.775802,0 days 00:00:12.383057,0.35797001130654227,rmse,gbtree,0.7605713669870132,0.006183253137118483,1.6517908453397059,0.03879582580189127,10,88,54,0.5850723256214263,COMPLETE
270,0.7594155601141188,2025-10-14 04:27:07.792755,2025-10-14 04:27:16.982274,0 days 00:00:09.189519,0.3262431057779675,mae,gbtree,0.6098588257151225,0.004240984202336581,1.9064981709600526,0.043695898004908806,8,96,51,0.6832398601285615,COMPLETE
271,0.7609375603013896,2025-10-14 04:27:16.989660,2025-10-14 04:27:28.183320,0 days 00:00:11.193660,0.28505098043594984,mae,gbtree,0.6244987704461803,0.001690494886008748,1.6922393911607285,0.0359624605799205,10,104,61,0.9245919413322539,COMPLETE
272,0.7599418442740864,2025-10-14 04:27:28.192484,2025-10-14 04:27:39.359192,0 days 00:00:11.166708,0.3009402770461577,mae,gbtree,0.660746135571913,0.04698287678457741,1.5500009431618729,0.04153791149582644,10,88,46,0.7212344475020289,COMPLETE
273,0.7619953585549286,2025-10-14 04:27:39.359192,2025-10-14 04:27:49.572295,0 days 00:00:10.213103,0.21931627267957254,mae,gbtree,0.63653032982478,0.028361208999490267,1.6263509524867226,0.028206404250008584,10,80,56,0.9602193996166616,COMPLETE
274,0.7594974202997736,2025-10-14 04:27:49.579330,2025-10-14 04:28:01.643125,0 days 00:00:12.063795,0.5887677659676007,rmse,gbtree,0.7206084043441844,0.005054020165542331,1.4695053155570301,0.03079224274531637,10,96,64,0.9451171843970196,COMPLETE
275,0.7608989192579195,2025-10-14 04:28:01.643125,2025-10-14 04:28:12.742607,0 days 00:00:11.099482,0.53495946117957,mae,gbtree,0.6195425453622567,0.0027721659244472376,0.9691263463441578,0.037807763445830325,10,88,38,0.9700250746244663,COMPLETE
276,0.7619426706632032,2025-10-14 04:28:12.742607,2025-10-14 04:28:23.258993,0 days 00:00:10.516386,0.17231506835200683,mae,gbtree,0.6464094574087509,0.006753033384035811,1.772335526292231,0.03425247931418329,10,80,44,0.8948628179003726,COMPLETE
277,0.7618477648347461,2025-10-14 04:28:23.275837,2025-10-14 04:28:33.692850,0 days 00:00:10.417013,0.14581902930226398,mae,gbtree,0.6290136046916147,0.03967966787727147,1.7197409598976412,0.03909976826431938,10,96,53,0.9282685503987391,COMPLETE
278,0.761673736982103,2025-10-14 04:28:33.708906,2025-10-14 04:30:18.657750,0 days 00:01:44.948844,0.6403496618507064,rmse,dart,0.6551487772687976,0.004431361319955695,1.595968290341255,0.0367480915382991,10,72,79,0.9999009343910719,COMPLETE
279,0.7614508313364545,2025-10-14 04:30:18.665086,2025-10-14 04:30:29.208987,0 days 00:00:10.543901,0.1978925047773418,mae,gbtree,0.606551363791344,0.033249609861334684,0.15802427686862774,0.04098764538929768,10,104,59,0.7587764174952548,COMPLETE
280,0.7607163786097102,2025-10-14 04:30:29.208987,2025-10-14 04:30:39.559205,0 days 00:00:10.350218,0.25318958417726856,mae,gbtree,0.6144237448924262,0.008660868312474984,1.8049859288930716,0.03492370487555221,10,80,49,0.8820738810522045,COMPLETE
281,0.7602576491267969,2025-10-14 04:30:39.574617,2025-10-14 04:30:50.925727,0 days 00:00:11.351110,0.9800743892080325,mae,gbtree,0.7325354690323724,0.03542029328941174,0.8477219471664348,0.03259587515753561,9,88,66,0.9167578134756641,COMPLETE
282,0.761425362988623,2025-10-14 04:30:50.942371,2025-10-14 04:31:03.259974,0 days 00:00:12.317603,0.34019727843998454,mae,gbtree,0.6747606211029068,0.001044272189293402,1.6482264716633948,0.04614310606290308,10,120,55,0.9358891712469427,COMPLETE
283,0.7596478536504435,2025-10-14 04:31:03.276610,2025-10-14 04:31:13.342740,0 days 00:00:10.066130,0.1311421887683131,rmse,gbtree,0.6342195502242295,0.0054160421281865,1.5305084322489462,0.03797661907061163,10,112,74,0.9543541844943565,COMPLETE
284,0.7615332629983215,2025-10-14 04:31:13.362827,2025-10-14 04:31:24.642604,0 days 00:00:11.279777,0.17643819129481977,mae,gbtree,0.6263817896761569,0.003805961686200896,1.7425342123500545,0.035907402385253584,10,96,52,0.9046775928356943,COMPLETE
285,0.7607649317264572,2025-10-14 04:31:24.642604,2025-10-14 04:31:35.409615,0 days 00:00:10.767011,0.31499742048193746,mae,gbtree,0.6433928456685318,0.00734218506861349,1.9505265159938872,0.03967525880094899,10,88,61,0.9858569170330312,COMPLETE
286,0.7567497100390453,2025-10-14 04:31:35.409615,2025-10-14 04:31:45.775831,0 days 00:00:10.366216,0.225323142566117,mae,gbtree,0.6022478872792777,0.0027099560324434315,1.1328768378685277,0.012630124717100386,9,80,58,0.9465890326228931,COMPLETE
287,0.760255679236165,2025-10-14 04:31:45.790564,2025-10-14 04:31:55.176589,0 days 00:00:09.386025,0.36454338977292006,rmse,gbtree,0.6532302577524316,0.005743514927924561,1.8470460842503507,0.03428571152101224,8,88,47,0.9644487224454976,COMPLETE
288,0.761475323008082,2025-10-14 04:31:55.192649,2025-10-14 04:32:06.442759,0 days 00:00:11.250110,0.27771179672807594,mae,gbtree,0.6167363542050188,0.0019355013424973855,1.6971111792964189,0.036975222601110816,10,96,63,0.9760835556285407,COMPLETE
289,0.7620313817684878,2025-10-14 04:32:06.461849,2025-10-14 04:32:16.992663,0 days 00:00:10.530814,0.24137177682842037,mae,gbtree,0.7463641667781684,0.004145824009543312,1.6714611946739912,0.043428219701326494,10,80,71,0.9218608786812829,COMPLETE
290,0.7610035625029918,2025-10-14 04:32:17.012929,2025-10-14 04:32:27.676365,0 days 00:00:10.663436,0.3013489013151317,mae,gbtree,0.6378329148066714,0.006444372671019827,1.5866696613603948,0.0313225138534182,10,104,67,0.934523479696708,COMPLETE
291,0.7627729406809891,2025-10-14 04:32:27.698459,2025-10-14 04:32:39.226068,0 days 00:00:11.527609,0.4200583976477849,rmse,gbtree,0.6237771949451315,0.0027728316899741355,0.6967899776638021,0.04043105598642739,10,96,50,0.957074676582482,COMPLETE
292,0.7613659954091903,2025-10-14 04:32:39.226068,2025-10-14 04:32:47.031111,0 days 00:00:07.805043,0.41420789285002724,rmse,gbtree,0.6262136001637757,0.0004906791332860148,1.4560014373932164,0.04082417334658303,10,48,49,0.9528145079723638,COMPLETE
293,0.7573414081216658,2025-10-14 04:32:47.041370,2025-10-14 04:32:55.725753,0 days 00:00:08.684383,0.43410847648495116,rmse,gbtree,0.6690545237820889,0.00297776815182553,1.3966463729868508,0.04321794072885641,10,88,50,0.9096424163742408,COMPLETE
294,0.7604239823271086,2025-10-14 04:32:55.725753,2025-10-14 04:33:03.925699,0 days 00:00:08.199946,0.38540354388363063,rmse,gbtree,0.6874246850208374,0.0015276980621309875,1.6319246115773567,0.03938694222431628,7,88,53,0.9388468049027217,COMPLETE
295,0.7589061615959213,2025-10-14 04:33:03.925699,2025-10-14 04:33:13.025965,0 days 00:00:09.100266,0.40039282314441194,rmse,gbtree,0.6325210102193185,0.026562998142734603,1.5012312540012693,0.040962150509981136,10,72,51,0.9251135359339411,COMPLETE
296,0.7600231449200737,2025-10-14 04:33:13.047361,2025-10-14 04:34:50.463018,0 days 00:01:37.415657,0.34591433699439234,rmse,dart,0.6440653805964832,0.003183454160604417,0.43270572956425446,0.03858304614839271,6,96,45,0.9449121384709698,COMPLETE
297,0.7557597060754432,2025-10-14 04:34:50.464548,2025-10-14 04:34:55.442549,0 days 00:00:04.978001,0.4503633754423479,rmse,gbtree,0.6219868741196499,0.002292296871210129,1.5262641275400521,0.027083663697253877,5,104,47,0.9572318696832974,COMPLETE
298,0.7619986532812137,2025-10-14 04:34:55.457819,2025-10-14 04:35:05.223617,0 days 00:00:09.765798,0.15604833412918565,rmse,gbtree,0.7015847455831823,0.0042849978988866895,1.0358050848737026,0.04519446595613783,10,80,54,0.9134876663721249,COMPLETE
299,0.7615009027395874,2025-10-14 04:35:05.231265,2025-10-14 04:35:16.642418,0 days 00:00:11.411153,0.378505465088032,rmse,gbtree,0.6494463343645109,0.00113732547570053,0.6264322198559682,0.037331240950264126,10,96,42,0.8993319007332586,COMPLETE
