mark,cell,chr,mean,std,z_mean,z_std
DNase,X1,chr1,0.061841685,0.3857744,0.01412822680831162,2.0098441322331557
DNase,X1,chr2,0.057774153,0.1324667,-0.007063191506521517,0.6901376152076308
DNase,X1,chr3,0.05772609,0.14100638,-0.007313598312366515,0.7346284338553127
DNase,X1,chr4,0.050898235,0.099826194,-0.04288599865427731,0.5200839894186753
DNase,X1,chr5,0.05623491,0.12855998,-0.015082478197474616,0.6697839786461
DNase,X1,chr6,0.06041972,0.15297893,0.006719935052624864,0.7970041442417474
DNase,X1,chr7,0.05706206,0.13487412,-0.010773121078996875,0.7026800034096188
DNase,X1,chr8,0.055489574,0.11762777,-0.018965608074969408,0.6128283276479383
DNase,X1,chr9,0.054075234,0.13284041,-0.026334170894710983,0.692084585377771
DNase,X1,chr10,0.059549954,0.1371762,0.0021885461670670767,0.714673600506191
DNase,X1,chr11,0.06259496,0.16615911,0.018052696516565197,0.8656715051524716
DNase,X1,chr12,0.06306022,0.16834596,0.020476646818502368,0.8770647625095928
DNase,X1,chr13,0.047296952,0.09251969,-0.06164830404042124,0.482017885088561
DNase,X1,chr14,0.05601358,0.15544215,-0.016235587758447242,0.8098372698450341
DNase,X1,chr15,0.055538394,0.14377113,-0.018711261369761017,0.7490324730274334
DNase,X1,chr16,0.066680394,0.22433826,0.03933739146361745,1.1687787930496778
DNase,X1,chr17,0.08036938,0.3885114,0.11065558653617096,2.0241035402227343
DNase,X1,chr18,0.052456748,0.10169936,-0.03476631245885698,0.5298429842832082
DNase,X1,chr19,0.099278316,0.33408108,0.20916914075246304,1.7405273621135577
DNase,X1,chr20,0.0653276,0.15708853,0.03228947434526831,0.8184147607014582
DNase,X1,chr21,0.048188668,0.11608941,-0.057002561031468724,0.604813640740971
DNase,X1,chr22,0.06324584,0.19004834,0.021443727141060465,0.9901318779901019
DNase,X2,chr1,0.041027132,0.18438007,5.420889933965964e-05,0.024343098495098005
DNase,X2,chr2,0.03319872,0.14694725,-0.0009793506048842403,0.01940096555372685
DNase,X2,chr3,0.030413039,0.47149974,-0.0013471351926757184,0.062250571205256344
DNase,X2,chr4,0.025587492,0.121172,-0.0019842364505744947,0.015997943946877525
DNase,X2,chr5,0.029545875,0.12756579,-0.001461623992643397,0.016842094211327166
DNase,X2,chr6,0.03085685,0.12934786,-0.0012885403287402032,0.017077375697803043
DNase,X2,chr7,0.037885822,0.17133006,-0.0003605280112120271,0.022620148968850944
DNase,X2,chr8,0.033350926,0.15434624,-0.0009592555832422026,0.020377830409795003
DNase,X2,chr9,0.038612414,0.18613738,-0.00026459846900070546,0.024575110243123276
DNase,X2,chr10,0.038931612,0.15699196,-0.00022245582919904695,0.020727135663491107
DNase,X2,chr11,0.08445986,34.928894,0.0057884905743777,4.611547825612994
DNase,X2,chr12,0.037817683,0.16059273,-0.00036952421849240774,0.02120253438681084
DNase,X2,chr13,0.023297748,0.10656872,-0.0022865438865033697,0.01406991965146539
DNase,X2,chr14,0.03439777,0.16415504,-0.0008210442110996315,0.02167285340815737
DNase,X2,chr15,0.033761356,0.15102567,-0.0009050678329328342,0.019939425766995804
DNase,X2,chr16,0.058521245,0.26004592,0.002363899415820922,0.034333013129065226
DNase,X2,chr17,0.075779624,0.29088753,0.004642466920958069,0.03840493134758553
DNase,X2,chr18,0.029368984,0.12101035,-0.0014849784241398483,0.01597660113244831
DNase,X2,chr19,0.11862663,0.42867455,0.010299417412655288,0.056596500916382034
DNase,X2,chr20,0.056099378,0.22295576,0.0020441482105240725,0.029436121406352347
DNase,X2,chr21,0.032203265,0.15080929,-0.0011107775648445594,0.019910857853613614
DNase,X2,chr22,0.064679705,0.2525576,0.003176980771096959,0.03334435596717703
DNase,X3,chr1,0.05271867,0.17435037,0.0003526084392998776,0.039383326905585776
DNase,X3,chr2,0.04701569,0.14633997,-0.0009356155284833618,0.03305616687484618
DNase,X3,chr3,0.044784546,0.32923374,-0.001439599847547014,0.07436932966129255
DNase,X3,chr4,0.03711025,0.11578813,-0.00317311663689052,0.02615493134415993
DNase,X3,chr5,0.04247977,0.12874328,-0.0019602170847240175,0.029081318508449763
DNase,X3,chr6,0.04629117,0.13987404,-0.0010992746575489976,0.03159560379467548
DNase,X3,chr7,0.048258577,0.16354033,-0.0006548645604196174,0.03694149065901842
DNase,X3,chr8,0.045960005,0.14542036,-0.0011740798729999984,0.03284843968503593
DNase,X3,chr9,0.04693031,0.1724229,-0.0009549016688375001,0.03894793927875951
DNase,X3,chr10,0.052955844,0.15461558,0.00040618282787645483,0.03492551299117879
DNase,X3,chr11,0.07950884,20.325872,0.006404136293885245,4.591332364766042
DNase,X3,chr12,0.052168965,0.16636363,0.00022843797502758567,0.03757923339484771
DNase,X3,chr13,0.034129895,0.1102534,-0.0038463374897175365,0.024904712491912024
DNase,X3,chr14,0.04433863,0.15797524,-0.001540326362682507,0.03568441365223121
DNase,X3,chr15,0.044963308,0.15063795,-0.001399220043409238,0.03402702237827394
DNase,X3,chr16,0.062893525,0.23156953,0.002650967043956944,0.052308341271950894
DNase,X3,chr17,0.08277116,0.26786122,0.007141048785844177,0.06050612985184738
DNase,X3,chr18,0.04225819,0.1247334,-0.0020102681489992387,0.02817554394638023
DNase,X3,chr19,0.115023196,2.7678738,0.01442633592178313,0.6252242526682247
DNase,X3,chr20,0.06607042,0.19713554,0.003368584139156838,0.04453018086879331
DNase,X3,chr21,0.03941807,0.14525196,-0.0026518119012768774,0.03281040090984642
DNase,X3,chr22,0.06549956,0.22389318,0.0032396340039908987,0.05057436082087105
H3K27ac,X1,chr1,0.6156721,4.0686903,0.013901614779505496,1.1005342280503694
H3K27ac,X1,chr2,0.53691924,3.575751,-0.007400137987515846,0.9671997987561717
H3K27ac,X1,chr3,0.5064328,3.2195325,-0.015646378227296042,0.8708467447940231
H3K27ac,X1,chr4,0.40791675,2.617779,-0.04229383501174148,0.7080793072731906
H3K27ac,X1,chr5,0.5008887,3.247806,-0.01714598483728301,0.8784944257308771
H3K27ac,X1,chr6,0.624286,4.1291637,0.016231572081153493,1.1168916030254714
H3K27ac,X1,chr7,0.48963365,3.1847334,-0.020190348769098913,0.8614339862165842
H3K27ac,X1,chr8,0.49307933,3.2749832,-0.019258330379214202,0.8858455194529321
H3K27ac,X1,chr9,0.51950884,3.3221152,-0.012109451548527885,0.8985941909347256
H3K27ac,X1,chr10,0.5548063,3.5702598,-0.0025618937917599436,0.9657144765706418
H3K27ac,X1,chr11,0.56737024,3.7242196,0.0008365094390003,1.0073588297572815
H3K27ac,X1,chr12,0.6656606,4.3651323,0.02742293497199858,1.1807184098486483
H3K27ac,X1,chr13,0.40155163,2.4527729,-0.044015527340572604,0.6634470265292405
H3K27ac,X1,chr14,0.607353,4.03429,0.011651382623388124,1.0912292959184935
H3K27ac,X1,chr15,0.60759336,3.9199204,0.011716404162705618,1.0602936823200781
H3K27ac,X1,chr16,0.6221197,3.7574737,0.01564562047566006,1.016353696368663
H3K27ac,X1,chr17,0.90166044,5.501115,0.0912581899197979,1.4879886974145664
H3K27ac,X1,chr18,0.45850703,2.9857485,-0.028609743318889002,0.8076108552679117
H3K27ac,X1,chr19,1.0617324,5.9056954,0.13455582819715212,1.5974231241938308
H3K27ac,X1,chr20,0.6206476,3.8091922,0.015247430052138243,1.030342952379939
H3K27ac,X1,chr21,0.4755875,3.1929178,-0.023989675165983083,0.8636477818046734
H3K27ac,X1,chr22,0.72536254,4.58076,0.04357162192207564,1.2390432304100734
H3K27ac,X2,chr1,0.9101621,4.9789753,0.010519639229178137,1.0870269665802381
H3K27ac,X2,chr2,0.84313405,4.4491124,-0.004114153632101394,0.9713454848145987
H3K27ac,X2,chr3,0.85304296,4.29276,-0.001950805412351385,0.9372100662965203
H3K27ac,X2,chr4,0.76402825,4.0010285,-0.0213848020377384,0.8735182755511506
H3K27ac,X2,chr5,0.8284952,4.4161177,-0.007310155649752452,0.9641419584285348
H3K27ac,X2,chr6,0.9203146,4.9336886,0.012736171949867236,1.0771398286155927
H3K27ac,X2,chr7,0.8644149,4.617826,0.000531949114115041,1.0081796100962575
H3K27ac,X2,chr8,0.8019696,4.1766043,-0.013101319269747565,0.911850571917741
H3K27ac,X2,chr9,0.8049542,4.072095,-0.012449714788337455,0.8890337313210734
H3K27ac,X2,chr10,0.8849853,4.7158823,0.005022961847561207,1.0295876014612955
H3K27ac,X2,chr11,0.89134854,4.868788,0.0064122003517830236,1.0629704469286498
H3K27ac,X2,chr12,0.9447668,5.0637107,0.01807466220317108,1.1055266883720254
H3K27ac,X2,chr13,0.72345823,3.6109328,-0.030242188123668017,0.788351241788956
H3K27ac,X2,chr14,0.7982781,4.2337823,-0.013907259004678013,0.9243338734927004
H3K27ac,X2,chr15,0.80797523,4.1878877,-0.011790146295531524,0.9143140020047911
H3K27ac,X2,chr16,0.8893326,4.7136984,0.005972071604349222,1.0291108018247874
H3K27ac,X2,chr17,1.0862912,5.696379,0.0489727491281195,1.2436530445550216
H3K27ac,X2,chr18,0.81294787,4.197087,-0.010704503193049126,0.9163223903426759
H3K27ac,X2,chr19,1.1967659,6.5932107,0.07309196584981419,1.4394523768579046
H3K27ac,X2,chr20,0.95437974,5.0366926,0.020173387415418388,1.0996280105981868
H3K27ac,X2,chr21,0.6853733,3.3116138,-0.03855701942671201,0.7230028846208933
H3K27ac,X2,chr22,0.8788105,4.6394806,0.00367485772246062,1.0129073179331
H3K27ac,X3,chr1,0.84957415,5.829724,0.010517071707435346,1.0700960122754315
H3K27ac,X3,chr2,0.7458792,5.0373416,-0.008517033986725294,0.9246474285108741
H3K27ac,X3,chr3,0.8292633,5.688002,0.006788845947073444,1.0440817691372914
H3K27ac,X3,chr4,0.64397377,4.075798,-0.027222648723261612,0.7481478277855038
H3K27ac,X3,chr5,0.7488593,5.071296,-0.007970008577076321,0.9308800914766382
H3K27ac,X3,chr6,0.86611533,6.0840683,0.01355334828967333,1.1167831287971086
H3K27ac,X3,chr7,0.74304175,5.0569553,-0.009037866772055302,0.9282476999097447
H3K27ac,X3,chr8,0.733749,5.064456,-0.010743636813699815,0.9296245085330941
H3K27ac,X3,chr9,0.7477708,5.262744,-0.008169812129838623,0.9660219718473753
H3K27ac,X3,chr10,0.83556503,5.921947,0.007945577445036116,1.0870243688302648
H3K27ac,X3,chr11,0.8269195,5.725941,0.006358615134168397,1.0510458124499535
H3K27ac,X3,chr12,0.9210713,6.1930327,0.023640987873249277,1.136784490689334
H3K27ac,X3,chr13,0.66109216,4.4208965,-0.024080420021598038,0.8114936284291765
H3K27ac,X3,chr14,0.7439244,5.219044,-0.008875853246192627,0.9580005080020567
H3K27ac,X3,chr15,0.78699845,5.307278,-0.0009692365092600347,0.9741966089343254
H3K27ac,X3,chr16,0.786319,5.542379,-0.0010939523507854686,1.0173513754488497
H3K27ac,X3,chr17,1.0026271,6.5202475,0.038611265234633665,1.1968475699459296
H3K27ac,X3,chr18,0.7029767,4.758738,-0.016392151740610976,0.873507347036056
H3K27ac,X3,chr19,1.0387777,6.906728,0.04524701452669655,1.2677893629334522
H3K27ac,X3,chr20,0.8696421,6.052725,0.014200713113536687,1.111029766786301
H3K27ac,X3,chr21,0.7235993,5.153082,-0.012606693892608094,0.9458925571251462
H3K27ac,X3,chr22,0.84476036,5.806417,0.009633459040247252,1.0658178398728837
H3K4me3,X1,chr1,0.5195292,4.2493477,0.015981056222536365,1.0922360147861867
H3K4me3,X1,chr2,0.40390173,3.5339153,-0.013739391786685998,0.9083440160601818
H3K4me3,X1,chr3,0.41289824,3.585425,-0.011426961734766518,0.9215838507039438
H3K4me3,X1,chr4,0.30395806,2.9294178,-0.039428528403424604,0.752966316817943
H3K4me3,X1,chr5,0.39147395,3.4763284,-0.016933779885856138,0.8935420982351235
H3K4me3,X1,chr6,0.49445426,3.9965625,0.009535885083137326,1.027261076000988
H3K4me3,X1,chr7,0.39937216,3.548056,-0.014903653931035066,0.9119786631171718
H3K4me3,X1,chr8,0.3636612,3.2657478,-0.024082662144565555,0.8394152725401508
H3K4me3,X1,chr9,0.38293445,3.5400333,-0.019128739627922848,0.9099165784970292
H3K4me3,X1,chr10,0.42675298,3.63197,-0.007865792031027713,0.9335476061761041
H3K4me3,X1,chr11,0.52318543,4.333167,0.016920834021907576,1.1137806288132253
H3K4me3,X1,chr12,0.55445266,4.358243,0.024957641681723233,1.120226045081409
H3K4me3,X1,chr13,0.26453188,2.6459098,-0.04956248175988734,0.6800944929474162
H3K4me3,X1,chr14,0.43705574,3.816388,-0.005217612146643485,0.980949691352585
H3K4me3,X1,chr15,0.4408755,3.81877,-0.004235794760674816,0.9815619617748812
H3K4me3,X1,chr16,0.5748312,4.5682607,0.030195660799703383,1.1742081835111389
H3K4me3,X1,chr17,0.87417644,5.7451415,0.10713821583542357,1.4767091152954253
H3K4me3,X1,chr18,0.30250713,2.8820546,-0.03980146886871199,0.7407922408484031
H3K4me3,X1,chr19,1.2753596,7.1456647,0.2102568021970152,1.8366942178938412
H3K4me3,X1,chr20,0.5233972,4.214177,0.01697526793268774,1.0831959103306321
H3K4me3,X1,chr21,0.29738545,2.925063,-0.04111792534733917,0.7518469362220405
H3K4me3,X1,chr22,0.5512233,4.4593062,0.02412757433411018,1.1462029552312576
H3K4me3,X2,chr1,0.42861018,3.9032845,0.01651736268869991,1.098319975892474
H3K4me3,X2,chr2,0.31911758,3.2660656,-0.014292051337202641,0.9190170592637458
H3K4me3,X2,chr3,0.32359645,3.3090236,-0.013031770584081953,0.9311047387983149
H3K4me3,X2,chr4,0.25638765,2.8302817,-0.03194321889758008,0.7963946585950726
H3K4me3,X2,chr5,0.31185555,3.220152,-0.016335464509122696,0.906097701435979
H3K4me3,X2,chr6,0.41844097,3.8689945,0.01365591505457998,1.0886713135416988
H3K4me3,X2,chr7,0.32943103,3.2830267,-0.011390016031276264,0.9237896327716976
H3K4me3,X2,chr8,0.30230576,3.1129928,-0.01902261995918782,0.8759448852462544
H3K4me3,X2,chr9,0.31252614,3.1683316,-0.01614677376463573,0.8915163287630337
H3K4me3,X2,chr10,0.3373042,3.2851076,-0.009174633564782887,0.9243751686386839
H3K4me3,X2,chr11,0.4246048,3.8548648,0.015390316838401715,1.0846954659682484
H3K4me3,X2,chr12,0.43084204,3.932479,0.017145373051078674,1.106534786491978
H3K4me3,X2,chr13,0.22574045,2.6177082,-0.04056683708111869,0.7365799693268295
H3K4me3,X2,chr14,0.36248085,3.5930512,-0.0020903405709756123,1.011025420199439
H3K4me3,X2,chr15,0.34738463,3.4464788,-0.006338167474942177,0.9697823748956715
H3K4me3,X2,chr16,0.44755104,3.976082,0.021847010378077854,1.1188040036131721
H3K4me3,X2,chr17,0.6829882,4.996161,0.08809515590529973,1.4058374022330133
H3K4me3,X2,chr18,0.2592707,2.818106,-0.031131977000289968,0.7929685894851825
H3K4me3,X2,chr19,1.0719129,6.2612047,0.19753214823469128,1.7617998711193663
H3K4me3,X2,chr20,0.4260774,3.7971303,0.015804680069662107,1.0684499316641778
H3K4me3,X2,chr21,0.22247113,2.5373871,-0.041486768402847526,0.7139789423143555
H3K4me3,X2,chr22,0.3946567,3.642396,0.006963410496061412,1.0249102279197126
H3K4me3,X3,chr1,0.5933043,5.9232235,0.014661093346542935,1.1501418454156709
H3K4me3,X3,chr2,0.49655342,5.1948867,-0.004125502754870405,1.0087170545729822
H3K4me3,X3,chr3,0.51187664,5.1865463,-0.001150116383207193,1.0070975655239505
H3K4me3,X3,chr4,0.4571743,4.7502847,-0.011771942845501288,0.9223864645358798
H3K4me3,X3,chr5,0.4940582,5.211183,-0.004610013861007915,1.0118814052527434
H3K4me3,X3,chr6,0.5766008,5.7263618,0.011417694083189536,1.1119162188417961
H3K4me3,X3,chr7,0.48519254,4.843857,-0.006331502202454999,0.9405558335563312
H3K4me3,X3,chr8,0.4363774,4.2999964,-0.015810179667679895,0.834951740549335
H3K4me3,X3,chr9,0.45582584,4.3907814,-0.01203378115163563,0.8525799219023236
H3K4me3,X3,chr10,0.49193522,4.9109044,-0.005022241229396533,0.9535747996357596
H3K4me3,X3,chr11,0.54871905,5.4678674,0.006003757284422321,1.061723076513849
H3K4me3,X3,chr12,0.6209958,6.0641584,0.02003809836928634,1.1775078863687252
H3K4me3,X3,chr13,0.40878278,4.1886764,-0.02116836580361204,0.8133361773487363
H3K4me3,X3,chr14,0.51571447,5.185673,-0.000404906983451276,1.0069280335104134
H3K4me3,X3,chr15,0.51498926,5.2181664,-0.0005457245700641579,1.013237383591493
H3K4me3,X3,chr16,0.49293667,4.347812,-0.004827785185879123,0.8442363728384974
H3K4me3,X3,chr17,0.7131259,6.329003,0.03792745253886956,1.2289340477159367
H3K4me3,X3,chr18,0.40583995,3.9975147,-0.021739789843642,0.7762173698299256
H3K4me3,X3,chr19,0.85452247,6.2003274,0.06538313203949664,1.203948491780926
H3K4me3,X3,chr20,0.49365872,4.572093,-0.004687581007015931,0.8877861009101375
H3K4me3,X3,chr21,0.41332024,4.307848,-0.020287303947896396,0.8364763250031314
H3K4me3,X3,chr22,0.49957603,4.6277966,-0.0035385872757279827,0.8986023544816212
H3K27me3,X1,chr1,1.0989615,2.7756755,0.04318027352894443,1.0855662316456138
H3K27me3,X1,chr2,1.0133195,2.6353939,0.009685709590888492,1.030702091436991
H3K27me3,X1,chr3,0.96492225,2.482612,-0.009242443957362187,0.9709490914511851
H3K27me3,X1,chr4,0.836593,2.068603,-0.05943200246944217,0.8090302980690924
H3K27me3,X1,chr5,0.9163194,2.3919013,-0.028251021719952373,0.9354721755308094
H3K27me3,X1,chr6,0.96564734,2.5386431,-0.008958861184191138,0.9928628948834826
H3K27me3,X1,chr7,0.95291597,2.4660413,-0.013938099129198658,0.9644683450801422
H3K27me3,X1,chr8,0.9523385,2.4653845,-0.014163939647610587,0.9642114538215854
H3K27me3,X1,chr9,1.0155407,2.5109508,0.010554430973954032,0.9820324340190955
H3K27me3,X1,chr10,1.0751371,2.8077912,0.03386258048060023,1.0981266756388601
H3K27me3,X1,chr11,1.2117362,3.070063,0.0872864512229181,1.2007011639121903
H3K27me3,X1,chr12,0.9791277,2.625407,-0.003686692608056008,1.026796225361335
H3K27me3,X1,chr13,0.74802065,1.8812561,-0.09407262311751934,0.7357589434188406
H3K27me3,X1,chr14,0.88910514,2.2505376,-0.038894502113841746,0.8801848873979284
H3K27me3,X1,chr15,1.0139846,2.545145,0.009945817818018994,0.9954057919840654
H3K27me3,X1,chr16,0.9145094,2.340018,-0.028958894674338896,0.9151806567142555
H3K27me3,X1,chr17,1.1813574,3.2011392,0.07540530044875988,1.2519650034369143
H3K27me3,X1,chr18,0.996484,2.476571,0.003101344195863239,0.9685865310816546
H3K27me3,X1,chr19,0.9083761,2.4704206,-0.03135763428463901,0.9661810777978096
H3K27me3,X1,chr20,1.2709876,3.255247,0.11045967454040573,1.2731265956957893
H3K27me3,X1,chr21,0.81102586,1.8753248,-0.06943129656215531,0.7334392293408916
H3K27me3,X1,chr22,1.0708978,2.6633546,0.032204582851416697,1.0416375466959826
H3K27me3,X2,chr1,0.2031313,1.3989829,-0.0013225298901518535,0.9158437254308341
H3K27me3,X2,chr2,0.21258014,1.6951247,0.0048631511834697876,1.109712907347913
H3K27me3,X2,chr3,0.1562853,0.9961894,-0.031990251305182564,0.6521551027520504
H3K27me3,X2,chr4,0.17882574,1.412736,-0.01723416214924726,0.9248472378108964
H3K27me3,X2,chr5,0.19733898,1.500106,-0.005114470297459065,0.9820439290260836
H3K27me3,X2,chr6,0.20061624,1.4578604,-0.002969014927470958,0.9543878423114159
H3K27me3,X2,chr7,0.2176785,1.7720146,0.008200789589550643,1.1600488394067476
H3K27me3,X2,chr8,0.18497081,1.3113279,-0.013211290663049078,0.8584604397968142
H3K27me3,X2,chr9,0.1899346,1.4316709,-0.00996175002968247,0.9372429290296875
H3K27me3,X2,chr10,0.24715132,1.8812358,0.027495157807961097,1.2315504784098361
H3K27me3,X2,chr11,0.22010905,1.4837748,0.009791944035923539,0.9713527165616734
H3K27me3,X2,chr12,0.2383844,1.8656439,0.021755896662666564,1.2213431940053094
H3K27me3,X2,chr13,0.15716162,1.1721165,-0.031416567115662895,0.767325727806584
H3K27me3,X2,chr14,0.18284531,1.3214905,-0.014602749670906487,0.8651133775657341
H3K27me3,X2,chr15,0.20370288,1.557939,-0.0009483460383333278,1.0199043346129
H3K27me3,X2,chr16,0.2056307,1.4223784,0.0003137025993737981,0.9311596075983083
H3K27me3,X2,chr17,0.3487883,2.5391905,0.09403177373737333,1.6622803212075696
H3K27me3,X2,chr18,0.1640708,1.0896657,-0.026893476651583943,0.7133492925925312
H3K27me3,X2,chr19,0.26744312,1.6829984,0.04077918205459532,1.1017744112931582
H3K27me3,X2,chr20,0.23968217,1.5940449,0.02260548266878208,1.0435410323909053
H3K27me3,X2,chr21,0.15648702,1.1671485,-0.031858197318998006,0.7640733972315723
H3K27me3,X2,chr22,0.25002226,1.4363232,0.029374622482721723,0.9402885307818268
H3K27me3,X3,chr1,0.38475513,1.0855225,-0.0011298914578417878,1.0031998442483279
H3K27me3,X3,chr2,0.3950288,1.1582989,0.00836465058065826,1.0704570298841263
H3K27me3,X3,chr3,0.36864483,0.9478993,-0.01601843682514997,0.8760135175511784
H3K27me3,X3,chr4,0.36999154,1.022742,-0.014773859621636059,0.945180424664742
H3K27me3,X3,chr5,0.3921391,1.1495652,0.005694103205091386,1.062385731339288
H3K27me3,X3,chr6,0.42567423,1.1852152,0.036686025560770684,1.0953321587996445
H3K27me3,X3,chr7,0.38646567,1.1098276,0.0004509209961921253,1.0256617250764801
H3K27me3,X3,chr8,0.4060924,1.0289474,0.01858922633068216,0.9509151526236437
H3K27me3,X3,chr9,0.36831173,1.065198,-0.01632627606131167,0.984416610618771
H3K27me3,X3,chr10,0.42509404,1.1930729,0.03614983389488574,1.1025939368265205
H3K27me3,X3,chr11,0.40700492,1.0760621,0.0194325411353735,0.9944568463842166
H3K27me3,X3,chr12,0.38784322,1.0238682,0.001724004382888229,0.9462211895440547
H3K27me3,X3,chr13,0.3648285,1.0180767,-0.019545354011039455,0.9408688575728839
H3K27me3,X3,chr14,0.3865222,1.1536142,0.0005031685609231577,1.0661276154427977
H3K27me3,X3,chr15,0.38829824,1.1404641,0.002144518783686016,1.0539747823103887
H3K27me3,X3,chr16,0.29672045,0.7941067,-0.08248830096100043,0.733884111918894
H3K27me3,X3,chr17,0.4274163,1.3814144,0.03829597766872417,1.2766521955772783
H3K27me3,X3,chr18,0.37575087,0.90770555,-0.00945130077512223,0.8388679502837461
H3K27me3,X3,chr19,0.33183798,0.99172723,-0.05003397009476573,0.9165176915837985
H3K27me3,X3,chr20,0.42598805,1.1209698,0.036976044989667764,1.0359588745392434
H3K27me3,X3,chr21,0.36295894,1.0091083,-0.021273131676146,0.9325806366138011
H3K27me3,X3,chr22,0.32760754,0.8085295,-0.053943586232651886,0.7472131074151795
H3K36me3,X1,chr1,0.42329916,0.66081375,0.010114091397679428,1.0003393378791157
H3K36me3,X1,chr2,0.3918508,0.5814687,-0.03749241790154558,0.8802268668632138
H3K36me3,X1,chr3,0.3929623,0.59777635,-0.03580981884197963,0.9049133777437407
H3K36me3,X1,chr4,0.36328605,0.46738946,-0.08073371592327482,0.7075338068421296
H3K36me3,X1,chr5,0.38423765,0.5718266,-0.049017201866620105,0.8656306268016595
H3K36me3,X1,chr6,0.38531694,0.55927855,-0.04738337183277785,0.8466354296427747
H3K36me3,X1,chr7,0.40988392,0.6219114,-0.010193899359293868,0.941449002400561
H3K36me3,X1,chr8,0.37419263,0.5454411,-0.06422334799548114,0.8256882984719
H3K36me3,X1,chr9,0.43498784,0.6767096,0.027808405247829102,1.0244024533873484
H3K36me3,X1,chr10,0.40006748,0.6260962,-0.025054015490651928,0.9477839228946121
H3K36me3,X1,chr11,0.41668278,0.67520404,9.821477243337279e-05,1.0221233473359983
H3K36me3,X1,chr12,0.4220178,0.68897426,0.008174383478169614,1.04296869967058
H3K36me3,X1,chr13,0.35116586,0.41610026,-0.09908124598383461,0.629892254677506
H3K36me3,X1,chr14,0.41967055,0.6109615,0.004621102039664849,0.9248730376518586
H3K36me3,X1,chr15,0.43081117,0.6387201,0.02148575596099058,0.9668939821621856
H3K36me3,X1,chr16,0.51176834,0.90777564,0.1440386633113025,1.3741900569518615
H3K36me3,X1,chr17,0.5534731,0.9794808,0.20717131753629708,1.4827372760877264
H3K36me3,X1,chr18,0.37080124,0.4921596,-0.06935722408359693,0.74503082644638
H3K36me3,X1,chr19,0.6672255,1.2843715,0.3793695591724252,1.9442805683268811
H3K36me3,X1,chr20,0.46414247,0.8355351,0.07194265916793857,1.2648323967631745
H3K36me3,X1,chr21,0.4223601,0.6031617,0.008692526179776085,0.913065700117767
H3K36me3,X1,chr22,0.573279,0.99047375,0.23715348593532382,1.4993783865100134
H3K36me3,X2,chr1,0.4048151,0.6629191,0.027502132953683322,1.1076058671551139
H3K36me3,X2,chr2,0.38569692,0.56142867,-0.004440556695610931,0.9380355472222257
H3K36me3,X2,chr3,0.38746414,0.5695966,-0.0014878869983017326,0.951682519867872
H3K36me3,X2,chr4,0.35906443,0.47901368,-0.04893814249890947,0.800336512703313
H3K36me3,X2,chr5,0.3800946,0.55708694,-0.013800934915943404,0.9307813947688075
H3K36me3,X2,chr6,0.37919286,0.55173016,-0.015307544363673249,0.9218312672421938
H3K36me3,X2,chr7,0.3778207,0.5576122,-0.017600148131144498,0.9316589597920019
H3K36me3,X2,chr8,0.36934608,0.512368,-0.0317595482423884,0.8560649788885586
H3K36me3,X2,chr9,0.37070677,0.5556944,-0.029486115068081575,0.9284547320773766
H3K36me3,X2,chr10,0.38348794,0.5622063,-0.00813131912662471,0.9393348652950374
H3K36me3,X2,chr11,0.40266553,0.6432131,0.023910609463388237,1.0746810456108193
H3K36me3,X2,chr12,0.4168031,0.67560124,0.04753166827937095,1.1287951984703748
H3K36me3,X2,chr13,0.33904538,0.43076533,-0.08238599757722768,0.7197231227781901
H3K36me3,X2,chr14,0.36750427,0.5562896,-0.0348368516921406,0.9294492128219997
H3K36me3,X2,chr15,0.37336874,0.5756011,-0.025038487660186622,0.9617148647239289
H3K36me3,X2,chr16,0.41417348,0.70626616,0.04313811688232422,1.1800301772053763
H3K36me3,X2,chr17,0.46934214,0.8263813,0.13531396376051597,1.380718701900243
H3K36me3,X2,chr18,0.35688105,0.46426225,-0.052586132099979775,0.7756898022561594
H3K36me3,X2,chr19,0.53553826,0.9776703,0.24591449345091637,1.6334924833791389
H3K36me3,X2,chr20,0.42548075,0.71585375,0.06203031319900244,1.1960491248535694
H3K36me3,X2,chr21,0.3449808,0.5145747,-0.07246907463014515,0.8597519072009394
H3K36me3,X2,chr22,0.40842372,0.72354025,0.03353140898826601,1.2088917292862855
H3K36me3,X3,chr1,0.4206634,0.71779346,0.01620659999722166,1.0857361287742744
H3K36me3,X3,chr2,0.41897967,0.67419803,0.013659813149821594,1.019793571139862
H3K36me3,X3,chr3,0.42229787,0.6649374,0.018678916229500214,1.0057858828466428
H3K36me3,X3,chr4,0.39885095,0.58459973,-0.016786947878017263,0.8842669690129767
H3K36me3,X3,chr5,0.40833503,0.6360488,-0.0024413018356662063,0.9620889421312155
H3K36me3,X3,chr6,0.404111,0.6214719,-0.00883058309126392,0.9400398699349481
H3K36me3,X3,chr7,0.39784202,0.61080647,-0.018313054539230125,0.9239073348412644
H3K36me3,X3,chr8,0.38662633,0.5804285,-0.0352779294861848,0.8779575227812169
H3K36me3,X3,chr9,0.38192442,0.61102027,-0.04239005354654852,0.9242307320524519
H3K36me3,X3,chr10,0.40707847,0.66869205,-0.004341970446663959,1.0114652139100198
H3K36me3,X3,chr11,0.4102462,0.6676308,0.0004495284346196804,1.0098599484109416
H3K36me3,X3,chr12,0.45837766,0.774855,0.07325330005447675,1.1720475717001062
H3K36me3,X3,chr13,0.37910384,0.55675817,-0.04665647148053472,0.8421537460036324
H3K36me3,X3,chr14,0.40597674,0.6601399,-0.006008453315799573,0.9985292353043907
H3K36me3,X3,chr15,0.4037778,0.6766413,-0.009334567036214584,1.0234892430338642
H3K36me3,X3,chr16,0.4079537,0.6970725,-0.0030180884703391716,1.054393556569865
H3K36me3,X3,chr17,0.4758845,0.8397283,0.09973418527364122,1.2701750489445942
H3K36me3,X3,chr18,0.37581295,0.5403598,-0.051634282136816666,0.8173495315222581
H3K36me3,X3,chr19,0.46852046,0.79673386,0.08859532866706435,1.2051415557318164
H3K36me3,X3,chr20,0.41636613,0.7048083,0.009706559479303394,1.0660947294313
H3K36me3,X3,chr21,0.36510015,0.56791365,-0.06783849294360163,0.8590275612396031
H3K36me3,X3,chr22,0.3988528,0.7064896,-0.016784152975996964,1.0686379099535126
H3K4me1,X1,chr1,0.39748776,0.9521049,0.029732344692207913,1.091604321600031
H3K4me1,X1,chr2,0.3604905,0.83520365,-0.012685635024706043,0.9575750383696235
H3K4me1,X1,chr3,0.3582567,0.80242324,-0.015246728070988105,0.9199917479220032
H3K4me1,X1,chr4,0.29961568,0.60095483,-0.08247964039061931,0.6890048273364702
H3K4me1,X1,chr5,0.34163177,0.77589625,-0.0343074872691361,0.8895781102467681
H3K4me1,X1,chr6,0.38160402,0.8863507,0.011521365146393812,1.016215984776216
H3K4me1,X1,chr7,0.33854142,0.7294301,-0.037850627641020436,0.8363038623248628
H3K4me1,X1,chr8,0.34506094,0.799815,-0.0303758810803083,0.917001357266074
H3K4me1,X1,chr9,0.35701334,0.83153296,-0.016672253084875122,0.9533665277054232
H3K4me1,X1,chr10,0.38101375,0.9062404,0.010844616622303538,1.0390198747083357
H3K4me1,X1,chr11,0.38504145,0.9176265,0.01546243611060145,1.052074225946485
H3K4me1,X1,chr12,0.3885627,0.8983765,0.01949962408976748,1.0300038048530062
H3K4me1,X1,chr13,0.30484292,0.6087482,-0.07648652411878946,0.6979400536591327
H3K4me1,X1,chr14,0.38172537,0.9113573,0.011660500761363803,1.0448864636760806
H3K4me1,X1,chr15,0.39772603,0.975871,0.030005524761384007,1.1188525556969706
H3K4me1,X1,chr16,0.41847098,1.0482265,0.05378995858908164,1.2018092959382347
H3K4me1,X1,chr17,0.50357914,1.2162,0.15136789750466018,1.3943937617261253
H3K4me1,X1,chr18,0.32952073,0.7402602,-0.04819299612863736,0.848720759232737
H3K4me1,X1,chr19,0.5077587,1.190977,0.1561598073559915,1.3654751485345338
H3K4me1,X1,chr20,0.42724285,1.0531874,0.06384705122960023,1.2074970450708242
H3K4me1,X1,chr21,0.33024946,0.7521924,-0.047357499061533685,0.8624012207382514
H3K4me1,X1,chr22,0.45826823,1.1427522,0.09941817143410474,1.310184595936946
H3K4me1,X2,chr1,0.4285268,0.7434355,0.02189946332345811,1.10732261208697
H3K4me1,X2,chr2,0.41253012,0.63166565,-0.0019270402005038306,0.9408451066754626
H3K4me1,X2,chr3,0.41671133,0.6357484,0.00430072829784424,0.946926212020248
H3K4me1,X2,chr4,0.3755354,0.5326037,-0.0570294612217151,0.7932955820926672
H3K4me1,X2,chr5,0.40087798,0.6135919,-0.019282520358828447,0.9139248717690692
H3K4me1,X2,chr6,0.41837862,0.64476603,0.006784103033336426,0.9603576981980064
H3K4me1,X2,chr7,0.41022,0.6422981,-0.005367898054140024,0.9566817975483307
H3K4me1,X2,chr8,0.4116794,0.62291026,-0.003194184989124082,0.9278042487517453
H3K4me1,X2,chr9,0.39138594,0.65994436,-0.033420599780658124,0.982965308400637
H3K4me1,X2,chr10,0.43723693,0.6942367,0.034872937873353334,1.0340426159909748
H3K4me1,X2,chr11,0.44804314,0.75073683,0.05096841996452368,1.1181977026794752
H3K4me1,X2,chr12,0.42645174,0.683125,0.018808750432080603,1.017492140762995
H3K4me1,X2,chr13,0.35532197,0.52864474,-0.08713669000619227,0.7873988710396189
H3K4me1,X2,chr14,0.37866807,0.6312713,-0.05236345111676808,0.9402577438280226
H3K4me1,X2,chr15,0.39003587,0.68019557,-0.03543149188705783,1.0131288231653557
H3K4me1,X2,chr16,0.42920408,0.74570394,0.022908260789519335,1.1107013689261285
H3K4me1,X2,chr17,0.5075806,0.91841936,0.13964747012013792,1.3679552874904306
H3K4me1,X2,chr18,0.3967686,0.59346694,-0.025403309983058432,0.8839493912411823
H3K4me1,X2,chr19,0.4830284,0.8623547,0.10307782954744205,1.2844488212619358
H3K4me1,X2,chr20,0.46336427,0.7652168,0.07378874500730943,1.1397651763765726
H3K4me1,X2,chr21,0.33692366,0.54662514,-0.1145403717665359,0.8141800777992332
H3K4me1,X2,chr22,0.4311656,0.8229339,0.025829893792301082,1.2257328669429723
H3K4me1,X3,chr1,0.48243222,0.74586284,0.01611916514702181,1.05952848362353
H3K4me1,X3,chr2,0.471117,0.70531327,4.542589528207402e-05,1.0019261622937023
H3K4me1,X3,chr3,0.48310834,0.75412875,0.017079628601135894,1.071270548361317
H3K4me1,X3,chr4,0.450524,0.60985273,-0.02920774994570506,0.8663205934218495
H3K4me1,X3,chr5,0.4651713,0.6859005,-0.008400657806819412,0.9743495533725295
H3K4me1,X3,chr6,0.4799374,0.726222,0.01257518327763413,1.0316278394717056
H3K4me1,X3,chr7,0.45921275,0.64302516,-0.016865030406182646,0.9134433766206953
H3K4me1,X3,chr8,0.46380985,0.669455,-0.010334666356838973,0.9509880272452657
H3K4me1,X3,chr9,0.4604339,0.67359847,-0.015130336967987882,0.9568740040140049
H3K4me1,X3,chr10,0.48089042,0.75029063,0.013928985029106788,1.0658183402067996
H3K4me1,X3,chr11,0.47692984,0.7245932,0.008302820673551124,1.029314124626453
H3K4me1,X3,chr12,0.49852848,0.79214656,0.038984562600650384,1.12527639191295
H3K4me1,X3,chr13,0.4462172,0.59953296,-0.03532572476304251,0.8516609415458897
H3K4me1,X3,chr14,0.46064797,0.67284626,-0.014826241715600987,0.9558054582573232
H3K4me1,X3,chr15,0.47580275,0.72862285,0.00670173779035191,1.035038380127739
H3K4me1,X3,chr16,0.45534873,0.66210353,-0.022354028032275198,0.9405449822379867
H3K4me1,X3,chr17,0.51285785,0.8266932,0.059340020582155636,1.1743512608820255
H3K4me1,X3,chr18,0.4515348,0.6292313,-0.027771859833606177,0.8938486012919657
H3K4me1,X3,chr19,0.4689041,0.6554177,-0.0030980629924015793,0.931047456284976
H3K4me1,X3,chr20,0.48850185,0.7840855,0.02474132182067795,1.1138253407857583
H3K4me1,X3,chr21,0.44506195,0.61397904,-0.0369668146090018,0.8721821849942398
H3K4me1,X3,chr22,0.47359443,0.7423113,0.003564726220448459,1.0544833727747276
H3K9me3,X1,chr1,0.42435363,0.31555563,-0.03455991637964791,0.94103383480806
H3K9me3,X1,chr2,0.4348561,0.34467936,-0.003240025488701446,1.0278851105465863
H3K9me3,X1,chr3,0.44105798,0.354443,0.015254942259385553,1.0570017912152125
H3K9me3,X1,chr4,0.43906614,0.3340287,0.009314984405058114,0.9961232444867977
H3K9me3,X1,chr5,0.44222194,0.34439284,0.018726042640302924,1.0270306666951388
H3K9me3,X1,chr6,0.44093457,0.3534566,0.01488691105605242,1.0540601189623453
H3K9me3,X1,chr7,0.44371653,0.3478138,0.02318312181131394,1.0372325343115132
H3K9me3,X1,chr8,0.43766367,0.34372753,0.005132617730908416,1.0250466221205894
H3K9me3,X1,chr9,0.4267872,0.29578987,-0.027302653889772613,0.8820893849274924
H3K9me3,X1,chr10,0.43272498,0.33838052,-0.00959529602430774,1.0091010325583538
H3K9me3,X1,chr11,0.42072666,0.31639573,-0.04537608770948264,0.9435391310144734
H3K9me3,X1,chr12,0.44689307,0.3743981,0.03265603701770578,1.116510863707414
H3K9me3,X1,chr13,0.44283545,0.31450772,0.020555622536901783,0.9379088135157153
H3K9me3,X1,chr14,0.4412262,0.32209402,0.015756641400369746,0.9605322897130739
H3K9me3,X1,chr15,0.43119824,0.30420288,-0.014148271275588362,0.9071782524748779
H3K9me3,X1,chr16,0.42427307,0.307036,-0.034800145392593934,0.9156270615339606
H3K9me3,X1,chr17,0.41894466,0.3114866,-0.05069027698069765,0.9288993812181334
H3K9me3,X1,chr18,0.43470636,0.33158138,-0.003686533280429449,0.9888250106410332
H3K9me3,X1,chr19,0.5051254,0.47898263,0.20631352889077625,1.4283974449790091
H3K9me3,X1,chr20,0.4145956,0.30791807,-0.06365979968110916,0.9182574936820047
H3K9me3,X1,chr21,0.44896996,0.3044963,0.03884964400371947,0.9080532264417495
H3K9me3,X1,chr22,0.41154382,0.24106789,-0.07276068431103336,0.7189002966714717
H3K9me3,X2,chr1,0.34622985,0.8583115,-0.026880472761895452,0.969799385089499
H3K9me3,X2,chr2,0.36166838,0.77549154,-0.009436602661155773,0.8762217876926769
H3K9me3,X2,chr3,0.3488574,0.7504054,-0.02391162292221054,0.8478771277301692
H3K9me3,X2,chr4,0.37370712,0.7908356,0.004165872207730635,0.8935589467580746
H3K9me3,X2,chr5,0.36761948,0.80666614,-0.0027124941716323604,0.9114457232166095
H3K9me3,X2,chr6,0.3608647,0.77149504,-0.010344673500558526,0.8717061834517933
H3K9me3,X2,chr7,0.39160463,0.9199764,0.02438813534288723,1.0394741146506328
H3K9me3,X2,chr8,0.43360513,1.0054209,0.07184417265452057,1.1360171945461697
H3K9me3,X2,chr9,0.31102633,0.78421706,-0.06665664919646623,0.886080688584891
H3K9me3,X2,chr10,0.39911124,0.8976974,0.032869793778336674,1.0143012204946673
H3K9me3,X2,chr11,0.37126264,0.8284384,0.001403878123838029,0.9360460347140218
H3K9me3,X2,chr12,0.37968022,0.8796494,0.010914831673613274,0.9939089403139311
H3K9me3,X2,chr13,0.31618172,0.69878924,-0.06083162074595544,0.7895564657987866
H3K9me3,X2,chr14,0.33747354,0.82616717,-0.03677415828633053,0.9334797841607202
H3K9me3,X2,chr15,0.29722756,0.7028512,-0.08224777462205558,0.7941460168473732
H3K9me3,X2,chr16,0.34187582,0.89505196,-0.031800056898960156,1.0113121666091618
H3K9me3,X2,chr17,0.31591088,0.7518849,-0.06113764469331674,0.849548810481358
H3K9me3,X2,chr18,0.42334118,0.9892185,0.06024701668013903,1.1177101739345683
H3K9me3,X2,chr19,0.79294276,1.9724137,0.47785693257922696,2.2286146823813175
H3K9me3,X2,chr20,0.42545435,1.2156643,0.06263466346838731,1.3735694959281288
H3K9me3,X2,chr21,0.35824826,1.0361876,-0.01330096315842502,1.1707802757849366
H3K9me3,X2,chr22,0.2834084,0.8558581,-0.09786193265988032,0.9670273226561058
H3K9me3,X3,chr1,0.31276986,0.31957653,-0.12055504081674359,0.8158585826677582
H3K9me3,X3,chr2,0.37768084,0.41452035,0.045158562437477553,1.058244127017662
H3K9me3,X3,chr3,0.35849494,0.38275972,-0.0038218231431063994,0.97716124873609
H3K9me3,X3,chr4,0.38199085,0.39417505,0.05616174891135969,1.0063038675372478
H3K9me3,X3,chr5,0.38781992,0.4192211,0.07104298418734559,1.070244843417274
H3K9me3,X3,chr6,0.34047517,0.35272843,-0.04982513996738739,0.9004932639790649
H3K9me3,X3,chr7,0.35902599,0.38865793,-0.002466092402004852,0.9922189975829472
H3K9me3,X3,chr8,0.39539242,0.4340118,0.09037510045297403,1.1080045199812514
H3K9me3,X3,chr9,0.334399,0.3315694,-0.065337183008931,0.8464756223697414
H3K9me3,X3,chr10,0.36377406,0.40715915,0.009655444493531229,1.039451442311291
H3K9me3,X3,chr11,0.35952407,0.38641882,-0.0011945099408100508,0.9865026968904033
H3K9me3,X3,chr12,0.34436858,0.38461906,-0.03988552384144052,0.9819080182072492
H3K9me3,X3,chr13,0.37839887,0.39182374,0.0469916406542888,1.0003011127092165
H3K9me3,X3,chr14,0.35978174,0.37199572,-0.0005366925555715987,0.9496814334226013
H3K9me3,X3,chr15,0.330518,0.35423183,-0.07524514842561819,0.9043313689774155
H3K9me3,X3,chr16,0.39040694,0.44500297,0.07764748290848937,1.1360643193252367
H3K9me3,X3,chr17,0.31563947,0.36114672,-0.11322911895809912,0.9219846281504379
H3K9me3,X3,chr18,0.39358,0.4215732,0.0857480863096388,1.076249576414634
H3K9me3,X3,chr19,0.39379698,0.52196115,0.08630204980511892,1.3325336623847592
H3K9me3,X3,chr20,0.3537072,0.42149043,-0.016044627091586314,1.0760382927136385
H3K9me3,X3,chr21,0.3744538,0.42006475,0.0369201719342385,1.0723986133156467
H3K9me3,X3,chr22,0.34010842,0.39605552,-0.050761422727362455,1.0111045801643328
