mark	cell	chr	linear_mean	linear_std	log1p_mean	log1p_std
DNase	X1	chr1	0.061841685	0.3857744	0.0545322	0.08497418
DNase	X1	chr2	0.057774153	0.1324667	0.052652862	0.07126343
DNase	X1	chr3	0.05772609	0.14100638	0.05259581	0.070715755
DNase	X1	chr4	0.050898235	0.099826194	0.047531538	0.05604249
DNase	X1	chr5	0.05623491	0.12855998	0.051428076	0.068876624
DNase	X1	chr6	0.06041972	0.15297893	0.05424308	0.079041295
DNase	X1	chr7	0.05706206	0.13487412	0.05192517	0.07148336
DNase	X1	chr8	0.055489574	0.11762777	0.051075917	0.06582063
DNase	X1	chr9	0.054075234	0.13284041	0.049145564	0.07119743
DNase	X1	chr10	0.059549954	0.1371762	0.05409014	0.07373147
DNase	X1	chr11	0.06259496	0.16615911	0.055654038	0.08394806
DNase	X1	chr12	0.06306022	0.16834596	0.056020785	0.08444799
DNase	X1	chr13	0.047296952	0.09251969	0.044360355	0.052646033
DNase	X1	chr14	0.05601358	0.15544215	0.0502008	0.07702182
DNase	X1	chr15	0.055538394	0.14377113	0.04997944	0.07623834
DNase	X1	chr16	0.066680394	0.22433826	0.057519577	0.09685849
DNase	X1	chr17	0.08036938	0.3885114	0.06690308	0.11660489
DNase	X1	chr18	0.052456748	0.10169936	0.04882949	0.058930635
DNase	X1	chr19	0.099278316	0.33408108	0.07766425	0.14914657
DNase	X1	chr20	0.0653276	0.15708853	0.05831845	0.08478164
DNase	X1	chr21	0.048188668	0.11608941	0.04435892	0.06257446
DNase	X1	chr22	0.06324584	0.19004834	0.054734714	0.095668346
DNase	X2	chr1	0.041027132	0.18438007	0.03356061	0.096699245
DNase	X2	chr2	0.03319872	0.14694725	0.028352803	0.078356646
DNase	X2	chr3	0.030413039	0.47149974	0.025845403	0.07330059
DNase	X2	chr4	0.025587492	0.121172	0.022256125	0.06555596
DNase	X2	chr5	0.029545875	0.12756579	0.025548188	0.07207517
DNase	X2	chr6	0.03085685	0.12934786	0.026689526	0.07347239
DNase	X2	chr7	0.037885822	0.17133006	0.031468768	0.09003619
DNase	X2	chr8	0.033350926	0.15434624	0.028199283	0.080421515
DNase	X2	chr9	0.038612414	0.18613738	0.031408552	0.09500092
DNase	X2	chr10	0.038931612	0.15699196	0.0329621	0.08710025
DNase	X2	chr11	0.08445986	34.928894	0.03747786	0.10559332
DNase	X2	chr12	0.037817683	0.16059273	0.03168462	0.088447474
DNase	X2	chr13	0.023297748	0.10656872	0.02053984	0.06029483
DNase	X2	chr14	0.03439777	0.16415504	0.028492723	0.086623624
DNase	X2	chr15	0.033761356	0.15102567	0.028396303	0.08310045
DNase	X2	chr16	0.058521245	0.26004592	0.045204345	0.12588769
DNase	X2	chr17	0.075779624	0.29088753	0.058123082	0.14389367
DNase	X2	chr18	0.029368984	0.12101035	0.025657086	0.069461145
DNase	X2	chr19	0.11862663	0.42867455	0.08357807	0.19604962
DNase	X2	chr20	0.056099378	0.22295576	0.04524815	0.11446866
DNase	X2	chr21	0.032203265	0.15080929	0.027034674	0.081839554
DNase	X2	chr22	0.064679705	0.2525576	0.050847795	0.12898809
DNase	X3	chr1	0.05271867	0.17435037	0.04484551	0.09872358
DNase	X3	chr2	0.04701569	0.14633997	0.041214116	0.08487282
DNase	X3	chr3	0.044784546	0.32923374	0.039130766	0.082512826
DNase	X3	chr4	0.03711025	0.11578813	0.033259735	0.070356295
DNase	X3	chr5	0.04247977	0.12874328	0.03763259	0.07854953
DNase	X3	chr6	0.04629117	0.13987404	0.040648974	0.08426071
DNase	X3	chr7	0.048258577	0.16354033	0.041668907	0.09020755
DNase	X3	chr8	0.045960005	0.14542036	0.040263064	0.084091604
DNase	X3	chr9	0.04693031	0.1724229	0.03979289	0.09446821
DNase	X3	chr10	0.052955844	0.15461558	0.04613718	0.09155862
DNase	X3	chr11	0.07950884	20.325872	0.04847369	0.10411472
DNase	X3	chr12	0.052168965	0.16636363	0.04481853	0.09512415
DNase	X3	chr13	0.034129895	0.1102534	0.030531697	0.06897309
DNase	X3	chr14	0.04433863	0.15797524	0.037988696	0.08970901
DNase	X3	chr15	0.044963308	0.15063795	0.038729407	0.08949763
DNase	X3	chr16	0.062893525	0.23156953	0.051195905	0.117616594
DNase	X3	chr17	0.08277116	0.26786122	0.06633979	0.13721697
DNase	X3	chr18	0.04225819	0.1247334	0.03766388	0.07638714
DNase	X3	chr19	0.115023196	2.7678738	0.08206195	0.17585738
DNase	X3	chr20	0.06607042	0.19713554	0.055981226	0.10903993
DNase	X3	chr21	0.03941807	0.14525196	0.034000907	0.08370812
DNase	X3	chr22	0.06549956	0.22389318	0.05346078	0.120774694
H3K27ac	X1	chr1	0.6156721	4.0686903	0.2598604	0.3775368
H3K27ac	X1	chr2	0.53691924	3.575751	0.24451873	0.3475651
H3K27ac	X1	chr3	0.5064328	3.2195325	0.24222487	0.33770794
H3K27ac	X1	chr4	0.40791675	2.617779	0.22582419	0.2772164
H3K27ac	X1	chr5	0.5008887	3.247806	0.24083027	0.3317999
H3K27ac	X1	chr6	0.624286	4.1291637	0.25539827	0.3856671
H3K27ac	X1	chr7	0.48963365	3.1847334	0.2421733	0.32276425
H3K27ac	X1	chr8	0.49307933	3.2749832	0.23740694	0.32643002
H3K27ac	X1	chr9	0.51950884	3.3221152	0.25006488	0.33020246
H3K27ac	X1	chr10	0.5548063	3.5702598	0.24962358	0.3585952
H3K27ac	X1	chr11	0.56737024	3.7242196	0.25034702	0.36235055
H3K27ac	X1	chr12	0.6656606	4.3651323	0.26235527	0.40182334
H3K27ac	X1	chr13	0.40155163	2.4527729	0.23122728	0.26825485
H3K27ac	X1	chr14	0.607353	4.03429	0.26107287	0.36894977
H3K27ac	X1	chr15	0.60759336	3.9199204	0.26497564	0.3697471
H3K27ac	X1	chr16	0.6221197	3.7574737	0.26886824	0.38322484
H3K27ac	X1	chr17	0.90166044	5.501115	0.3023409	0.480561
H3K27ac	X1	chr18	0.45850703	2.9857485	0.2360631	0.30832717
H3K27ac	X1	chr19	1.0617324	5.9056954	0.32772586	0.5301458
H3K27ac	X1	chr20	0.6206476	3.8091922	0.261824	0.3892907
H3K27ac	X1	chr21	0.4755875	3.1929178	0.24588944	0.3003077
H3K27ac	X1	chr22	0.72536254	4.58076	0.28966817	0.40971646
H3K27ac	X2	chr1	0.9101621	4.9789753	0.34394607	0.53645194
H3K27ac	X2	chr2	0.84313405	4.4491124	0.3299548	0.53210473
H3K27ac	X2	chr3	0.85304296	4.29276	0.3324149	0.54049206
H3K27ac	X2	chr4	0.76402825	4.0010285	0.31418997	0.506013
H3K27ac	X2	chr5	0.8284952	4.4161177	0.32512963	0.52556306
H3K27ac	X2	chr6	0.9203146	4.9336886	0.33624068	0.553466
H3K27ac	X2	chr7	0.8644149	4.617826	0.3362801	0.5325982
H3K27ac	X2	chr8	0.8019696	4.1766043	0.32465273	0.5203674
H3K27ac	X2	chr9	0.8049542	4.072095	0.34181756	0.497085
H3K27ac	X2	chr10	0.8849853	4.7158823	0.34048122	0.5400564
H3K27ac	X2	chr11	0.89134854	4.868788	0.3366824	0.54014665
H3K27ac	X2	chr12	0.9447668	5.0637107	0.34261906	0.5587238
H3K27ac	X2	chr13	0.72345823	3.6109328	0.32130778	0.4755955
H3K27ac	X2	chr14	0.7982781	4.2337823	0.33554283	0.49158433
H3K27ac	X2	chr15	0.80797523	4.1878877	0.34528744	0.48878634
H3K27ac	X2	chr16	0.8893326	4.7136984	0.35625973	0.5217939
H3K27ac	X2	chr17	1.0862912	5.696379	0.3760975	0.5849866
H3K27ac	X2	chr18	0.81294787	4.197087	0.3332164	0.5181227
H3K27ac	X2	chr19	1.1967659	6.5932107	0.38292915	0.5977803
H3K27ac	X2	chr20	0.95437974	5.0366926	0.35684112	0.55826014
H3K27ac	X2	chr21	0.6853733	3.3116138	0.33131623	0.43880802
H3K27ac	X2	chr22	0.8788105	4.6394806	0.36537525	0.4995946
H3K27ac	X3	chr1	0.84957415	5.829724	0.34986493	0.3842371
H3K27ac	X3	chr2	0.7458792	5.0373416	0.34037688	0.35065004
H3K27ac	X3	chr3	0.8292633	5.688002	0.34754515	0.37768525
H3K27ac	X3	chr4	0.64397377	4.075798	0.33367157	0.30789718
H3K27ac	X3	chr5	0.7488593	5.071296	0.33976063	0.3481984
H3K27ac	X3	chr6	0.86611533	6.0840683	0.34964207	0.3874114
H3K27ac	X3	chr7	0.74304175	5.0569553	0.34013367	0.34704098
H3K27ac	X3	chr8	0.733749	5.064456	0.3373523	0.34355384
H3K27ac	X3	chr9	0.7477708	5.262744	0.34047416	0.343929
H3K27ac	X3	chr10	0.83556503	5.921947	0.3451801	0.3791479
H3K27ac	X3	chr11	0.8269195	5.725941	0.34577534	0.3775706
H3K27ac	X3	chr12	0.9210713	6.1930327	0.35894907	0.4105235
H3K27ac	X3	chr13	0.66109216	4.4208965	0.33487105	0.30907035
H3K27ac	X3	chr14	0.7439244	5.219044	0.34121853	0.34169808
H3K27ac	X3	chr15	0.78699845	5.307278	0.34601483	0.36269525
H3K27ac	X3	chr16	0.786319	5.542379	0.3425946	0.36060533
H3K27ac	X3	chr17	1.0026271	6.5202475	0.3685614	0.44010076
H3K27ac	X3	chr18	0.7029767	4.758738	0.33379245	0.3292971
H3K27ac	X3	chr19	1.0387777	6.906728	0.36868212	0.44687098
H3K27ac	X3	chr20	0.8696421	6.052725	0.3477303	0.39430788
H3K27ac	X3	chr21	0.7235993	5.153082	0.33935103	0.3285697
H3K27ac	X3	chr22	0.84476036	5.806417	0.35187703	0.3780727
H3K4me3	X1	chr1	0.5195292	4.2493477	0.10948199	0.44537923
H3K4me3	X1	chr2	0.40390173	3.5339153	0.100324064	0.39877534
H3K4me3	X1	chr3	0.41289824	3.585425	0.10272856	0.40191057
H3K4me3	X1	chr4	0.30395806	2.9294178	0.08582156	0.3493639
H3K4me3	X1	chr5	0.39147395	3.4763284	0.09844585	0.39231643
H3K4me3	X1	chr6	0.49445426	3.9965625	0.114433944	0.4377047
H3K4me3	X1	chr7	0.39937216	3.548056	0.096797675	0.39576715
H3K4me3	X1	chr8	0.3636612	3.2657478	0.0956647	0.38094953
H3K4me3	X1	chr9	0.38293445	3.5400333	0.08710424	0.38723525
H3K4me3	X1	chr10	0.42675298	3.63197	0.103404745	0.4101021
H3K4me3	X1	chr11	0.52318543	4.333167	0.110952035	0.4434806
H3K4me3	X1	chr12	0.55445266	4.358243	0.12065513	0.4588685
H3K4me3	X1	chr13	0.26453188	2.6459098	0.075695224	0.33000872
H3K4me3	X1	chr14	0.43705574	3.816388	0.098552845	0.41200498
H3K4me3	X1	chr15	0.4408755	3.81877	0.0973508	0.41467792
H3K4me3	X1	chr16	0.5748312	4.5682607	0.11009378	0.4648002
H3K4me3	X1	chr17	0.87417644	5.7451415	0.15310861	0.5649333
H3K4me3	X1	chr18	0.30250713	2.8820546	0.08505553	0.3509925
H3K4me3	X1	chr19	1.2753596	7.1456647	0.19960865	0.66771185
H3K4me3	X1	chr20	0.5233972	4.214177	0.1131051	0.44836232
H3K4me3	X1	chr21	0.29738545	2.925063	0.07709633	0.34785676
H3K4me3	X1	chr22	0.5512233	4.4593062	0.10051594	0.45914719
H3K4me3	X2	chr1	0.42861018	3.9032845	0.09584745	0.37077817
H3K4me3	X2	chr2	0.31911758	3.2660656	0.08263473	0.3146222
H3K4me3	X2	chr3	0.32359645	3.3090236	0.08272062	0.31567547
H3K4me3	X2	chr4	0.25638765	2.8302817	0.07515405	0.27716953
H3K4me3	X2	chr5	0.31185555	3.220152	0.08182757	0.31041476
H3K4me3	X2	chr6	0.41844097	3.8689945	0.09450935	0.36355713
H3K4me3	X2	chr7	0.32943103	3.2830267	0.08551856	0.32170194
H3K4me3	X2	chr8	0.30230576	3.1129928	0.08189411	0.30504122
H3K4me3	X2	chr9	0.31252614	3.1683316	0.08086666	0.3148677
H3K4me3	X2	chr10	0.3373042	3.2851076	0.08698588	0.32788607
H3K4me3	X2	chr11	0.4246048	3.8548648	0.096592106	0.36942077
H3K4me3	X2	chr12	0.43084204	3.932479	0.096554644	0.3697259
H3K4me3	X2	chr13	0.22574045	2.6177082	0.06939163	0.2584193
H3K4me3	X2	chr14	0.36248085	3.5930512	0.08534615	0.3365151
H3K4me3	X2	chr15	0.34738463	3.4464788	0.08432032	0.33191803
H3K4me3	X2	chr16	0.44755104	3.976082	0.09710106	0.3806809
H3K4me3	X2	chr17	0.6829882	4.996161	0.12902336	0.4771302
H3K4me3	X2	chr18	0.2592707	2.818106	0.07683716	0.27951765
H3K4me3	X2	chr19	1.0719129	6.2612047	0.18569927	0.59781396
H3K4me3	X2	chr20	0.4260774	3.7971303	0.09843296	0.3730964
H3K4me3	X2	chr21	0.22247113	2.5373871	0.069373764	0.259052
H3K4me3	X2	chr22	0.3946567	3.642396	0.09057559	0.36047152
H3K4me3	X3	chr1	0.5933043	5.9232235	0.20274638	0.34836355
H3K4me3	X3	chr2	0.49655342	5.1948867	0.19617385	0.3079695
H3K4me3	X3	chr3	0.51187664	5.1865463	0.19771619	0.31722334
H3K4me3	X3	chr4	0.4571743	4.7502847	0.20062213	0.2851738
H3K4me3	X3	chr5	0.4940582	5.211183	0.19830586	0.3037559
H3K4me3	X3	chr6	0.5766008	5.7263618	0.20431347	0.3427629
H3K4me3	X3	chr7	0.48519254	4.843857	0.198778	0.30804527
H3K4me3	X3	chr8	0.4363774	4.2999964	0.19445318	0.28775248
H3K4me3	X3	chr9	0.45582584	4.3907814	0.1983111	0.29527465
H3K4me3	X3	chr10	0.49193522	4.9109044	0.19440539	0.31523433
H3K4me3	X3	chr11	0.54871905	5.4678674	0.19971673	0.33572212
H3K4me3	X3	chr12	0.6209958	6.0641584	0.20623903	0.3605719
H3K4me3	X3	chr13	0.40878278	4.1886764	0.19852977	0.25935498
H3K4me3	X3	chr14	0.51571447	5.185673	0.20298767	0.3120763
H3K4me3	X3	chr15	0.51498926	5.2181664	0.20039886	0.315562
H3K4me3	X3	chr16	0.49293667	4.347812	0.20024402	0.3240322
H3K4me3	X3	chr17	0.7131259	6.329003	0.21382092	0.40860146
H3K4me3	X3	chr18	0.40583995	3.9975147	0.19408795	0.27024582
H3K4me3	X3	chr19	0.85452247	6.2003274	0.23923695	0.46836922
H3K4me3	X3	chr20	0.49365872	4.572093	0.19111788	0.32718596
H3K4me3	X3	chr21	0.41332024	4.307848	0.19966726	0.26111484
H3K4me3	X3	chr22	0.49957603	4.6277966	0.20231386	0.31974515
H3K27me3	X1	chr1	1.0989615	2.7756755	0.46866193	0.59054226
H3K27me3	X1	chr2	1.0133195	2.6353939	0.4345976	0.5812277
H3K27me3	X1	chr3	0.96492225	2.482612	0.42306283	0.5687971
H3K27me3	X1	chr4	0.836593	2.068603	0.41354734	0.50283104
H3K27me3	X1	chr5	0.9163194	2.3919013	0.41586724	0.5462142
H3K27me3	X1	chr6	0.96564734	2.5386431	0.42394143	0.5645632
H3K27me3	X1	chr7	0.95291597	2.4660413	0.4336904	0.5467456
H3K27me3	X1	chr8	0.9523385	2.4653845	0.4200316	0.56416816
H3K27me3	X1	chr9	1.0155407	2.5109508	0.46889138	0.54386115
H3K27me3	X1	chr10	1.0751371	2.8077912	0.44175872	0.605673
H3K27me3	X1	chr11	1.2117362	3.070063	0.4784557	0.6375059
H3K27me3	X1	chr12	0.9791277	2.625407	0.42316964	0.57068336
H3K27me3	X1	chr13	0.74802065	1.8812561	0.3880301	0.4715821
H3K27me3	X1	chr14	0.88910514	2.2505376	0.43402264	0.5066489
H3K27me3	X1	chr15	1.0139846	2.545145	0.4673623	0.5425853
H3K27me3	X1	chr16	0.9145094	2.340018	0.42698756	0.5328253
H3K27me3	X1	chr17	1.1813574	3.2011392	0.4665484	0.6226116
H3K27me3	X1	chr18	0.996484	2.476571	0.44133246	0.56881577
H3K27me3	X1	chr19	0.9083761	2.4704206	0.4231681	0.524354
H3K27me3	X1	chr20	1.2709876	3.255247	0.47260755	0.6695743
H3K27me3	X1	chr21	0.81102586	1.8753248	0.4415824	0.4464844
H3K27me3	X1	chr22	1.0708978	2.6633546	0.49515063	0.53934777
H3K27me3	X2	chr1	0.2031313	1.3989829	0.1214419	0.22241619
H3K27me3	X2	chr2	0.21258014	1.6951247	0.11751728	0.22563024
H3K27me3	X2	chr3	0.1562853	0.9961894	0.108089454	0.17646758
H3K27me3	X2	chr4	0.17882574	1.412736	0.10805672	0.19697936
H3K27me3	X2	chr5	0.19733898	1.500106	0.11435681	0.21593466
H3K27me3	X2	chr6	0.20061624	1.4578604	0.115803435	0.22145672
H3K27me3	X2	chr7	0.2176785	1.7720146	0.11669293	0.23043151
H3K27me3	X2	chr8	0.18497081	1.3113279	0.11526331	0.20365515
H3K27me3	X2	chr9	0.1899346	1.4316709	0.11437597	0.20724353
H3K27me3	X2	chr10	0.24715132	1.8812358	0.12728314	0.25434738
H3K27me3	X2	chr11	0.22010905	1.4837748	0.1281792	0.23620987
H3K27me3	X2	chr12	0.2383844	1.8656439	0.12317488	0.24831372
H3K27me3	X2	chr13	0.15716162	1.1721165	0.10465961	0.17282674
H3K27me3	X2	chr14	0.18284531	1.3214905	0.11319058	0.2020083
H3K27me3	X2	chr15	0.20370288	1.557939	0.11725139	0.21968184
H3K27me3	X2	chr16	0.2056307	1.4223784	0.123156495	0.22120292
H3K27me3	X2	chr17	0.3487883	2.5391905	0.1489321	0.3197366
H3K27me3	X2	chr18	0.1640708	1.0896657	0.1104511	0.18301733
H3K27me3	X2	chr19	0.26744312	1.6829984	0.14481029	0.271935
H3K27me3	X2	chr20	0.23968217	1.5940449	0.13666606	0.24938978
H3K27me3	X2	chr21	0.15648702	1.1671485	0.10695879	0.16760759
H3K27me3	X2	chr22	0.25002226	1.4363232	0.14265633	0.26572993
H3K27me3	X3	chr1	0.38475513	1.0855225	0.24594113	0.31349957
H3K27me3	X3	chr2	0.3950288	1.1582989	0.25052983	0.31676877
H3K27me3	X3	chr3	0.36864483	0.9478993	0.24470899	0.29982075
H3K27me3	X3	chr4	0.36999154	1.022742	0.24603654	0.29170427
H3K27me3	X3	chr5	0.3921391	1.1495652	0.2499779	0.3130419
H3K27me3	X3	chr6	0.42567423	1.1852152	0.26436636	0.33520162
H3K27me3	X3	chr7	0.38646567	1.1098276	0.24796973	0.30978373
H3K27me3	X3	chr8	0.4060924	1.0289474	0.2618222	0.32032073
H3K27me3	X3	chr9	0.36831173	1.065198	0.24100384	0.29619178
H3K27me3	X3	chr10	0.42509404	1.1930729	0.26246688	0.3372334
H3K27me3	X3	chr11	0.40700492	1.0760621	0.2578916	0.32655394
H3K27me3	X3	chr12	0.38784322	1.0238682	0.24918747	0.31642374
H3K27me3	X3	chr13	0.3648285	1.0180767	0.24354549	0.28724498
H3K27me3	X3	chr14	0.3865222	1.1536142	0.24617425	0.30923373
H3K27me3	X3	chr15	0.38829824	1.1404641	0.24560314	0.3138419
H3K27me3	X3	chr16	0.29672045	0.7941067	0.2094417	0.2505429
H3K27me3	X3	chr17	0.4274163	1.3814144	0.24808429	0.35191515
H3K27me3	X3	chr18	0.37575087	0.90770555	0.25206318	0.2972628
H3K27me3	X3	chr19	0.33183798	0.99172723	0.2156439	0.28944144
H3K27me3	X3	chr20	0.42598805	1.1209698	0.2628788	0.3433519
H3K27me3	X3	chr21	0.36295894	1.0091083	0.24205996	0.28636655
H3K27me3	X3	chr22	0.32760754	0.8085295	0.22423467	0.27484715
H3K36me3	X1	chr1	0.42329916	0.66081375	0.30761138	0.25519747
H3K36me3	X1	chr2	0.3918508	0.5814687	0.29178533	0.2396057
H3K36me3	X1	chr3	0.3929623	0.59777635	0.2910697	0.24300958
H3K36me3	X1	chr4	0.36328605	0.46738946	0.2829121	0.2029054
H3K36me3	X1	chr5	0.38423765	0.5718266	0.28825364	0.23251136
H3K36me3	X1	chr6	0.38531694	0.55927855	0.28946123	0.23278742
H3K36me3	X1	chr7	0.40988392	0.6219114	0.3019795	0.24514598
H3K36me3	X1	chr8	0.37419263	0.5454411	0.2830578	0.22715606
H3K36me3	X1	chr9	0.43498784	0.6767096	0.31629452	0.25119546
H3K36me3	X1	chr10	0.40006748	0.6260962	0.2933383	0.25058237
H3K36me3	X1	chr11	0.41668278	0.67520404	0.3005019	0.26164943
H3K36me3	X1	chr12	0.4220178	0.68897426	0.3031327	0.26423606
H3K36me3	X1	chr13	0.35116586	0.41610026	0.2772978	0.19289745
H3K36me3	X1	chr14	0.41967055	0.6109615	0.31102836	0.23905565
H3K36me3	X1	chr15	0.43081117	0.6387201	0.31662014	0.24482973
H3K36me3	X1	chr16	0.51176834	0.90777564	0.34188557	0.312729
H3K36me3	X1	chr17	0.5534731	0.9794808	0.35797048	0.3392568
H3K36me3	X1	chr18	0.37080124	0.4921596	0.28474656	0.21648586
H3K36me3	X1	chr19	0.6672255	1.2843715	0.3960126	0.39247018
H3K36me3	X1	chr20	0.46414247	0.8355351	0.31507978	0.30354798
H3K36me3	X1	chr21	0.4223601	0.6031617	0.31634638	0.22544716
H3K36me3	X1	chr22	0.573279	0.99047375	0.37546995	0.3240736
H3K36me3	X2	chr1	0.4048151	0.6629191	0.2897652	0.26877272
H3K36me3	X2	chr2	0.38569692	0.56142867	0.28508407	0.24912359
H3K36me3	X2	chr3	0.38746414	0.5695966	0.2859389	0.250366
H3K36me3	X2	chr4	0.35906443	0.47901368	0.27358547	0.22648303
H3K36me3	X2	chr5	0.3800946	0.55708694	0.2819303	0.24576432
H3K36me3	X2	chr6	0.37919286	0.55173016	0.28171104	0.24500842
H3K36me3	X2	chr7	0.3778207	0.5576122	0.28051403	0.24457918
H3K36me3	X2	chr8	0.36934608	0.512368	0.27806813	0.23543008
H3K36me3	X2	chr9	0.37070677	0.5556944	0.27585897	0.24135709
H3K36me3	X2	chr10	0.38348794	0.5622063	0.28356284	0.24838352
H3K36me3	X2	chr11	0.40266553	0.6432131	0.29003647	0.26557332
H3K36me3	X2	chr12	0.4168031	0.67560124	0.29624516	0.27550915
H3K36me3	X2	chr13	0.33904538	0.43076533	0.26352945	0.21014203
H3K36me3	X2	chr14	0.36750427	0.5562896	0.27393758	0.23964007
H3K36me3	X2	chr15	0.37336874	0.5756011	0.27588028	0.2459186
H3K36me3	X2	chr16	0.41417348	0.70626616	0.2922933	0.2771618
H3K36me3	X2	chr17	0.46934214	0.8263813	0.3155195	0.31344387
H3K36me3	X2	chr18	0.35688105	0.46426225	0.27280176	0.22486486
H3K36me3	X2	chr19	0.53553826	0.9776703	0.34115723	0.35111573
H3K36me3	X2	chr20	0.42548075	0.71585375	0.29866216	0.28328046
H3K36me3	X2	chr21	0.3449808	0.5145747	0.26260597	0.2215931
H3K36me3	X2	chr22	0.40842372	0.72354025	0.28727525	0.2765972
H3K36me3	X3	chr1	0.4206634	0.71779346	0.29336497	0.28924555
H3K36me3	X3	chr2	0.41897967	0.67419803	0.29688615	0.28027105
H3K36me3	X3	chr3	0.42229787	0.6649374	0.2996309	0.28049958
H3K36me3	X3	chr4	0.39885095	0.58459973	0.2928985	0.25462186
H3K36me3	X3	chr5	0.40833503	0.6360488	0.29353246	0.27009112
H3K36me3	X3	chr6	0.404111	0.6214719	0.29177892	0.26780024
H3K36me3	X3	chr7	0.39784202	0.61080647	0.28889805	0.26279578
H3K36me3	X3	chr8	0.38662633	0.5804285	0.2836834	0.25583383
H3K36me3	X3	chr9	0.38192442	0.61102027	0.27817276	0.25777072
H3K36me3	X3	chr10	0.40707847	0.66869205	0.28898466	0.27814603
H3K36me3	X3	chr11	0.4102462	0.6676308	0.29102004	0.27917558
H3K36me3	X3	chr12	0.45837766	0.774855	0.3126776	0.30721042
H3K36me3	X3	chr13	0.37910384	0.55675817	0.2818788	0.24378873
H3K36me3	X3	chr14	0.40597674	0.6601399	0.28983924	0.27250072
H3K36me3	X3	chr15	0.4037778	0.6766413	0.28606626	0.27729014
H3K36me3	X3	chr16	0.4079537	0.6970725	0.28686306	0.28224403
H3K36me3	X3	chr17	0.4758845	0.8397283	0.31472763	0.32863545
H3K36me3	X3	chr18	0.37581295	0.5403598	0.27996045	0.24469385
H3K36me3	X3	chr19	0.46852046	0.79673386	0.3143219	0.32034114
H3K36me3	X3	chr20	0.41636613	0.7048083	0.29011664	0.29158038
H3K36me3	X3	chr21	0.36510015	0.56791365	0.27116033	0.24185206
H3K36me3	X3	chr22	0.3988528	0.7064896	0.27987435	0.28046727
H3K4me1	X1	chr1	0.39748776	0.9521049	0.264803	0.29281208
H3K4me1	X1	chr2	0.3604905	0.83520365	0.24856836	0.2725629
H3K4me1	X1	chr3	0.3582567	0.80242324	0.24851045	0.2711734
H3K4me1	X1	chr4	0.29961568	0.60095483	0.22574563	0.21758428
H3K4me1	X1	chr5	0.34163177	0.77589625	0.2413878	0.2566285
H3K4me1	X1	chr6	0.38160402	0.8863507	0.25732476	0.28816256
H3K4me1	X1	chr7	0.33854142	0.7294301	0.24301632	0.24904509
H3K4me1	X1	chr8	0.34506094	0.799815	0.24157377	0.26119962
H3K4me1	X1	chr9	0.35701334	0.83153296	0.25048023	0.25783855
H3K4me1	X1	chr10	0.38101375	0.9062404	0.25643036	0.2866884
H3K4me1	X1	chr11	0.38504145	0.9176265	0.25824067	0.28885323
H3K4me1	X1	chr12	0.3885627	0.8983765	0.260698	0.29175466
H3K4me1	X1	chr13	0.30484292	0.6087482	0.23043923	0.21378723
H3K4me1	X1	chr14	0.38172537	0.9113573	0.2593197	0.27830803
H3K4me1	X1	chr15	0.39772603	0.975871	0.26582497	0.2872394
H3K4me1	X1	chr16	0.41847098	1.0482265	0.27157098	0.30449358
H3K4me1	X1	chr17	0.50357914	1.2162	0.30546856	0.35560787
H3K4me1	X1	chr18	0.32952073	0.7402602	0.23690659	0.2447551
H3K4me1	X1	chr19	0.5077587	1.190977	0.31061435	0.35237476
H3K4me1	X1	chr20	0.42724285	1.0531874	0.2731864	0.31781107
H3K4me1	X1	chr21	0.33024946	0.7521924	0.24128008	0.2289882
H3K4me1	X1	chr22	0.45826823	1.1427522	0.29141247	0.31756017
H3K4me1	X2	chr1	0.4285268	0.7434355	0.29766324	0.29234305
H3K4me1	X2	chr2	0.41253012	0.63166565	0.29659465	0.2726221
H3K4me1	X2	chr3	0.41671133	0.6357484	0.2989993	0.2742214
H3K4me1	X2	chr4	0.3755354	0.5326037	0.2796428	0.24770719
H3K4me1	X2	chr5	0.40087798	0.6135919	0.29024535	0.26702586
H3K4me1	X2	chr6	0.41837862	0.64476603	0.29916838	0.2764745
H3K4me1	X2	chr7	0.41022	0.6422981	0.29400364	0.2739889
H3K4me1	X2	chr8	0.4116794	0.62291026	0.29688087	0.27053112
H3K4me1	X2	chr9	0.39138594	0.65994436	0.27960134	0.27259448
H3K4me1	X2	chr10	0.43723693	0.6942367	0.30766174	0.28735602
H3K4me1	X2	chr11	0.44804314	0.75073683	0.3098728	0.29758877
H3K4me1	X2	chr12	0.42645174	0.683125	0.30160785	0.28308645
H3K4me1	X2	chr13	0.35532197	0.52864474	0.2657308	0.24271113
H3K4me1	X2	chr14	0.37866807	0.6312713	0.27361155	0.26442122
H3K4me1	X2	chr15	0.39003587	0.68019557	0.27663594	0.27621213
H3K4me1	X2	chr16	0.42920408	0.74570394	0.2977413	0.29324156
H3K4me1	X2	chr17	0.5075806	0.91841936	0.33141398	0.33559987
H3K4me1	X2	chr18	0.3967686	0.59346694	0.28863385	0.26453394
H3K4me1	X2	chr19	0.4830284	0.8623547	0.32118556	0.32253304
H3K4me1	X2	chr20	0.46336427	0.7652168	0.3180745	0.30431202
H3K4me1	X2	chr21	0.33692366	0.54662514	0.2517982	0.23932819
H3K4me1	X2	chr22	0.4311656	0.8229339	0.29066402	0.30800495
H3K4me1	X3	chr1	0.48243222	0.74586284	0.35225114	0.224693
H3K4me1	X3	chr2	0.471117	0.70531327	0.34821373	0.21483096
H3K4me1	X3	chr3	0.48310834	0.75412875	0.35219404	0.22558202
H3K4me1	X3	chr4	0.450524	0.60985273	0.34223604	0.19151732
H3K4me1	X3	chr5	0.4651713	0.6859005	0.34634042	0.20823878
H3K4me1	X3	chr6	0.4799374	0.726222	0.35206646	0.22142708
H3K4me1	X3	chr7	0.45921275	0.64302516	0.34496483	0.20200692
H3K4me1	X3	chr8	0.46380985	0.669455	0.34594953	0.2077885
H3K4me1	X3	chr9	0.4604339	0.67359847	0.3444092	0.20379339
H3K4me1	X3	chr10	0.48089042	0.75029063	0.3508573	0.22521463
H3K4me1	X3	chr11	0.47692984	0.7245932	0.3500657	0.22090541
H3K4me1	X3	chr12	0.49852848	0.79214656	0.35825717	0.2379194
H3K4me1	X3	chr13	0.4462172	0.59953296	0.34051347	0.18661417
H3K4me1	X3	chr14	0.46064797	0.67284626	0.34481078	0.20300548
H3K4me1	X3	chr15	0.47580275	0.72862285	0.34974763	0.21836099
H3K4me1	X3	chr16	0.45534873	0.66210353	0.34201527	0.20074095
H3K4me1	X3	chr17	0.51285785	0.8266932	0.36358473	0.24962276
H3K4me1	X3	chr18	0.4515348	0.6292313	0.34147596	0.19529648
H3K4me1	X3	chr19	0.4689041	0.6554177	0.34935716	0.21129271
H3K4me1	X3	chr20	0.48850185	0.7840855	0.35264647	0.23379847
H3K4me1	X3	chr21	0.44506195	0.61397904	0.3393162	0.18631777
H3K4me1	X3	chr22	0.47359443	0.7423113	0.34821853	0.21671185
H3K9me3	X1	chr1	0.42435363	0.31555563	0.33563378	0.17925934
H3K9me3	X1	chr2	0.4348561	0.34467936	0.33982792	0.19399147
H3K9me3	X1	chr3	0.44105798	0.354443	0.3430358	0.19898464
H3K9me3	X1	chr4	0.43906614	0.3340287	0.3436543	0.19076318
H3K9me3	X1	chr5	0.44222194	0.34439284	0.3448274	0.19512829
H3K9me3	X1	chr6	0.44093457	0.3534566	0.34308812	0.1984082
H3K9me3	X1	chr7	0.44371653	0.3478138	0.34620994	0.19256505
H3K9me3	X1	chr8	0.43766367	0.34372753	0.34184143	0.19409542
H3K9me3	X1	chr9	0.4267872	0.29578987	0.33936644	0.16939293
H3K9me3	X1	chr10	0.43272498	0.33838052	0.33894762	0.19142026
H3K9me3	X1	chr11	0.42072666	0.31639573	0.33254796	0.18249206
H3K9me3	X1	chr12	0.44689307	0.3743981	0.34599385	0.20220102
H3K9me3	X1	chr13	0.44283545	0.31450772	0.34840822	0.18086505
H3K9me3	X1	chr14	0.4412262	0.32209402	0.34702873	0.18114848
H3K9me3	X1	chr15	0.43119824	0.30420288	0.34190503	0.17173801
H3K9me3	X1	chr16	0.42427307	0.307036	0.33700836	0.17150106
H3K9me3	X1	chr17	0.41894466	0.3114866	0.33220267	0.1773549
H3K9me3	X1	chr18	0.43470636	0.33158138	0.3410123	0.18857503
H3K9me3	X1	chr19	0.5051254	0.47898263	0.37737897	0.22845387
H3K9me3	X1	chr20	0.4145956	0.30791807	0.3288116	0.17989919
H3K9me3	X1	chr21	0.44896996	0.3044963	0.35436696	0.17142202
H3K9me3	X1	chr22	0.41154382	0.24106789	0.33357608	0.14170292
H3K9me3	X2	chr1	0.34622985	0.8583115	0.22226673	0.32086512
H3K9me3	X2	chr2	0.36166838	0.77549154	0.24133208	0.31305325
H3K9me3	X2	chr3	0.3488574	0.7504054	0.23800051	0.30142727
H3K9me3	X2	chr4	0.37370712	0.7908356	0.24822776	0.31794924
H3K9me3	X2	chr5	0.36761948	0.80666614	0.24396114	0.3164754
H3K9me3	X2	chr6	0.3608647	0.77149504	0.24105239	0.3123614
H3K9me3	X2	chr7	0.39160463	0.9199764	0.24843365	0.33921936
H3K9me3	X2	chr8	0.43360513	1.0054209	0.26878595	0.35704145
H3K9me3	X2	chr9	0.31102633	0.78421706	0.20429143	0.30313396
H3K9me3	X2	chr10	0.39911124	0.8976974	0.2540713	0.33998492
H3K9me3	X2	chr11	0.37126264	0.8284384	0.24324353	0.3227611
H3K9me3	X2	chr12	0.37968022	0.8796494	0.24603352	0.3271072
H3K9me3	X2	chr13	0.31618172	0.69878924	0.21475512	0.29564142
H3K9me3	X2	chr14	0.33747354	0.82616717	0.21774957	0.31835875
H3K9me3	X2	chr15	0.29722756	0.7028512	0.19893128	0.2959621
H3K9me3	X2	chr16	0.34187582	0.89505196	0.2169176	0.3238682
H3K9me3	X2	chr17	0.31591088	0.7518849	0.21058422	0.3007199
H3K9me3	X2	chr18	0.42334118	0.9892185	0.25970253	0.35849935
H3K9me3	X2	chr19	0.79294276	1.9724137	0.36587784	0.5368063
H3K9me3	X2	chr20	0.42545435	1.2156643	0.255329	0.35977224
H3K9me3	X2	chr21	0.35824826	1.0361876	0.21872276	0.33676076
H3K9me3	X2	chr22	0.2834084	0.8558581	0.17691967	0.30519027
H3K9me3	X3	chr1	0.31276986	0.31957653	0.2519544	0.18529594
H3K9me3	X3	chr2	0.37768084	0.41452035	0.28940448	0.2293966
H3K9me3	X3	chr3	0.35849494	0.38275972	0.27870002	0.21769892
H3K9me3	X3	chr4	0.38199085	0.39417505	0.29521796	0.22011405
H3K9me3	X3	chr5	0.38781992	0.4192211	0.2963577	0.23118219
H3K9me3	X3	chr6	0.34047517	0.35272843	0.26881662	0.20383924
H3K9me3	X3	chr7	0.35902599	0.38865793	0.27932194	0.21520679
H3K9me3	X3	chr8	0.39539242	0.4340118	0.30002686	0.23737292
H3K9me3	X3	chr9	0.334399	0.3315694	0.26729175	0.18998243
H3K9me3	X3	chr10	0.36377406	0.40715915	0.2802173	0.22525452
H3K9me3	X3	chr11	0.35952407	0.38641882	0.27894005	0.21969515
H3K9me3	X3	chr12	0.34436858	0.38461906	0.26875284	0.21378198
H3K9me3	X3	chr13	0.37839887	0.39182374	0.29363257	0.21466017
H3K9me3	X3	chr14	0.35978174	0.37199572	0.28192228	0.2073793
H3K9me3	X3	chr15	0.330518	0.35423183	0.26314777	0.19258589
H3K9me3	X3	chr16	0.39040694	0.44500297	0.29577404	0.23774238
H3K9me3	X3	chr17	0.31563947	0.36114672	0.24949317	0.20371665
H3K9me3	X3	chr18	0.39358	0.4215732	0.3005594	0.23069754
H3K9me3	X3	chr19	0.39379698	0.52196115	0.29145107	0.25496575
H3K9me3	X3	chr20	0.3537072	0.42149043	0.27156502	0.22794981
H3K9me3	X3	chr21	0.3744538	0.42006475	0.29023832	0.21215883
H3K9me3	X3	chr22	0.34010842	0.39605552	0.2663904	0.2056118
