feature	fold_1_mean_abs_shap	fold_1_rank	fold_2_mean_abs_shap	fold_2_rank	fold_3_mean_abs_shap	fold_3_rank	fold_4_mean_abs_shap	fold_4_rank	fold_5_mean_abs_shap	fold_5_rank	mean_abs_shap_all	mean_rank_all
DNase_promoter_body_delta_rank	0.041818333127702646	2.0	0.02786203090683024	3.0	0.05756686800052706	1.0	0.03459779725718756	3.0	0.03560409953595733	2.0	0.039489825765640967	2.2
DNase_tss_autocorr	0.04624299586017804	1.0	0.02502275434707227	4.0	0.028470804597830062	2.0	0.03780778954813253	1.0	0.03051303406202723	3.0	0.03361147568304803	2.2
activation_index_rank	0.015372082277452159	5.0	0.03665963744305955	1.0	0.017019730095923516	5.0	0.021532827077212175	4.0	0.038859075190411464	1.0	0.02588867041681177	3.2
DNase_H3K4me3_interaction	0.030123656609169	3.0	0.024963235075652398	5.0	0.018974495886597498	3.0	0.03589630728645057	2.0	0.022228720140713344	4.0	0.02643728299971656	3.4
openness_index_rank	0.012635771275803273	7.0	0.010070331631999102	7.0	0.009583931478513788	8.0	0.012188311920939759	6.0	0.013086482684978931	6.0	0.01151296579844697	6.8
H3K27ac_gene_autocorr	0.012481900664440588	8.0	0.015542871623308543	6.0	0.0077908944732718016	11.0	0.005415583858630062	12.0	0.011997552109061348	7.0	0.01064576054574247	8.8
H3K27me3_gene_z_mean_rank	0.013546175024091025	6.0	0.00688783077689476	10.0	0.008549070403308427	10.0	0.007320983348774378	10.0	0.009500385561365383	8.0	0.009160889022886795	8.8
DNase_tss_autocorr_rank	0.0028702552110320273	26.0	0.030028905648520766	2.0	0.016627119665448328	6.0	0.017640231671151464	5.0	0.019860516178623652	5.0	0.017405405674955247	8.8
DNase_ratio_std	0.009130765151957237	9.0	0.00836885528284637	8.0	0.00876481674379044	9.0	0.009998154807592398	8.0	0.005965860158341614	11.0	0.008445690428905613	9.0
H3K4me3_gene_autocorr	0.023001324999519023	4.0	0.00541208459072166	14.0	0.004338885110287442	20.0	0.010116864917622372	7.0	0.004320758382296565	14.0	0.009437983600089411	11.8
H3K4me3_tss_autocorr	0.007494327448665771	11.0	0.006692481716508212	11.0	0.0175891169562981	4.0	0.00532699412586648	13.0	0.0017507339375479115	29.0	0.007770730836977295	13.6
H3K4me3_tss_entropy	0.005674877550520148	14.0	0.00694796386947049	9.0	0.007245058989438995	13.0	0.004514393976668789	18.0	0.004276502530290958	15.0	0.005731759383277876	13.8
H3K36me3_ratio_std	0.004330900644356234	17.0	0.006170330290051841	13.0	0.00488776343776006	15.0	0.008122492753999627	9.0	0.0041756349993211485	16.0	0.005537424425097782	14.0
H3K36me3_gene_z_mean_rank	0.008001797402511265	10.0	0.004494615730775729	16.0	0.006017354097176789	14.0	0.003810781412176461	21.0	0.006340162604065194	10.0	0.005732942249341088	14.2
DNase_tss_slope	0.006034626145176291	13.0	0.0039968127906776126	18.0	0.0077750073682511705	12.0	0.007144388029641274	11.0	0.0034553250632094186	19.0	0.005681231879391154	14.6
DNase_tss_entropy	0.0032299540345090204	20.0	0.006307521913201727	12.0	0.004582914241674276	18.0	0.004879940736446199	15.0	0.0051851664433719856	12.0	0.004837099473840641	15.4
H3K4me3_axis_sum_rank	0.006237723433814312	12.0	0.004952268774867124	15.0	0.003947962648076716	22.0	0.004131220422644113	19.0	0.006955006070647694	9.0	0.005244836270009992	15.4
H3K27me3_gene_z_std	0.0031035327707114716	23.0	0.0032994449870050175	21.0	0.004724438854570469	16.0	0.0046158050447619205	17.0	0.0022812910250537017	26.0	0.0036049025364205166	20.6
H3K4me1_tss_entropy	0.004563806860360662	16.0	0.003174137583778752	22.0	0.004490107164817509	19.0	0.0031674727106999574	23.0	0.003019092170866831	23.0	0.0036829232981047426	20.6
H3K36me3_promoter_body_delta	0.005525715784882712	15.0	0.0025711964030588597	25.0	0.0033689856967070234	27.0	0.0041103847904576125	20.0	0.0033652685707035797	20.0	0.003788310249161957	21.4
H3K27ac_tss_entropy	0.003137643897239874	22.0	0.002480300700498295	27.0	0.0024132536644952754	31.0	0.0026882282786429915	28.0	0.0031533613960337318	21.0	0.0027745575873820336	25.8
DNase_H3K36me3_interaction	0.003226639411741479	21.0	0.0016989908156420763	35.0	0.0024431542285126306	29.0	0.0022923585666046313	33.0	0.004532507250348564	13.0	0.002838730054569876	26.2
H3K4me3_gene_z_std	0.0010450360500623241	57.0	0.00441469397229857	17.0	0.004020472362371368	21.0	0.004909803115417184	14.0	0.0020846700378359877	28.0	0.003294935107597087	27.4
DNase_tss_slope_rank	0.003337350840384522	18.0	0.0029596436027860985	23.0	0.00372129283820439	24.0	0.0010079404445963393	61.0	0.003455480064576266	18.0	0.002896341558109523	28.8
H3K27ac_tss_z_mean_rank	0.0030423760928146846	24.0	0.002074571626419541	29.0	0.001362550714862679	55.0	0.0024434969859100228	30.0	0.0031111567579936252	22.0	0.0024068304356001107	32.0
H3K27ac_axis_sum_rank	0.0018728254646677076	32.0	0.0017082793711089765	34.0	0.0035085502118175752	25.0	0.0015457248072620361	45.0	0.002601785364354556	25.0	0.0022474330438421704	32.2
H3K27ac_tss_skewness	0.0029788497681845294	25.0	0.001535857559951828	40.0	0.0023062504156507965	33.0	0.0027683225459824838	27.0	0.001002472809656696	48.0	0.002118350619885267	34.6
H3K27ac_gene_z_std	0.001154658342126698	51.0	0.002104386771048474	28.0	0.0022585537119878415	34.0	0.0022205807767677697	34.0	0.0015998019311050504	31.0	0.0018675963066071665	35.6
H3K27me3_axis_sum	0.002118399059403367	29.0	0.0010416412794144931	54.0	0.0018424292896691795	40.0	0.00281818364060434	26.0	0.0014777654475312866	38.0	0.0018596837433245334	37.4
H3K4me3_promoter_body_delta	0.0022126903044462553	28.0	0.0027243253284779238	24.0	0.0009387420424176752	80.0	0.0024047569272122654	31.0	0.0014986682497303242	36.0	0.001955836570456889	39.8
H3K4me3_gene_entropy	0.0014869694181574734	38.0	0.001081436363107616	52.0	0.0017341700813033787	43.0	0.002105698421859486	36.0	0.001570775594917474	32.0	0.0015958099758690857	40.2
DNase_H3K27ac_interaction	0.0008836117200543294	69.0	0.003328061643346532	20.0	0.0017618029089138487	42.0	0.0029469493444906503	24.0	0.0009566045804996951	49.0	0.0019754060394610107	40.8
H3K27ac_ratio_std	0.0018113130760234483	34.0	0.0017427916850461269	33.0	0.0014495144475825663	52.0	0.001689160290090716	42.0	0.0010709227343947574	46.0	0.0015527404466275229	41.4
DNase_ratio_std_rank	0.0012499980113241293	47.0	0.0018322716375187343	32.0	0.0014390527651897246	53.0	0.0010628115087934736	58.0	0.0021541540972944964	27.0	0.0015476576040241116	43.4
H3K36me3_H3K4me1_interaction	0.0020868258983614495	30.0	0.0005350989728742422	84.0	0.0019935296510079736	39.0	0.0028424227924176344	25.0	0.0012647878612927685	41.0	0.0017445330351908133	43.8
H3K27ac_gene_autocorr_rank	0.0005595830226593136	103.0	0.0014353180367742504	43.0	0.004670823156355855	17.0	0.003312497322332093	22.0	0.0015188171221179251	35.0	0.0022994077320478874	44.0
H3K4me3_ratio_std	0.00124205949913136	50.0	0.0016065865020296489	37.0	0.0013047478531223195	56.0	0.001888574976433076	40.0	0.0011796525857359966	43.0	0.0014443242832904801	45.2
H3K27ac_tss_kurtosis	0.0016736436110996952	36.0	0.0011560878508559828	51.0	0.0013917217226893824	54.0	0.0010750207766485503	57.0	0.00152805612232868	33.0	0.0013649060167244581	46.2
H3K4me3_gene_slope	0.0011436540362193763	52.0	0.001254181194513919	48.0	0.0016985964484170007	44.0	0.00126865322679905	49.0	0.0014550033547704325	39.0	0.0013640176521439557	46.4
DNase_tss_kurtosis	0.0016951783352020164	35.0	0.0009445568790113618	57.0	0.0009354084765766389	81.0	0.002123126333419203	35.0	0.0007388386928023639	59.0	0.0012874217434023167	53.4
H3K36me3_gene_slope_rank	0.0019712172716454418	31.0	0.0008391495444851344	62.0	0.0012928905937976435	57.0	0.0020891673885607043	37.0	0.0003616483794302351	92.0	0.001310814635583832	55.8
H3K9me3_gene_z_std_rank	0.0009757731553656033	62.0	0.0009007864853396545	60.0	0.0015282485806594904	49.0	0.000689011254725942	77.0	0.0014827414633327369	37.0	0.0011153121878846853	57.0
H3K9me3_tss_entropy	0.00063665713470347	87.0	0.0016645670814947556	36.0	0.0012585964262032024	59.0	0.001647131995561616	43.0	0.0006187676583241047	67.0	0.0011651440592574298	58.4
H3K27ac_H3K36me3_interaction	0.0010494620449603938	56.0	0.00046205294614297713	93.0	0.00243393390368013	30.0	0.0011490306352497264	53.0	0.0005508582827272776	71.0	0.0011290675625521011	60.6
H3K4me3_tss_slope	0.001249847449413603	48.0	0.0011624528375763301	50.0	0.0010892570061762797	69.0	0.0007627948682486358	72.0	0.0006796115379483313	65.0	0.0009887927398726359	60.8
DNase_gene_slope	0.0013398005479769016	42.0	0.0006917222640966006	75.0	0.0010873992394962201	70.0	0.0010192455218056265	60.0	0.0007565799327232713	58.0	0.000978949501219724	61.0
H3K9me3_gene_z_std	0.0013678509698592269	40.0	0.00033661822699578746	116.0	0.0010151344600824134	76.0	0.0023614011006821145	32.0	0.001112502432835565	44.0	0.0012387014380910214	61.6
H3K36me3_ratio_std_rank	0.0003897850056603343	139.0	0.0015669715908154002	39.0	0.001032434222722349	74.0	0.001291007136705247	48.0	0.003636567115382601	17.0	0.0015833530142571862	63.4
H3K27ac_tss_autocorr	0.0013632214646711268	41.0	0.0010550334405055922	53.0	0.0005651139126662511	116.0	0.0019902768001476526	39.0	0.0004666380177984455	77.0	0.0010880567271578136	65.2
H3K36me3_promoter_body_delta_rank	0.00047572148071183424	115.0	0.002509736368963662	26.0	0.0021867498353715393	35.0	0.0003820458195569254	108.0	0.0012434048012738021	42.0	0.0013595316611755524	65.2
H3K36me3_gene_slope	0.001279170941722424	46.0	0.0005276515688613951	86.0	0.002179125007505362	37.0	0.0007592609769707486	73.0	0.0004176805777165005	85.0	0.001032577814555286	65.4
H3K4me3_tss_kurtosis	0.0006812412628244928	81.0	0.0006922374763223011	74.0	0.0009925982849720342	77.0	0.0007708483838193746	71.0	0.0008880701490523856	52.0	0.0008049991113981177	71.0
H3K4me3_tss_z_min	0.0006438987181429807	86.0	0.0005292573435559204	85.0	0.0009682935806442053	78.0	0.0007023533995501287	76.0	0.0016627637779389535	30.0	0.0009013133639664377	71.0
DNase_H3K36me3_interaction_rank	0.0027493788872505853	27.0	0.0019253758737503544	31.0	0.0006336025860666657	103.0	0.00021494321982257073	160.0	0.001317022230780707	40.0	0.0013680645595341766	72.2
H3K4me3_gene_autocorr_rank	0.0007325868492608822	77.0	0.0008512909719971067	61.0	0.0005300392819722088	123.0	0.0008244488886787031	66.0	0.001525998502922362	34.0	0.0008928728989662526	72.2
H3K27me3_gene_z_std_rank	0.0009088695910668132	66.0	0.0013509756110886726	45.0	0.00037499813817284906	154.0	0.0007442043422560417	74.0	0.002837504580055393	24.0	0.001243310452527954	72.6
H3K27ac_H3K4me3_interaction	0.0018665710825733664	33.0	0.00035465985794342074	113.0	0.0034908936795350234	26.0	0.0004225349216314416	104.0	0.0003832157972048241	88.0	0.0013035750677776153	72.8
H3K4me1_promoter_body_delta	0.0016268402136901724	37.0	0.0007635378218681724	68.0	0.0015255475969968017	50.0	0.00044169270343100045	101.0	0.00024397667074951712	113.0	0.0009203190013471329	73.8
H3K27me3_gene_entropy	0.00103735888938967	58.0	0.0009036606030346474	58.0	0.0007748673785012127	88.0	0.0006169466204175991	81.0	0.0003959421193852485	86.0	0.0007457551221456756	74.2
H3K27me3_axis_sum_rank	0.0013228234383285747	43.0	0.0015147906661908273	42.0	0.00032401108886463513	166.0	0.001229098031916049	50.0	0.00047109193626353814	76.0	0.0009723630323127249	75.4
DNase_H3K27me3_interaction	0.00044921711513459534	118.0	0.0006431496111620082	78.0	0.0007106564591076794	95.0	0.00206449079047361	38.0	0.0008713396560278459	53.0	0.0009477707263811478	76.4
H3K4me3_ratio_mean	0.0008324920874126349	72.0	0.0007235200668610414	72.0	0.0007999334831934828	87.0	0.0011848329683458816	51.0	0.00028267327745890665	102.0	0.0007646903766543895	76.8
H3K36me3_tss_z_std_rank	0.00093986115130933	64.0	0.0009782897395873558	56.0	0.0005442188652750173	119.0	0.0008241245053236925	67.0	0.00037256953059546443	90.0	0.000731812758418172	79.2
H3K4me1_tss_z_min	0.000652194626290641	84.0	0.0004506920621563214	94.0	0.0012711654363903328	58.0	0.00037779795182229007	110.0	0.0008311630899270349	55.0	0.0007166026333173239	80.2
H3K9me3_tss_autocorr_rank	0.0008748169712726869	70.0	0.0015249532753869408	41.0	0.0011916700985087972	64.0	0.0004218164391648343	105.0	0.00020786300160069015	127.0	0.0008442239571867897	81.4
DNase_H3K27me3_interaction_rank	0.0009202667212529874	65.0	0.0007864664576538218	65.0	0.0023891335865472802	32.0	0.00022787455959479087	152.0	0.0003100648554023967	96.0	0.0009267612360902554	82.0
H3K4me3_gene_entropy_rank	0.0032950248275908224	19.0	0.00200887521759698	30.0	0.00019897073662259677	194.0	0.0010470002062087076	59.0	0.00024957211091524307	111.0	0.00135988861978687	82.6
DNase_gene_autocorr	0.0014764504054895948	39.0	0.00036637934477631005	109.0	0.001795666731404179	41.0	0.0005103313975226743	92.0	0.00016220259285350846	135.0	0.0008622060944092534	83.2
tss_length	0.0010119699990412336	60.0	0.0004175195336514579	98.0	0.0005173621702479407	127.0	0.0008355198363794068	65.0	0.0006665705827528655	66.0	0.0006897884244145808	83.2
DNase_tss_skewness	0.00124790644191138	49.0	0.0013209478107140923	46.0	0.0004133677484839411	146.0	0.00047006298681661143	98.0	0.00043672884870189673	81.0	0.0007778027673255843	84.0
H3K27ac_tss_kurtosis_rank	0.001078580206192544	53.0	0.0007135455941371587	73.0	0.0015687687740043625	48.0	0.00017545310491349033	178.0	0.0005233464285767588	72.0	0.0008119388215648629	84.8
H3K27ac_gene_slope	0.0006226170587823152	92.0	0.0003955400879873671	102.0	0.0006148400491496487	107.0	0.0006786188793168111	78.0	0.0006927443778505471	62.0	0.0006008720906173379	88.2
H3K4me1_tss_skewness	0.0008563342958893752	71.0	0.00019108969722657538	149.0	0.001082541887691519	71.0	0.0010829879832301682	56.0	0.0003022039209643436	99.0	0.0007030315570003962	89.2
H3K27ac_ratio_mean	0.000623681990098896	91.0	0.00030452605059768853	122.0	0.0015813313256629288	47.0	0.0005032473151557549	93.0	0.0003462744331236232	93.0	0.0006718122229277783	89.2
H3K27ac_gene_skewness	0.0005957250452381685	100.0	0.0006624863674857147	77.0	0.0005793505931173292	113.0	0.0009106574031191631	63.0	0.0003026974336057615	98.0	0.0006101833685132273	90.2
H3K27me3_gene_skewness	0.0008971417834188813	67.0	0.00039503125629635296	103.0	0.0006525086135019945	99.0	0.0008236323658242223	68.0	0.00023730523325157294	117.0	0.0006011238504586049	90.8
H3K4me3_tss_autocorr_rank	0.000975824805578882	61.0	0.0007489208843874011	70.0	0.0007549416573207643	90.0	0.00022397299808204094	153.0	0.00043048859244745397	83.0	0.0006268297875633085	91.4
H3K9me3_tss_entropy_rank	0.0010285401576313378	59.0	0.0005141400271014541	90.0	0.002067142507969756	38.0	0.00047070185515486697	97.0	6.829015635218975e-05	173.0	0.0008297629408419209	91.4
H3K36me3_axis_sum	0.00044028738903741235	120.0	0.00027355404519005864	126.0	0.0008003531079924206	86.0	0.0011611904884334275	52.0	0.0004330814101998968	82.0	0.0006216932881706431	93.2
H3K36me3_ratio_mean	0.0004303160387419965	125.0	0.0005143350197906635	89.0	0.0011989613445416302	62.0	0.0004892275859875809	94.0	0.00028420189262418164	100.0	0.0005834083763372105	94.0
H3K36me3_gene_autocorr	0.00039658485852684164	137.0	0.000588475091053691	80.0	0.0005673065345423649	114.0	0.0005749587753921126	86.0	0.0008485289659109585	54.0	0.0005951708450851938	94.2
H3K27ac_H3K36me3_interaction_rank	0.0002446179692334491	164.0	0.0014074753817441457	44.0	0.001659924851485907	45.0	0.00019390404986803842	168.0	0.0009322713172044601	50.0	0.0008876387139072	94.2
H3K36me3_tss_z_mean_rank	0.0010771468412063482	54.0	0.00040442593467300813	100.0	0.0004795452521140585	134.0	0.0004094691427797163	106.0	0.00046608558391685013	78.0	0.0005673345509379962	94.4
H3K4me1_gene_autocorr	0.0005856934613438903	101.0	0.00041165508434670104	99.0	0.0004385929477766408	143.0	0.0009356318323327658	62.0	0.0005133633308858592	73.0	0.0005769873313371715	95.6
H3K4me3_tss_skewness	0.0003734636615731282	142.0	0.0008264807752993129	63.0	0.0005939211662604886	111.0	0.00040621606706503786	107.0	0.0007722822337211817	57.0	0.0005944727807838299	96.0
H3K36me3_tss_autocorr	0.0006454343696304541	85.0	0.0003184274030393236	121.0	0.0006277025570702729	105.0	0.00034196924571791413	122.0	0.001034911008157175	47.0	0.0005936889167230279	96.0
H3K9me3_gene_z_mean	0.0005120376080770485	109.0	0.00042514760094525814	96.0	0.0011094717356567177	68.0	0.00079752613597226	70.0	0.00014945091875094102	141.0	0.000598726799880445	96.8
H3K27me3_gene_kurtosis	0.0005559584732902317	105.0	0.0005201707778637659	87.0	0.0007319129000752766	92.0	0.0006764520386902017	79.0	0.00017603643882211078	132.0	0.0005321061257483173	99.0
H3K9me3_gene_z_mean_rank	0.0006256750500063702	89.0	0.0002481169543792911	135.0	0.0004706364890545992	136.0	0.0008764120257303272	64.0	0.0003669411304994103	91.0	0.0005175563299339996	103.0
H3K4me1_tss_entropy_rank	0.00011197357976275805	211.0	0.0035860101852459043	19.0	0.00013336497547378795	212.0	0.0018296001220555072	41.0	0.0009124132521495089	51.0	0.0013146724229374932	106.8
DNase_gene_z_std	0.0002634232338993092	159.0	0.0003573364277318417	112.0	0.0008985774898315457	83.0	0.00475610166550257	16.0	8.186285558852258e-05	164.0	0.0012714603345107577	106.8
H3K9me3_tss_z_min	0.0	242.0	0.0002711305218660281	127.0	0.001515811298431118	51.0	0.0015466101926591978	44.0	0.0005553488801409638	70.0	0.0007777801786194615	106.8
H3K9me3_tss_kurtosis	0.0006128376527389318	94.0	0.0002623458916595346	131.0	0.0012197651690865623	61.0	0.0003817630969910379	109.0	0.0001513835380314243	140.0	0.0005256190697014981	107.0
H3K4me3_H3K27me3_interaction	0.0008226047350363344	73.0	0.0002543324403264129	132.0	0.0008907779518010971	84.0	0.00032715068540540356	127.0	0.00022352029931144033	120.0	0.0005036772223761377	107.2
H3K4me3_H3K27me3_interaction_rank	0.0004766618550385771	114.0	0.0001622143689436669	156.0	0.0008365566758998423	85.0	0.00047739956388144733	96.0	0.0003790868176166586	89.0	0.0004663838562760384	108.0
H3K4me1_tss_kurtosis	0.000701914527329012	79.0	0.00021194612510059028	141.0	0.0010532934802786153	72.0	0.0011162810731412999	55.0	4.521091680807341e-05	194.0	0.0006257292245315183	108.2
H3K27ac_gene_z_mean_rank	0.00019882057697176832	179.0	0.0013112245012325365	47.0	0.0010339098103673637	73.0	0.00010124569672757721	203.0	0.001090107990195123	45.0	0.0007470617150988738	109.4
H3K27me3_ratio_std	0.0006001344841172038	98.0	0.0007331950835659243	71.0	0.00026126444211189504	178.0	0.00028823753937961947	135.0	0.0004723139269047847	75.0	0.0004710290952158855	111.4
H3K9me3_gene_slope	0.0004568806030467189	116.0	0.00041840127807448	97.0	0.0006428653070129464	100.0	0.0003382799251174303	126.0	0.00022118557119627663	121.0	0.00041552253688957044	112.0
H3K9me3_tss_autocorr	0.0008922230390111038	68.0	0.00014553648495460575	162.0	0.003236116136041528	28.0	0.0005160874085778577	91.0	0.0	212.0	0.0009579926137170191	112.2
H3K27ac_promoter_body_delta	0.0004445942388373911	119.0	0.00017609781955892746	153.0	0.0006353050405823215	102.0	0.0006232330233038342	80.0	0.00024819841247782277	112.0	0.0004254857069520593	113.2
H3K4me1_tss_slope	0.000484616190440268	113.0	0.0003979293204732305	101.0	0.0005450447023016287	118.0	0.0005991091226364573	83.0	9.883546870220926e-05	156.0	0.0004251069609107588	114.2
H3K4me1_gene_z_std	0.0002334724188996861	168.0	0.0003261512674616963	118.0	0.0011931625973429928	63.0	0.00021102009525264764	162.0	0.0005763085447030695	69.0	0.0005080229847320185	116.0
promoter_variability	0.0002898843619367781	154.0	0.0004849174167885394	92.0	0.0007571786450728603	89.0	0.0004505320212672623	100.0	0.00012870824510691057	147.0	0.00042224413803447014	116.4
H3K36me3_tss_entropy	0.0004225121356499614	128.0	0.0003579409248461474	111.0	0.0006676457854999454	97.0	0.0005466759547266502	88.0	7.938149392720566e-05	167.0	0.00041483125892998195	118.2
H3K36me3_H3K4me1_interaction_rank	0.000175622565697919	190.0	0.0007644260591363908	67.0	0.0012415603801643061	60.0	0.00015321260454162963	192.0	0.00039507856493796993	87.0	0.0005459800348956431	119.2
DNase_H3K4me3_interaction_rank	0.00042019495376843834	129.0	0.00038948546124278855	106.0	0.01069389402350585	7.0	0.0001610385043172421	186.0	7.18845390806992e-05	171.0	0.002347299496383004	119.8
H3K27ac_tss_entropy_rank	0.0006538847245593239	83.0	2.900857550905587e-05	223.0	0.0021860447322529296	36.0	0.00029944099921912584	131.0	0.00019777754823492951	129.0	0.0006732313159550729	120.4
H3K4me3_H3K4me1_interaction	0.00020609914229051775	176.0	0.0003200340576430887	120.0	0.0009409480100232634	79.0	0.00019534714674295629	167.0	0.0005924222778636238	68.0	0.00045097012691269	122.0
H3K4me3_gene_slope_rank	0.0005689670367136028	102.0	7.906628454689492e-05	190.0	0.0005828239494651394	112.0	0.0002953233335229369	132.0	0.00044667018936207743	80.0	0.0003945701587221303	123.2
H3K27ac_tss_slope	0.0002545862776486324	162.0	0.00017587181769760285	154.0	0.001133477538759169	65.0	0.00043012096555575464	102.0	0.00017171327380522268	133.0	0.00043315397469327637	123.2
H3K27me3_ratio_mean	0.00045495204047232255	117.0	0.00016156039593087843	157.0	0.00062481563569098	106.0	0.0005163223978324516	90.0	0.00010587731342657085	151.0	0.0003727055566706407	124.2
H3K4me3_tss_slope_rank	0.00011875933334150271	210.0	0.0009015910588662896	59.0	0.0002690361428943124	177.0	0.0006102588964330001	82.0	0.0003071462067432366	97.0	0.00044135832765566826	125.0
H3K4me3_ratio_std_rank	0.0005271647124255045	107.0	0.0	233.0	0.0004534327918967997	140.0	0.00137364984934684	46.0	0.00026157700549927273	107.0	0.0005231648718336834	126.6
H3K36me3_H3K9me3_interaction	0.0003868048534309255	141.0	0.0002650998897635589	130.0	0.0004010913285775896	147.0	0.0007099655053798684	75.0	0.00012175886272416519	148.0	0.00037694408797522155	128.2
gene_length	0.0003207125389035974	149.0	0.0003929315891503004	105.0	0.00039573325062662996	149.0	0.0001676482779199767	182.0	0.0008028006721639291	56.0	0.0004159652657528868	128.2
H3K9me3_tss_slope	0.0003118235716079924	152.0	0.00014856315171785914	161.0	0.0005510179286933565	117.0	0.0005370131168223753	89.0	0.00021181910127184844	125.0	0.0003520473740226863	128.8
H3K36me3_ratio_mean_rank	0.00042459203684152636	127.0	0.0007966609329557378	64.0	0.00045466975119268075	139.0	0.0004278583140371917	103.0	0.0	212.0	0.0004207562070054273	129.0
H3K4me3_gene_kurtosis	0.00040992129605290094	132.0	0.00020277649499946597	147.0	0.00028031552366635556	173.0	0.0003414711058540439	124.0	0.0004928124511921125	74.0	0.00034545937435297576	130.0
H3K27ac_tss_z_min	0.001317478694467246	44.0	0.0003306315530533392	117.0	0.0002220175690211197	190.0	0.00022828186931396315	151.0	9.923603345158808e-05	154.0	0.00043952914386145126	131.2
H3K36me3_gene_skewness	0.0005978431046759228	99.0	0.00020297478247257854	146.0	0.0004145471126924915	145.0	0.0003036740482294317	129.0	0.0001587826519109899	138.0	0.0003355643399962829	131.4
DNase_gene_skewness	0.0003949774415054936	138.0	0.0003730068413584633	108.0	0.0006106622644375735	109.0	0.00013182291139983922	196.0	0.00026225821719943706	106.0	0.0003545455351801613	131.4
H3K36me3_tss_slope	0.0004958800243439301	111.0	0.00030365279215645546	123.0	0.0009276079972823361	82.0	0.00019199777199578415	169.0	6.537033846259613e-05	176.0	0.0003969017848482204	132.2
H3K36me3_tss_kurtosis	0.0007741037608653134	75.0	0.00011889898826332652	173.0	0.00037676445948373077	153.0	0.00034169478694509	123.0	0.00015563589161643205	139.0	0.00035341957743477854	132.6
H3K27me3_gene_kurtosis_rank	0.0004199538389013484	130.0	0.0012109186551177628	49.0	1.2738868072462617e-05	248.0	0.0001982738849797198	166.0	0.0004486134014797181	79.0	0.0004580997297102023	134.4
H3K27me3_tss_autocorr	0.001074163734041612	55.0	0.00012320489171169444	170.0	0.0006367401623701464	101.0	0.0002707840229100086	139.0	0.0	212.0	0.0004209785622066923	135.4
H3K27me3_tss_skewness	0.0003325668564805661	146.0	0.00024049972532491238	137.0	0.00038814781765701396	151.0	0.0005854876634646143	84.0	9.011903344888617e-05	161.0	0.00032736421927519855	135.8
H3K4me1_tss_z_mean_rank	0.0005560471342722562	104.0	0.0001263069948128933	169.0	0.0002881362874064742	170.0	0.00025198541386714155	144.0	0.0003206854456025147	95.0	0.000308632255192256	136.4
H3K27me3_tss_kurtosis	0.0005186498961430205	108.0	0.0001432048532606673	165.0	0.0005661288345443845	115.0	0.0002628131271814558	142.0	0.00010020773327988661	153.0	0.00031820088888188296	136.6
H3K4me1_axis_sum	0.0006606029631331773	82.0	6.214774267142886e-05	199.0	0.0006082690450539422	110.0	0.00015627776246721984	191.0	0.00028129378327509014	103.0	0.0003537182593201716	137.0
H3K27ac_H3K4me1_interaction	0.0003722525925351704	143.0	0.0002423231517808015	136.0	0.00030638336247260675	167.0	0.0005808508573606443	85.0	9.907855925288566e-05	155.0	0.0003201777046804217	137.2
H3K27ac_gene_z_min	6.912926521646738e-05	229.0	0.00036382976510874494	110.0	0.0037753237648030847	23.0	0.0003625155670913283	115.0	0.0	212.0	0.0009141596724439252	137.8
H3K9me3_ratio_std	0.0006832237507375729	80.0	0.00013136814223142342	168.0	0.0002557855189557054	179.0	0.0005740280941431902	87.0	6.406876870235974e-05	177.0	0.00034169485495405034	138.2
H3K27me3_gene_slope	7.778180459501718e-05	226.0	0.000674003689996698	76.0	0.0003600575943308319	159.0	0.0002730718657477764	138.0	0.00034480671373205096	94.0	0.00034594433368047485	138.6
H3K27ac_tss_slope_rank	0.0004050182849425929	134.0	0.00014351174178159066	164.0	0.0007189222640850218	94.0	7.099113638134174e-05	217.0	0.00042674632993615976	84.0	0.0003530379514253414	138.6
H3K27ac_gene_kurtosis	0.0008166973879346252	74.0	0.0005098112527587631	91.0	0.0001803851447234791	197.0	0.0002882159954312275	136.0	3.800302073482748e-05	198.0	0.0003666225603165845	139.2
H3K9me3_tss_skewness	0.0005081574156182519	110.0	0.00018117424469295498	152.0	0.0004642278458438609	137.0	0.00022256006976675299	155.0	0.00014220709909345332	144.0	0.0003036653350030548	139.6
H3K4me1_H3K9me3_interaction	0.0002790309359889996	156.0	8.77351705443418e-05	185.0	0.0005203175464876519	125.0	0.0003119410719105124	128.0	0.00026385808373046815	105.0	0.00029257656173239477	139.8
H3K27ac_H3K4me3_interaction_rank	0.0003998985615639745	135.0	0.00020645869828472393	144.0	0.0002493650284114871	181.0	0.002673060608931326	29.0	0.0	212.0	0.0007057565794383023	140.2
H3K27ac_H3K27me3_interaction	0.0003891955683541877	140.0	0.000152365921985196	159.0	0.00010019888515149959	218.0	0.00030007482101153594	130.0	0.0006817606863832725	64.0	0.00032471917657713833	142.2
H3K36me3_gene_kurtosis	0.0004263391596693338	126.0	0.00043193424346005136	95.0	9.473348940517402e-05	219.0	0.0002228583737234263	154.0	0.00021630966755984237	124.0	0.0002784349867635656	143.6
H3K4me1_gene_kurtosis	0.0007634951354334079	76.0	0.00028622067092959493	124.0	0.00019779136033601608	195.0	0.00037715408943731274	111.0	0.0	212.0	0.0003249322512272663	143.6
H3K4me3_promoter_body_delta_rank	0.0006065678003661244	96.0	0.0007494292739688205	69.0	0.0	250.0	0.0	243.0	0.0007017819032632947	61.0	0.00041155579551964796	143.8
H3K4me1_tss_kurtosis_rank	0.00019054240831064824	185.0	3.329767661537227e-05	218.0	0.001118336952156128	67.0	0.000260640275903601	143.0	0.0002593595122230095	108.0	0.0003724353650417518	144.2
H3K27me3_gene_autocorr	0.00032148669333172494	148.0	0.00016129818103943134	158.0	0.0016490233702135127	46.0	0.00017965903663265718	174.0	3.0072241248017683e-05	203.0	0.0004683079044930688	145.8
DNase_gene_kurtosis	0.00034093397691585184	145.0	0.0003481599800137062	114.0	0.00012788294624788618	214.0	0.00013140172752305472	198.0	0.0007270048600533231	60.0	0.00033507669815076443	146.2
H3K4me3_ratio_mean_rank	0.0002771566478786879	157.0	5.863315542830557e-05	202.0	0.0002703021725676152	176.0	0.00028833605513899226	134.0	0.0006833718075197353	63.0	0.00031555996770666727	146.4
H3K27ac_H3K9me3_interaction	0.0013002532767910498	45.0	8.324897724577348e-05	187.0	0.00025182222935933135	180.0	0.0003470531243766389	121.0	3.121015564739916e-05	200.0	0.00040271755268403854	146.6
H3K27ac_H3K4me1_interaction_rank	0.0003137193264382864	151.0	0.00016666059540349106	155.0	0.0005261222582275499	124.0	0.00017426634852737885	179.0	0.0002100858403975514	126.0	0.0002781708737988515	147.0
H3K27me3_H3K36me3_interaction	0.00025835220233707043	160.0	0.00025043515045504287	133.0	0.0005302033438929704	121.0	0.0003589554893389582	116.0	1.8838643861515717e-05	208.0	0.0002833569659771116	147.6
H3K9me3_gene_autocorr_rank	0.00028826978122487284	155.0	0.0007784118995614692	66.0	0.0004466135265309392	142.0	0.00012707843385340438	201.0	5.3782464041649244e-05	186.0	0.00033883122104246704	150.0
DNase_H3K27ac_interaction_rank	0.0001004402486996815	216.0	0.0015877148378876424	38.0	0.0010230225174446574	75.0	9.17418682573438e-05	210.0	0.0	212.0	0.000560583894457865	150.2
H3K36me3_tss_skewness	0.0002512031669232873	163.0	0.00018439413742518915	150.0	0.0007316757441554904	93.0	9.059859310359399e-05	211.0	0.00016218516467724953	136.0	0.00028401136125696204	150.6
H3K4me1_gene_slope	0.0009658461539319303	63.0	0.0002072004379208598	143.0	0.00028671861643224286	171.0	9.288916576104389e-05	208.0	6.600075285453717e-05	175.0	0.0003237310253801228	152.0
H3K36me3_axis_sum_rank	0.0	242.0	0.0	233.0	0.0011296678103315503	66.0	0.00035258984329793506	119.0	0.0002835555483285179	101.0	0.0003531626403916007	152.2
H3K27me3_H3K4me1_interaction	0.0004075369353577535	133.0	0.0002657044083156843	129.0	0.00023245592354229162	186.0	0.0001659097396670637	184.0	0.00019549549917468394	130.0	0.0002534205012114954	152.4
H3K4me1_tss_slope_rank	0.00014624097237726964	201.0	4.353547903153719e-05	212.0	0.0004903425196926617	132.0	0.0003748773708557079	112.0	0.000258465070574052	109.0	0.0002626922825062457	153.2
H3K4me3_H3K36me3_interaction	0.00016843788070627935	194.0	0.00021840345046147893	140.0	0.0006660588681881633	98.0	0.0002643599234906041	141.0	4.350925173810423e-05	195.0	0.000272153874916926	153.6
H3K27ac_H3K9me3_interaction_rank	0.00039940756893617894	136.0	5.6277987207443326e-05	206.0	0.0005308072597518943	120.0	0.00017738144947125126	176.0	0.0001808693209394593	131.0	0.0002689487172612455	153.8
H3K27me3_tss_z_mean_rank	0.00043596827733684393	124.0	0.0	233.0	0.0003442950040913769	162.0	0.00027486202799889873	137.0	0.00024277615069522496	114.0	0.0002595802920244689	154.0
H3K27me3_tss_slope	0.00018980228409904622	186.0	0.00021095424466878725	142.0	0.00039509736130473403	150.0	0.0002344771412687488	147.0	0.00011412697959717018	150.0	0.00022889160218769728	155.0
H3K27me3_tss_entropy	0.000294708679966182	153.0	4.087630421245674e-05	214.0	0.0003595281384771772	160.0	0.00023553510656654144	146.0	0.00027744459916727326	104.0	0.00024161856567792616	155.4
H3K9me3_tss_z_std	0.00018155854232269192	187.0	0.00026815059812030257	128.0	0.0003746863875291142	155.0	0.0004865117331828438	95.0	0.0	212.0	0.00026218145223099045	155.4
H3K27me3_ratio_mean_rank	0.0006086729425095779	95.0	0.0003929750703715778	104.0	0.0001524957499038068	208.0	0.00018962936503627676	170.0	3.0529517442210856e-05	201.0	0.00027486052905269004	155.6
H3K9me3_gene_skewness	0.0006197066182691536	93.0	0.0003456491752576776	115.0	0.00017532917631888747	199.0	9.704274090205605e-05	205.0	7.226831024400222e-05	170.0	0.00026199920419835534	156.4
H3K27me3_tss_skewness_rank	0.000625040941663335	90.0	9.899442093212872e-05	182.0	0.0006305567579403586	104.0	0.00014295265570671983	195.0	0.0	212.0	0.0002995089552485084	156.6
H3K4me1_gene_skewness	0.0004402047875178136	121.0	0.0001925274108795004	148.0	0.000499574076465414	131.0	0.0001773601485631376	177.0	0.0	212.0	0.0002619332846851731	157.8
H3K36me3_gene_autocorr_rank	2.4880521733985763e-05	237.0	0.0	233.0	0.0003846197200394569	152.0	0.0008080750425305966	69.0	0.00025803717589096414	110.0	0.0002951224920390007	160.2
DNase_ratio_mean	0.0007267488036865834	78.0	6.56642641271705e-05	196.0	0.0002835030805506687	172.0	0.00017917954731084838	175.0	5.708003815884923e-05	182.0	0.000262435146766824	160.6
H3K4me3_H3K4me1_interaction_rank	8.102504205119352e-05	225.0	0.0005428418632717882	83.0	0.0004356793509544355	144.0	0.00023417114544251424	148.0	0.0	212.0	0.0002587434803439863	162.4
H3K9me3_ratio_mean	8.582321743770182e-05	224.0	0.0006192259683568452	79.0	0.0001620621467044692	205.0	0.0002154128939388101	159.0	9.610861867968455e-05	158.0	0.00023572656902350219	165.0
H3K4me1_tss_autocorr	0.0006045287878678553	97.0	8.32061441587626e-05	188.0	0.0003688899420870619	157.0	0.00015969338867617363	187.0	4.153579229581789e-05	196.0	0.0002515708110171342	165.0
H3K4me3_H3K9me3_interaction	8.623185463544809e-05	223.0	0.0001114826974124955	174.0	0.0005300754023276908	122.0	0.0003484361034988723	120.0	5.366704783727957e-05	188.0	0.00022597862114235725	165.4
H3K4me3_tss_kurtosis_rank	0.0004396633786388497	123.0	0.0	233.0	0.0003376434502262368	163.0	0.0003405708710417748	125.0	5.036096923282507e-05	189.0	0.0002336477338279373	166.6
H3K4me3_tss_z_min_rank	0.0001233670946552991	207.0	0.00014984036751539614	160.0	0.0001385589900117833	210.0	0.0003580127774314124	117.0	0.00014697416889444551	142.0	0.0001833506797016673	167.2
H3K27me3_gene_slope_rank	0.00019633311870641108	183.0	6.15129765426434e-05	200.0	0.0006107014988162657	108.0	0.0002929422694763366	133.0	0.0	212.0	0.00023229797270833135	167.2
DNase_H3K4me1_interaction_rank	0.00026832033149915826	158.0	2.1296227207636143e-05	228.0	0.0005150747143474212	128.0	0.0003683821363804053	113.0	0.0	212.0	0.0002346146818869242	167.8
H3K9me3_ratio_std_rank	0.0005383571575705795	106.0	0.0	233.0	0.00024413652447028575	183.0	0.00020952046202823543	163.0	8.40025101058366e-05	162.0	0.00021520333083498746	169.4
H3K36me3_H3K9me3_interaction_rank	9.46818585059657e-05	219.0	0.00022005168276464752	139.0	0.00021355841588186294	191.0	0.00019960731938246161	165.0	0.0001623300295889057	134.0	0.00017804586122476869	169.6
H3K27ac_H3K27me3_interaction_rank	0.0004917394745755387	112.0	0.00010815013709660294	176.0	0.00023093818196625793	187.0	0.00021320188026654547	161.0	0.0	212.0	0.000208805934780989	169.6
promoter_entropy	0.0001233340859623856	208.0	0.00010889902055488489	175.0	0.00045337903509970055	141.0	0.0003536646511774237	118.0	0.0	212.0	0.00020785535855887897	170.8
H3K27me3_tss_slope_rank	0.00021133952903005902	175.0	7.081207400725062e-05	194.0	0.00024151951744394345	184.0	0.00018208034100402175	173.0	0.00020508549870173245	128.0	0.00018216739203740146	170.8
H3K9me3_axis_sum	0.0001730000643558862	191.0	0.00010035230407057733	181.0	0.0007388933797925737	91.0	5.294503715853934e-05	225.0	7.771424525216663e-05	168.0	0.00022858100612594862	171.2
H3K27me3_H3K36me3_interaction_rank	0.0	242.0	0.0005175131134081993	88.0	0.00035613100408930516	161.0	9.591264465968249e-05	206.0	9.60146242874437e-05	159.0	0.00021311427728892612	171.2
DNase_gene_autocorr_rank	8.931729362660967e-05	222.0	0.0003838748334341225	107.0	5.997976666832488e-05	227.0	0.00015928750500664366	188.0	0.00023837396000228419	116.0	0.00018616667174759698	172.0
H3K4me3_H3K9me3_interaction_rank	0.00023881497272222122	166.0	3.7187750476373125e-05	217.0	0.000500023039541808	130.0	0.00016415105115631193	185.0	8.149546249457887e-05	165.0	0.00020433445527825861	172.6
H3K4me3_gene_skewness	0.00022699669276678115	170.0	3.295917771468557e-05	219.0	0.0002894845864510816	169.0	0.0002168111867814521	158.0	0.00010118737342215659	152.0	0.0001734878034272314	173.6
H3K9me3_promoter_body_delta_rank	0.00016439636922072225	195.0	0.0	233.0	0.0006795730116341301	96.0	0.0002328790312647319	149.0	4.104412049244008e-05	197.0	0.0002235785065224049	174.0
DNase_gene_slope_rank	0.0006325624276392478	88.0	0.0003209560006253781	119.0	0.0	250.0	9.444390423784734e-05	207.0	0.0	212.0	0.00020959246650049468	175.2
H3K9me3_tss_kurtosis_rank	7.493134611324438e-05	227.0	0.00018329090968647905	151.0	0.00030490126241691627	168.0	0.00018804591000510785	172.0	9.501519202352905e-05	160.0	0.00016923692404905534	175.6
DNase_H3K4me1_interaction	0.0001964954570417541	182.0	7.727454608131917e-05	192.0	0.00039976804609290423	148.0	0.00022174250341792066	156.0	2.7257362199692195e-05	206.0	0.00018450758296671804	176.8
DNase_H3K9me3_interaction_rank	0.00017075586033279763	192.0	8.025708875344826e-05	189.0	0.0004581046558051564	138.0	0.00015121652129511783	193.0	6.697794036096193e-05	174.0	0.00018546241330949642	177.2
H3K27ac_ratio_std_rank	0.00021403120763544275	174.0	0.0005657475894773357	81.0	2.3694308565798388e-05	244.0	0.00017269997912308364	180.0	0.0	212.0	0.00019523461696033207	178.2
H3K36me3_tss_slope_rank	0.00018152548966396517	188.0	0.00010803356930998328	177.0	0.0005017406416325668	129.0	0.0001298032704189552	200.0	3.0287262392443622e-05	202.0	0.00019027804668358283	179.2
H3K4me1_gene_z_min	0.00021629993654980378	172.0	0.0	233.0	0.0	250.0	0.001133444342045635	54.0	5.3732582066757545e-05	187.0	0.00028069537213243925	179.2
H3K9me3_gene_kurtosis	9.560434016401167e-05	218.0	9.4618695863293e-05	184.0	0.000331015941005552	164.0	9.252195984640807e-05	209.0	0.00022002763881304098	123.0	0.00016675771513846116	179.6
repression_index	0.00033211461152096397	147.0	0.00010137439048115141	180.0	0.0002308054268800517	188.0	0.00013180068766816146	197.0	4.886407010485453e-05	191.0	0.00016899183733103663	180.6
H3K4me1_H3K9me3_interaction_rank	0.0	242.0	5.744664271288831e-05	205.0	0.00020293017413874095	193.0	0.00022843979542062253	150.0	0.00023358554242382406	119.0	0.00014448043093921517	181.8
H3K9me3_tss_z_min_rank	8.10400355165332e-06	241.0	0.000978923721062371	55.0	0.0003621509787487342	158.0	0.0	243.0	0.0	212.0	0.00026983574067255173	181.8
DNase_gene_z_std_rank	0.00010968122960177002	213.0	9.867710252405931e-05	183.0	6.20999077217977e-05	226.0	0.0003629804419118539	114.0	5.733366141759285e-05	181.0	0.00013815446863541474	183.4
DNase_tss_skewness_rank	0.00019776248867116244	180.0	8.080131538681998e-06	232.0	0.00011911594788144488	216.0	0.0004538565083867861	99.0	4.677592909621892e-05	192.0	0.00016511820111485886	183.8
H3K4me3_tss_skewness_rank	0.00025780104280987044	161.0	0.0	233.0	0.00023690717405474294	185.0	5.400331766019702e-05	223.0	0.00023490825308403808	118.0	0.00015672395752176972	184.0
H3K27me3_promoter_body_delta	0.000128183130513555	206.0	6.77353203573546e-05	195.0	0.0004745946114537325	135.0	0.00012696859915656899	202.0	5.692354811022736e-05	183.0	0.0001708810419182877	184.2
H3K27ac_gene_slope_rank	0.00041824683725329967	131.0	0.00024854610523862737	134.0	4.3451733288008474e-05	236.0	4.771202692147384e-05	228.0	2.7591910317005235e-05	205.0	0.0001571097226036829	186.8
H3K27me3_H3K9me3_interaction	0.00043973866515808335	122.0	7.828442312115725e-05	191.0	0.00020640045997652313	192.0	5.521694517554646e-05	221.0	1.7886199387581245e-05	209.0	0.0001595053385637783	187.0
H3K9me3_promoter_body_delta	0.00015967331816370224	196.0	0.0002262904369766821	138.0	0.00027815238735959746	174.0	2.7730432404034298e-05	237.0	1.7337116692852626e-05	210.0	0.00014183673831937377	191.0
H3K27me3_H3K4me1_interaction_rank	0.0002326490558870149	169.0	0.0	233.0	0.00032580688099747093	165.0	4.301155171974264e-05	230.0	8.107735583632744e-05	166.0	0.00013650896888811118	192.6
H3K27me3_tss_kurtosis_rank	0.00023730814572335343	167.0	4.606219103287541e-05	208.0	0.00017442536682885822	201.0	0.00015900829399763034	189.0	3.132593083276392e-05	199.0	0.00012962598568309625	192.8
H3K9me3_axis_sum_rank	0.00010561619537347846	215.0	8.647103438721669e-05	186.0	7.86043280265229e-06	249.0	0.00018936270489920587	171.0	0.00014428962844922514	143.0	0.00010671999918235569	192.8
H3K4me3_tss_entropy_rank	0.0	242.0	0.00027503167910810684	125.0	5.87701890095644e-05	228.0	0.00015645124991625089	190.0	6.0251041191322335e-05	180.0	0.00011010083184504889	193.0
H3K36me3_tss_z_min	0.0	242.0	3.8784809978264656e-05	215.0	0.0	250.0	0.0013170030480884128	47.0	0.0	212.0	0.0002711575716133355	193.2
DNase_tss_kurtosis_rank	0.00010653004987533868	214.0	3.054030248078367e-05	222.0	0.00013339551472584001	211.0	0.0002494861113437318	145.0	6.215841093137497e-05	178.0	0.00011642207787141382	194.0
H3K27me3_ratio_std_rank	0.0003154989683919671	150.0	0.0	233.0	9.002842570261415e-05	220.0	0.00021942547445157696	157.0	0.0	212.0	0.00012499057370923163	194.4
promoter_variability_rank	0.0001578982897771453	197.0	0.0001227319555535084	171.0	4.577117307542561e-05	234.0	8.009508742011803e-05	215.0	9.8745191933594e-05	157.0	0.00010104833955195827	194.8
H3K27me3_gene_autocorr_rank	7.207990900767215e-05	228.0	0.00010389080292592877	179.0	0.0004811771421090631	133.0	5.3978147242153295e-05	224.0	1.6173251434807693e-05	211.0	0.000145459850543925	195.0
H3K4me1_promoter_body_delta_rank	0.00010977033488066827	212.0	4.428157983187537e-05	211.0	0.00012934835294515953	213.0	8.852800795567264e-05	212.0	0.0001598445904656963	137.0	0.00010635457321581442	197.0
H3K36me3_gene_kurtosis_rank	0.00015655969394634688	199.0	0.0	233.0	0.00022788101960292926	189.0	5.8962147574442476e-05	220.0	0.00013123922516726565	145.0	0.00011492841725819686	197.2
H3K9me3_tss_z_mean	0.00021610300586767076	173.0	5.338130329698968e-05	207.0	0.000175326951714609	200.0	2.4493713556494027e-05	238.0	6.214023661707185e-05	179.0	0.00010628904221056707	199.4
H3K4me3_H3K36me3_interaction_rank	3.4931785546782985e-05	234.0	0.0001348764433453852	167.0	6.652302563188197e-05	225.0	5.040499670172732e-05	226.0	0.000130067774155799	146.0	8.336080507631531e-05	199.6
H3K4me1_tss_z_min_rank	0.00035401943310079336	144.0	6.248749486477344e-05	197.0	5.5395989627361254e-05	229.0	6.620290902456905e-05	218.0	0.0	212.0	0.00010762116532349942	200.0
DNase_H3K9me3_interaction	4.8723611211792015e-05	231.0	0.00011969394113538106	172.0	0.0001531290745421276	207.0	1.5220245479087695e-05	242.0	0.00011517044832691086	149.0	9.038746413905986e-05	200.2
H3K9me3_tss_skewness_rank	0.0	242.0	0.00020462545516828268	145.0	0.00017957465095918282	198.0	3.682955914848625e-05	233.0	5.531856269582446e-05	184.0	9.526964559435524e-05	200.4
tss_length_rank	0.0001215772435664181	209.0	0.00013858365971694235	166.0	0.00015949002342328548	206.0	3.769959105737247e-05	232.0	4.988630018022345e-05	190.0	0.00010144736358884837	200.6
H3K4me1_gene_z_std_rank	3.916817301427006e-05	232.0	0.0	233.0	0.0005177892170800021	126.0	0.0	243.0	7.596378308550455e-05	169.0	0.00012658423463595537	200.6
DNase_gene_z_min	2.5146943288184226e-05	236.0	0.0005585975740886717	82.0	2.6362681740094596e-05	243.0	3.2473517541759915e-05	234.0	0.0	212.0	0.00012851614333174208	201.4
H3K36me3_tss_kurtosis_rank	0.0001700058336067965	193.0	6.224343130367861e-05	198.0	0.0002469345005891289	182.0	5.4610920121025495e-05	222.0	0.0	212.0	0.0001067589371241259	201.4
H3K9me3_tss_slope_rank	0.00015700567258148009	198.0	4.243839254073626e-05	213.0	5.355579576392946e-05	230.0	6.542328437181405e-05	219.0	8.253489334771162e-05	163.0	8.019160772113429e-05	204.6
H3K36me3_tss_skewness_rank	0.00014054391452221926	204.0	4.5831053003113626e-05	209.0	0.0001662602590550947	204.0	0.00013038091659538467	199.0	2.394484562064443e-05	207.0	0.00010139219775929135	204.6
DNase_tss_z_min	0.00022069616133620036	171.0	5.79335261657709e-05	204.0	4.6019601229609577e-05	233.0	8.503977463674996e-05	213.0	2.9105252694342878e-05	204.0	8.775886321253473e-05	205.0
H3K27me3_promoter_body_delta_rank	0.00020607015585443364	177.0	5.8153877526562466e-05	203.0	2.898180752426676e-05	240.0	0.00014517291877160673	194.0	0.0	212.0	8.767575193537391e-05	205.2
H3K27me3_tss_autocorr_rank	0.00019060257864169454	184.0	2.0905996709589775e-05	229.0	3.255117756143617e-05	238.0	0.00020456777592414225	164.0	0.0	212.0	8.972550576737253e-05	205.4
H3K4me1_tss_skewness_rank	3.060970388224316e-05	235.0	0.00014515504725896348	163.0	0.0001668768695075247	203.0	8.269764520826129e-05	214.0	0.0	212.0	8.506785317139854e-05	205.4
H3K27ac_promoter_body_delta_rank	1.4044124071031753e-05	240.0	3.760025262987797e-05	216.0	0.00010518128582176455	217.0	0.0	243.0	0.00024091995683645195	115.0	7.954912387182525e-05	206.2
repression_index_rank	0.00024141687559359675	165.0	0.0	233.0	0.00018992980796751844	196.0	4.43359472982656e-05	229.0	0.0	212.0	9.513652617187616e-05	207.0
H3K27ac_tss_autocorr_rank	0.0002020213995789708	178.0	0.0	233.0	0.00016831139985132496	202.0	7.298771614763217e-05	216.0	0.0	212.0	8.866410311558559e-05	208.2
H3K4me1_gene_autocorr_rank	0.0	242.0	0.0	233.0	0.0002712844105507128	175.0	0.00017239652444031253	181.0	0.0	212.0	8.873618699820506e-05	208.6
H3K9me3_gene_slope_rank	2.2955459264734312e-05	238.0	3.090104460410374e-05	221.0	2.0197031136381352e-05	247.0	0.0002663597843674082	140.0	0.0	212.0	6.808266387452552e-05	211.6
H3K36me3_tss_autocorr_rank	0.00017855470472098706	189.0	0.0	233.0	7.518486651506388e-05	222.0	9.916299128166283e-05	204.0	0.0	212.0	7.058051250354276e-05	212.0
H3K9me3_gene_kurtosis_rank	9.224826330373148e-05	220.0	2.8631920578939343e-05	224.0	8.397189818294993e-05	221.0	0.00016620445518740004	183.0	0.0	212.0	7.421130745060416e-05	212.0
promoter_entropy_rank	9.093883027587192e-05	221.0	0.0	233.0	0.0	250.0	0.0	243.0	0.00022053323186022736	122.0	6.229441242721985e-05	213.8
H3K27ac_gene_z_std_rank	0.0	242.0	0.0	233.0	0.00037135322406312655	156.0	4.8413120697955556e-05	227.0	0.0	212.0	8.395326895221643e-05	214.0
H3K4me1_gene_slope_rank	0.0	242.0	0.00010660319788950663	178.0	3.237748139703082e-05	239.0	0.0	243.0	6.937554687548369e-05	172.0	4.167124523240423e-05	214.8
H3K4me1_gene_kurtosis_rank	0.00014310514311151695	202.0	0.0	233.0	4.81792708751343e-05	232.0	4.0838896214029487e-05	231.0	4.558775015133507e-05	193.0	5.554221207040316e-05	218.2
H3K4me1_tss_autocorr_rank	0.00014944110796196586	200.0	7.235889431935978e-05	193.0	0.0	250.0	0.0	243.0	0.0	212.0	4.436000045626513e-05	219.6
H3K4me1_axis_sum_rank	9.560776350834491e-05	217.0	4.535930711487888e-05	210.0	7.295041278083184e-05	224.0	1.769586982462431e-05	241.0	0.0	212.0	4.632267064573598e-05	220.8
H3K27ac_ratio_mean_rank	0.00019717759560262935	181.0	0.0	233.0	2.2456114148209578e-05	245.0	3.1052372554208756e-05	235.0	0.0	212.0	5.013721646100954e-05	221.2
H3K27me3_H3K9me3_interaction_rank	1.5142486713778677e-05	239.0	6.0099893079556083e-05	201.0	0.00012764056253899094	215.0	0.0	243.0	0.0	212.0	4.0576588466465145e-05	222.0
DNase_ratio_mean_rank	0.00014216255614002792	203.0	0.0	233.0	4.355490110744108e-05	235.0	0.0	243.0	0.0	212.0	3.7143491449493805e-05	225.2
H3K27me3_tss_entropy_rank	0.0	242.0	0.0	233.0	0.00014875757673542354	209.0	2.8772444341183017e-05	236.0	0.0	212.0	3.550600421532131e-05	226.4
H3K9me3_ratio_mean_rank	3.7145069436729774e-05	233.0	2.4229715629153848e-05	226.0	7.4897037055139e-05	223.0	0.0	243.0	0.0	212.0	2.725436442420452e-05	227.4
H3K4me3_gene_z_min	0.00013334471496829288	205.0	0.0	233.0	0.0	250.0	0.0	243.0	0.0	212.0	2.6668942993658575e-05	228.6
H3K9me3_tss_z_mean_rank	0.0	242.0	0.0	233.0	0.0	250.0	0.0	243.0	5.428322867890905e-05	185.0	1.085664573578181e-05	230.6
DNase_tss_z_min_rank	0.0	242.0	3.216872737973402e-05	220.0	3.9895724704764715e-05	237.0	0.0	243.0	0.0	212.0	1.4412890416899747e-05	230.8
H3K36me3_tss_entropy_rank	6.685657990973491e-05	230.0	0.0	233.0	2.7333169410797447e-05	242.0	0.0	243.0	0.0	212.0	1.883794986410647e-05	232.0
H3K4me1_gene_z_min_rank	0.0	242.0	0.0	233.0	5.2799498519737596e-05	231.0	0.0	243.0	0.0	212.0	1.055989970394752e-05	232.2
H3K9me3_gene_z_min	0.0	242.0	2.258986175534482e-05	227.0	2.0563381509896096e-05	246.0	2.0174305941973084e-05	240.0	0.0	212.0	1.2665509841442801e-05	233.4
H3K36me3_tss_z_min_rank	0.0	242.0	0.0	233.0	2.80280913606464e-05	241.0	0.0	243.0	0.0	212.0	5.6056182721292805e-06	234.2
H3K9me3_gene_z_min_rank	0.0	242.0	2.726852648345409e-05	225.0	0.0	250.0	0.0	243.0	0.0	212.0	5.453705296690818e-06	234.4
H3K27ac_tss_z_min_rank	0.0	242.0	1.021626269037355e-05	231.0	0.0	250.0	2.176146642296683e-05	239.0	0.0	212.0	6.395545822668076e-06	234.8
H3K27ac_gene_z_min_rank	0.0	242.0	1.4150985587029575e-05	230.0	0.0	250.0	0.0	243.0	0.0	212.0	2.830197117405915e-06	235.4
H3K27me3_gene_z_min	0.0	242.0	0.0	233.0	0.0	250.0	0.0	243.0	0.0	212.0	0.0	236.0
H3K27me3_tss_z_min_rank	0.0	242.0	0.0	233.0	0.0	250.0	0.0	243.0	0.0	212.0	0.0	236.0
DNase_gene_z_min_rank	0.0	242.0	0.0	233.0	0.0	250.0	0.0	243.0	0.0	212.0	0.0	236.0
H3K36me3_gene_z_min	0.0	242.0	0.0	233.0	0.0	250.0	0.0	243.0	0.0	212.0	0.0	236.0
H3K36me3_gene_z_min_rank	0.0	242.0	0.0	233.0	0.0	250.0	0.0	243.0	0.0	212.0	0.0	236.0
H3K27me3_tss_z_min	0.0	242.0	0.0	233.0	0.0	250.0	0.0	243.0	0.0	212.0	0.0	236.0
H3K4me3_gene_z_min_rank	0.0	242.0	0.0	233.0	0.0	250.0	0.0	243.0	0.0	212.0	0.0	236.0
