feature	target	pearson_r	spearman_r	abs_pearson	abs_spearman
DNase_gene_z_mean	gex	0.14099703866040342	0.48100948803541316	0.14099703866040342	0.48100948803541316
DNase_gene_z_mean	gex_rank	0.22997337424056052	0.48100948803541316	0.22997337424056052	0.48100948803541316
DNase_gene_z_std	gex	0.19221042248825837	0.5261543058723408	0.19221042248825837	0.5261543058723408
DNase_gene_z_std	gex_rank	0.38627347216538455	0.5261543058723408	0.38627347216538455	0.5261543058723408
DNase_gene_z_min	gex	0.006439425588592425	0.09390037540838045	0.006439425588592425	0.09390037540838045
DNase_gene_z_min	gex_rank	0.019871246770926016	0.09390037540838045	0.019871246770926016	0.09390037540838045
DNase_gene_z_max	gex	0.1731195800516241	0.5232269980683945	0.1731195800516241	0.5232269980683945
DNase_gene_z_max	gex_rank	0.4616900726206884	0.5232269980683945	0.4616900726206884	0.5232269980683945
DNase_gene_slope	gex	-0.006386512823923088	-0.013198079765858978	0.006386512823923088	0.013198079765858978
DNase_gene_slope	gex_rank	-0.003225015973015427	-0.013198079765858978	0.003225015973015427	0.013198079765858978
DNase_gene_kurtosis	gex	-0.0008924537943127565	0.28965574564952373	0.0008924537943127565	0.28965574564952373
DNase_gene_kurtosis	gex_rank	0.12063589175219065	0.28965574564952373	0.12063589175219065	0.28965574564952373
DNase_gene_skewness	gex	0.023236114287047093	0.3200085813834086	0.023236114287047093	0.3200085813834086
DNase_gene_skewness	gex_rank	0.24966090592405205	0.3200085813834086	0.24966090592405205	0.3200085813834086
DNase_gene_entropy	gex	-0.063701260302225	-0.0772604619647692	0.063701260302225	0.0772604619647692
DNase_gene_entropy	gex_rank	-0.07618526972949964	-0.0772604619647692	0.07618526972949964	0.0772604619647692
DNase_gene_autocorr	gex	0.015357805029849602	0.5147146804437958	0.015357805029849602	0.5147146804437958
DNase_gene_autocorr	gex_rank	0.07874530172701165	0.5147146804437958	0.07874530172701165	0.5147146804437958
DNase_tss_z_mean	gex	0.21175002938250223	0.7117955172525082	0.21175002938250223	0.7117955172525082
DNase_tss_z_mean	gex_rank	0.588357001958448	0.7117955172525082	0.588357001958448	0.7117955172525082
DNase_tss_z_std	gex	0.2397003707970906	0.7251377308039548	0.2397003707970906	0.7251377308039548
DNase_tss_z_std	gex_rank	0.6457804272426074	0.7251377308039548	0.6457804272426074	0.7251377308039548
DNase_tss_z_min	gex	0.06939987673058504	0.4166972960360016	0.06939987673058504	0.4166972960360016
DNase_tss_z_min	gex_rank	0.250715009365249	0.4166972960360016	0.250715009365249	0.4166972960360016
DNase_tss_slope	gex	0.017706224772529148	0.013415353911324143	0.017706224772529148	0.013415353911324143
DNase_tss_slope	gex_rank	0.011232545259857441	0.013415353911324143	0.011232545259857441	0.013415353911324143
DNase_tss_kurtosis	gex	-0.003916624332441351	0.025782523477305485	0.003916624332441351	0.025782523477305485
DNase_tss_kurtosis	gex_rank	-0.013299512807011723	0.025782523477305485	0.013299512807011723	0.025782523477305485
DNase_tss_skewness	gex	0.03400674433930147	0.1855118054698127	0.03400674433930147	0.1855118054698127
DNase_tss_skewness	gex_rank	0.12317876450291436	0.1855118054698127	0.12317876450291436	0.1855118054698127
DNase_tss_entropy	gex	-0.1728032297896828	-0.5875478797503384	0.1728032297896828	0.5875478797503384
DNase_tss_entropy	gex_rank	-0.6012322676413608	-0.5875478797503384	0.6012322676413608	0.5875478797503384
DNase_tss_autocorr	gex	0.02615076234176524	0.6988323460236733	0.02615076234176524	0.6988323460236733
DNase_tss_autocorr	gex_rank	0.12318292994491474	0.6988323460236733	0.12318292994491474	0.6988323460236733
H3K27ac_gene_z_mean	gex	0.13739625964682767	0.5251516415197718	0.13739625964682767	0.5251516415197718
H3K27ac_gene_z_mean	gex_rank	0.21701240973248395	0.5251516415197718	0.21701240973248395	0.5251516415197718
H3K27ac_gene_z_std	gex	0.20124522519497454	0.5410794620597016	0.20124522519497454	0.5410794620597016
H3K27ac_gene_z_std	gex_rank	0.3805943652719433	0.5410794620597016	0.3805943652719433	0.5410794620597016
H3K27ac_gene_z_min	gex	-0.0034576381552826963	-0.05179462983452038	0.0034576381552826963	0.05179462983452038
H3K27ac_gene_z_min	gex_rank	-0.000327948676503519	-0.05179462983452038	0.000327948676503519	0.05179462983452038
H3K27ac_gene_z_max	gex	0.16048543760755896	0.5111856566838469	0.16048543760755896	0.5111856566838469
H3K27ac_gene_z_max	gex_rank	0.3909075357786431	0.5111856566838469	0.3909075357786431	0.5111856566838469
H3K27ac_gene_slope	gex	0.00651054938180439	-0.012103307160791834	0.00651054938180439	0.012103307160791834
H3K27ac_gene_slope	gex_rank	0.006218977766641817	-0.012103307160791834	0.006218977766641817	0.012103307160791834
H3K27ac_gene_kurtosis	gex	-0.021069326960529607	0.14588765494062114	0.021069326960529607	0.14588765494062114
H3K27ac_gene_kurtosis	gex_rank	0.015599066555161838	0.14588765494062114	0.015599066555161838	0.14588765494062114
H3K27ac_gene_skewness	gex	0.00282031244874462	0.244724189430128	0.00282031244874462	0.244724189430128
H3K27ac_gene_skewness	gex_rank	0.17119696806657878	0.244724189430128	0.17119696806657878	0.244724189430128
H3K27ac_gene_entropy	gex	-0.09693670224120697	-0.23861354326933346	0.09693670224120697	0.23861354326933346
H3K27ac_gene_entropy	gex_rank	-0.234894375817254	-0.23861354326933346	0.234894375817254	0.23861354326933346
H3K27ac_gene_autocorr	gex	0.020947404300094122	0.5041419039221103	0.020947404300094122	0.5041419039221103
H3K27ac_gene_autocorr	gex_rank	0.10289231163522683	0.5041419039221103	0.10289231163522683	0.5041419039221103
H3K27ac_tss_z_mean	gex	0.2161340004664214	0.637028632510697	0.2161340004664214	0.637028632510697
H3K27ac_tss_z_mean	gex_rank	0.44303319143474973	0.637028632510697	0.44303319143474973	0.637028632510697
H3K27ac_tss_z_std	gex	0.22432794010491736	0.6706410422829671	0.22432794010491736	0.6706410422829671
H3K27ac_tss_z_std	gex_rank	0.4826756487552956	0.6706410422829671	0.4826756487552956	0.6706410422829671
H3K27ac_tss_z_min	gex	0.05817413394365601	0.258783372066363	0.05817413394365601	0.258783372066363
H3K27ac_tss_z_min	gex_rank	0.19344860023570726	0.258783372066363	0.19344860023570726	0.258783372066363
H3K27ac_tss_slope	gex	0.056453607927615675	-0.010701891237182943	0.056453607927615675	0.010701891237182943
H3K27ac_tss_slope	gex_rank	-0.01812174400690883	-0.010701891237182943	0.01812174400690883	0.010701891237182943
H3K27ac_tss_kurtosis	gex	-0.003639840212300395	-0.04979541009139108	0.003639840212300395	0.04979541009139108
H3K27ac_tss_kurtosis	gex_rank	-0.013555039767710428	-0.04979541009139108	0.013555039767710428	0.04979541009139108
H3K27ac_tss_skewness	gex	0.0569931745136884	0.2649906227026324	0.0569931745136884	0.2649906227026324
H3K27ac_tss_skewness	gex_rank	0.2797098490799855	0.2649906227026324	0.2797098490799855	0.2649906227026324
H3K27ac_tss_entropy	gex	-0.11061895151675005	-0.5597721478219546	0.11061895151675005	0.5597721478219546
H3K27ac_tss_entropy	gex_rank	-0.4916710163735406	-0.5597721478219546	0.4916710163735406	0.5597721478219546
H3K27ac_tss_autocorr	gex	0.032695601270801705	0.5679443900456452	0.032695601270801705	0.5679443900456452
H3K27ac_tss_autocorr	gex_rank	0.15008672381710764	0.5679443900456452	0.15008672381710764	0.5679443900456452
H3K4me3_gene_z_mean	gex	0.1841821793238595	0.5506263990351453	0.1841821793238595	0.5506263990351453
H3K4me3_gene_z_mean	gex_rank	0.32090010732403806	0.5506263990351453	0.32090010732403806	0.5506263990351453
H3K4me3_gene_z_std	gex	0.21033364916043665	0.576330547410953	0.21033364916043665	0.576330547410953
H3K4me3_gene_z_std	gex_rank	0.5269201510943085	0.576330547410953	0.5269201510943085	0.576330547410953
H3K4me3_gene_z_min	gex	0.013394021698667125	0.060319260148927314	0.013394021698667125	0.060319260148927314
H3K4me3_gene_z_min	gex_rank	0.038595091810795755	0.060319260148927314	0.038595091810795755	0.060319260148927314
H3K4me3_gene_z_max	gex	0.16365400652087753	0.5620715885197074	0.16365400652087753	0.5620715885197074
H3K4me3_gene_z_max	gex_rank	0.5732635384472964	0.5620715885197074	0.5732635384472964	0.5620715885197074
H3K4me3_gene_slope	gex	0.0008078326363455636	-0.008018487863158664	0.0008078326363455636	0.008018487863158664
H3K4me3_gene_slope	gex_rank	0.0007816733017090953	-0.008018487863158664	0.0007816733017090953	0.008018487863158664
H3K4me3_gene_kurtosis	gex	-0.025609993371481694	-0.14984510597037232	0.025609993371481694	0.14984510597037232
H3K4me3_gene_kurtosis	gex_rank	-0.05407714054021639	-0.14984510597037232	0.05407714054021639	0.14984510597037232
H3K4me3_gene_skewness	gex	-0.07431064167728564	-0.1352431757751793	0.07431064167728564	0.1352431757751793
H3K4me3_gene_skewness	gex_rank	-0.10918747353718274	-0.1352431757751793	0.10918747353718274	0.1352431757751793
H3K4me3_gene_entropy	gex	0.045178936986019415	0.15742051708110366	0.045178936986019415	0.15742051708110366
H3K4me3_gene_entropy	gex_rank	0.20886131496790025	0.15742051708110366	0.20886131496790025	0.15742051708110366
H3K4me3_gene_autocorr	gex	0.035894294756267035	0.5465732144653647	0.035894294756267035	0.5465732144653647
H3K4me3_gene_autocorr	gex_rank	0.17503371673396173	0.5465732144653647	0.17503371673396173	0.5465732144653647
H3K4me3_tss_z_mean	gex	0.13586608487752874	0.64379298217694	0.13586608487752874	0.64379298217694
H3K4me3_tss_z_mean	gex_rank	0.5359318454691895	0.64379298217694	0.5359318454691895	0.64379298217694
H3K4me3_tss_z_std	gex	0.15683122774615946	0.653488432591325	0.15683122774615946	0.653488432591325
H3K4me3_tss_z_std	gex_rank	0.6075366879806214	0.653488432591325	0.6075366879806214	0.653488432591325
H3K4me3_tss_z_min	gex	0.01709859710083703	0.2948937122950169	0.01709859710083703	0.2948937122950169
H3K4me3_tss_z_min	gex_rank	0.15644472456582798	0.2948937122950169	0.15644472456582798	0.2948937122950169
H3K4me3_tss_slope	gex	-0.014554578405873445	-0.01449715628861118	0.014554578405873445	0.01449715628861118
H3K4me3_tss_slope	gex_rank	-0.021311318158511706	-0.01449715628861118	0.021311318158511706	0.01449715628861118
H3K4me3_tss_kurtosis	gex	-0.03342076939704984	-0.43927692240678623	0.03342076939704984	0.43927692240678623
H3K4me3_tss_kurtosis	gex_rank	-0.12800904886583844	-0.43927692240678623	0.12800904886583844	0.43927692240678623
H3K4me3_tss_skewness	gex	-0.06321589337461231	-0.19826677356850086	0.06321589337461231	0.19826677356850086
H3K4me3_tss_skewness	gex_rank	-0.2369035045500785	-0.19826677356850086	0.2369035045500785	0.19826677356850086
H3K4me3_tss_entropy	gex	0.12269518976493972	0.6019987346689543	0.12269518976493972	0.6019987346689543
H3K4me3_tss_entropy	gex_rank	0.5170602662239258	0.6019987346689543	0.5170602662239258	0.6019987346689543
H3K4me3_tss_autocorr	gex	0.08396417948576929	0.6368240822971271	0.08396417948576929	0.6368240822971271
H3K4me3_tss_autocorr	gex_rank	0.36466398553711743	0.6368240822971271	0.36466398553711743	0.6368240822971271
H3K27me3_gene_z_mean	gex	-0.06787908897435256	-0.48291884136021535	0.06787908897435256	0.48291884136021535
H3K27me3_gene_z_mean	gex_rank	-0.287284928128062	-0.48291884136021535	0.287284928128062	0.48291884136021535
H3K27me3_gene_z_std	gex	-0.08293436689196883	-0.4223498113504605	0.08293436689196883	0.4223498113504605
H3K27me3_gene_z_std	gex_rank	-0.35154200406007896	-0.4223498113504605	0.35154200406007896	0.4223498113504605
H3K27me3_gene_z_min	gex	-0.019166198663293218	-0.09885535329631014	0.019166198663293218	0.09885535329631014
H3K27me3_gene_z_min	gex_rank	-0.09769452477587032	-0.09885535329631014	0.09769452477587032	0.09885535329631014
H3K27me3_gene_z_max	gex	-0.08807757670991344	-0.3788964737588066	0.08807757670991344	0.3788964737588066
H3K27me3_gene_z_max	gex_rank	-0.3513489238695938	-0.3788964737588066	0.3513489238695938	0.3788964737588066
H3K27me3_gene_slope	gex	-0.0006369213951752897	-0.0033305158381605835	0.0006369213951752897	0.0033305158381605835
H3K27me3_gene_slope	gex_rank	0.001792426377430068	-0.0033305158381605835	0.001792426377430068	0.0033305158381605835
H3K27me3_gene_kurtosis	gex	0.021004032569720194	0.2929222502203156	0.021004032569720194	0.2929222502203156
H3K27me3_gene_kurtosis	gex_rank	0.1285713255298214	0.2929222502203156	0.1285713255298214	0.2929222502203156
H3K27me3_gene_skewness	gex	0.040062318428192925	0.2867462073633356	0.040062318428192925	0.2867462073633356
H3K27me3_gene_skewness	gex_rank	0.23006409111950543	0.2867462073633356	0.23006409111950543	0.2867462073633356
H3K27me3_gene_entropy	gex	-0.06225890790580744	-0.02349887362261339	0.06225890790580744	0.02349887362261339
H3K27me3_gene_entropy	gex_rank	-0.040615397718642435	-0.02349887362261339	0.040615397718642435	0.02349887362261339
H3K27me3_gene_autocorr	gex	-0.010623988368684176	-0.24820431735678478	0.010623988368684176	0.24820431735678478
H3K27me3_gene_autocorr	gex_rank	0.05991283791463943	-0.24820431735678478	0.05991283791463943	0.24820431735678478
H3K27me3_tss_z_mean	gex	-0.07018855927463341	-0.4597197072880685	0.07018855927463341	0.4597197072880685
H3K27me3_tss_z_mean	gex_rank	-0.2765598630344267	-0.4597197072880685	0.2765598630344267	0.4597197072880685
H3K27me3_tss_z_std	gex	-0.0779107527322539	-0.37120150083639497	0.0779107527322539	0.37120150083639497
H3K27me3_tss_z_std	gex_rank	-0.299566297178923	-0.37120150083639497	0.299566297178923	0.37120150083639497
H3K27me3_tss_z_min	gex	-0.02679280433051254	-0.15005507905136725	0.02679280433051254	0.15005507905136725
H3K27me3_tss_z_min	gex_rank	-0.11541925669998777	-0.15005507905136725	0.11541925669998777	0.15005507905136725
H3K27me3_tss_slope	gex	0.0058116787571589725	0.027100359713723744	0.0058116787571589725	0.027100359713723744
H3K27me3_tss_slope	gex_rank	0.024871525584356683	0.027100359713723744	0.024871525584356683	0.027100359713723744
H3K27me3_tss_kurtosis	gex	0.01884064089805828	0.011174620970459402	0.01884064089805828	0.011174620970459402
H3K27me3_tss_kurtosis	gex_rank	0.04772280397221361	0.011174620970459402	0.04772280397221361	0.011174620970459402
H3K27me3_tss_skewness	gex	0.021148354826601393	0.022676542593419374	0.021148354826601393	0.022676542593419374
H3K27me3_tss_skewness	gex_rank	0.06449399838424051	0.022676542593419374	0.06449399838424051	0.022676542593419374
H3K27me3_tss_entropy	gex	-0.0881810270577838	-0.3162354647779515	0.0881810270577838	0.3162354647779515
H3K27me3_tss_entropy	gex_rank	-0.3124054776399302	-0.3162354647779515	0.3124054776399302	0.3162354647779515
H3K27me3_tss_autocorr	gex	-0.03982423473108279	-0.06997056799339195	0.03982423473108279	0.06997056799339195
H3K27me3_tss_autocorr	gex_rank	-0.13250353748836097	-0.06997056799339195	0.13250353748836097	0.06997056799339195
H3K36me3_gene_z_mean	gex	0.14423040522226835	0.47649653401904435	0.14423040522226835	0.47649653401904435
H3K36me3_gene_z_mean	gex_rank	0.34789918236702344	0.47649653401904435	0.34789918236702344	0.47649653401904435
H3K36me3_gene_z_min	gex	-0.02290575590408153	-0.12365983613342639	0.02290575590408153	0.12365983613342639
H3K36me3_gene_z_min	gex_rank	-0.11827667142799497	-0.12365983613342639	0.11827667142799497	0.12365983613342639
H3K36me3_gene_z_max	gex	0.1389980630926897	0.47020513339524345	0.1389980630926897	0.47020513339524345
H3K36me3_gene_z_max	gex_rank	0.42605449573267334	0.47020513339524345	0.42605449573267334	0.47020513339524345
H3K36me3_gene_slope	gex	-0.008419035916659816	-0.00850698827700891	0.008419035916659816	0.00850698827700891
H3K36me3_gene_slope	gex_rank	-0.0006250160863179892	-0.00850698827700891	0.0006250160863179892	0.00850698827700891
H3K36me3_gene_kurtosis	gex	-0.007564591527917049	-0.028597947076321364	0.007564591527917049	0.028597947076321364
H3K36me3_gene_kurtosis	gex_rank	-0.02413536834699979	-0.028597947076321364	0.02413536834699979	0.028597947076321364
H3K36me3_gene_skewness	gex	0.012023265224130594	0.1206419683824947	0.012023265224130594	0.1206419683824947
H3K36me3_gene_skewness	gex_rank	0.1169928594923934	0.1206419683824947	0.1169928594923934	0.1206419683824947
H3K36me3_gene_autocorr	gex	0.023114586422277546	0.4121265891584263	0.023114586422277546	0.4121265891584263
H3K36me3_gene_autocorr	gex_rank	0.10953021450519312	0.4121265891584263	0.10953021450519312	0.4121265891584263
H3K36me3_tss_z_mean	gex	-0.05278150763376715	-0.2746954314469104	0.05278150763376715	0.2746954314469104
H3K36me3_tss_z_mean	gex_rank	-0.11065373852277413	-0.2746954314469104	0.11065373852277413	0.2746954314469104
H3K36me3_tss_z_std	gex	-0.049662706114607436	-0.10649249427946457	0.049662706114607436	0.10649249427946457
H3K36me3_tss_z_std	gex_rank	-0.08855396072720781	-0.10649249427946457	0.08855396072720781	0.10649249427946457
H3K36me3_tss_z_min	gex	-0.04741152251166648	-0.18530320695509478	0.04741152251166648	0.18530320695509478
H3K36me3_tss_z_min	gex_rank	-0.13956751145074517	-0.18530320695509478	0.13956751145074517	0.18530320695509478
H3K36me3_tss_slope	gex	0.0011823937748675658	0.011856568995801176	0.0011823937748675658	0.011856568995801176
H3K36me3_tss_slope	gex_rank	0.009601029200538347	0.011856568995801176	0.009601029200538347	0.011856568995801176
H3K36me3_tss_kurtosis	gex	-0.0024145840456539043	0.027178810068628437	0.0024145840456539043	0.027178810068628437
H3K36me3_tss_kurtosis	gex_rank	-0.008164405496410418	0.027178810068628437	0.008164405496410418	0.027178810068628437
H3K36me3_tss_skewness	gex	0.004970938391899097	0.05702964693025284	0.004970938391899097	0.05702964693025284
H3K36me3_tss_skewness	gex_rank	0.05885639122823229	0.05702964693025284	0.05885639122823229	0.05702964693025284
H3K36me3_tss_entropy	gex	-0.055110052636794	-0.17214177435719902	0.055110052636794	0.17214177435719902
H3K36me3_tss_entropy	gex_rank	-0.16916737635488532	-0.17214177435719902	0.16916737635488532	0.17214177435719902
H3K36me3_tss_autocorr	gex	0.02761199595231789	0.04231526104863808	0.02761199595231789	0.04231526104863808
H3K36me3_tss_autocorr	gex_rank	0.11972290724305586	0.04231526104863808	0.11972290724305586	0.04231526104863808
H3K4me1_gene_z_mean	gex	0.07041266314121333	0.3454827631038629	0.07041266314121333	0.3454827631038629
H3K4me1_gene_z_mean	gex_rank	0.19941847470169966	0.3454827631038629	0.19941847470169966	0.3454827631038629
H3K4me1_gene_z_std	gex	0.054644366443141495	0.31995416994741693	0.054644366443141495	0.31995416994741693
H3K4me1_gene_z_std	gex_rank	0.2110938240575159	0.31995416994741693	0.2110938240575159	0.31995416994741693
H3K4me1_gene_z_min	gex	-0.01884470689788264	-0.06108498686222682	0.01884470689788264	0.06108498686222682
H3K4me1_gene_z_min	gex_rank	-0.09970198700439871	-0.06108498686222682	0.09970198700439871	0.06108498686222682
H3K4me1_gene_z_max	gex	0.020592552727036043	0.25097613719223527	0.020592552727036043	0.25097613719223527
H3K4me1_gene_z_max	gex_rank	0.16089909622431192	0.25097613719223527	0.16089909622431192	0.25097613719223527
H3K4me1_gene_slope	gex	0.0033477966467778003	-0.01913519548579549	0.0033477966467778003	0.01913519548579549
H3K4me1_gene_slope	gex_rank	-0.004474874812016269	-0.01913519548579549	0.004474874812016269	0.01913519548579549
H3K4me1_gene_kurtosis	gex	-0.04539453669647133	-0.057960046459150316	0.04539453669647133	0.057960046459150316
H3K4me1_gene_kurtosis	gex_rank	-0.09350821486974094	-0.057960046459150316	0.09350821486974094	0.057960046459150316
H3K4me1_gene_skewness	gex	-0.0390594212559235	0.012171440797561495	0.0390594212559235	0.012171440797561495
H3K4me1_gene_skewness	gex_rank	0.0069315339072532085	0.012171440797561495	0.0069315339072532085	0.012171440797561495
H3K4me1_gene_autocorr	gex	0.020080261497966403	0.19664603987554663	0.020080261497966403	0.19664603987554663
H3K4me1_gene_autocorr	gex_rank	0.10352866632560262	0.19664603987554663	0.10352866632560262	0.19664603987554663
H3K4me1_tss_z_mean	gex	0.0396283187821903	0.3416311040246488	0.0396283187821903	0.3416311040246488
H3K4me1_tss_z_mean	gex_rank	0.20373511648217504	0.3416311040246488	0.20373511648217504	0.3416311040246488
H3K4me1_tss_z_std	gex	0.06881593997355201	0.4321522862449058	0.06881593997355201	0.4321522862449058
H3K4me1_tss_z_std	gex_rank	0.30393021410303794	0.4321522862449058	0.30393021410303794	0.4321522862449058
H3K4me1_tss_z_min	gex	-0.025711372439226516	-0.12289445158684918	0.025711372439226516	0.12289445158684918
H3K4me1_tss_z_min	gex_rank	-0.049889994794243074	-0.12289445158684918	0.049889994794243074	0.12289445158684918
H3K4me1_tss_slope	gex	0.0038639623398666932	-0.014088006842008132	0.0038639623398666932	0.014088006842008132
H3K4me1_tss_slope	gex_rank	-0.013480985836459371	-0.014088006842008132	0.013480985836459371	0.014088006842008132
H3K4me1_tss_kurtosis	gex	-0.01365390048754934	-0.08180835115140839	0.01365390048754934	0.08180835115140839
H3K4me1_tss_kurtosis	gex_rank	-0.06907404692820411	-0.08180835115140839	0.06907404692820411	0.08180835115140839
H3K4me1_tss_skewness	gex	0.03633892044943869	0.14115056160688502	0.03633892044943869	0.14115056160688502
H3K4me1_tss_skewness	gex_rank	0.14338826263068727	0.14115056160688502	0.14338826263068727	0.14115056160688502
H3K4me1_tss_entropy	gex	-0.11624260500857497	-0.4687043784800162	0.11624260500857497	0.4687043784800162
H3K4me1_tss_entropy	gex_rank	-0.42724609261162216	-0.4687043784800162	0.42724609261162216	0.4687043784800162
H3K4me1_tss_autocorr	gex	0.029382711277380333	0.217199959705342	0.029382711277380333	0.217199959705342
H3K4me1_tss_autocorr	gex_rank	0.1379427553355607	0.217199959705342	0.1379427553355607	0.217199959705342
H3K9me3_gene_z_mean	gex	0.008656041665627758	0.005274729740095709	0.008656041665627758	0.005274729740095709
H3K9me3_gene_z_mean	gex_rank	0.06605247809596115	0.005274729740095709	0.06605247809596115	0.005274729740095709
H3K9me3_gene_z_std	gex	0.033933447561696216	0.15882271811781212	0.033933447561696216	0.15882271811781212
H3K9me3_gene_z_std	gex_rank	0.16753172459226495	0.15882271811781212	0.16753172459226495	0.15882271811781212
H3K9me3_gene_z_min	gex	-0.025138085319448528	-0.11343330587636317	0.025138085319448528	0.11343330587636317
H3K9me3_gene_z_min	gex_rank	-0.156949433847852	-0.11343330587636317	0.156949433847852	0.11343330587636317
H3K9me3_gene_z_max	gex	0.005977063221227746	0.11847960683420138	0.005977063221227746	0.11847960683420138
H3K9me3_gene_z_max	gex_rank	0.1347973607776216	0.11847960683420138	0.1347973607776216	0.11847960683420138
H3K9me3_gene_gradient_mean	gex	0.03973852719897489	0.19349073127617009	0.03973852719897489	0.19349073127617009
H3K9me3_gene_gradient_mean	gex_rank	0.1569723355432483	0.19349073127617009	0.1569723355432483	0.19349073127617009
H3K9me3_gene_slope	gex	0.005972587112080088	0.004535422048105427	0.005972587112080088	0.004535422048105427
H3K9me3_gene_slope	gex_rank	0.004480946198573282	0.004535422048105427	0.004480946198573282	0.004535422048105427
H3K9me3_gene_kurtosis	gex	-0.012912585465775525	0.0442989544031724	0.012912585465775525	0.0442989544031724
H3K9me3_gene_kurtosis	gex_rank	-0.008555949058034815	0.0442989544031724	0.008555949058034815	0.0442989544031724
H3K9me3_gene_skewness	gex	0.006473527441578456	0.08451114829019814	0.006473527441578456	0.08451114829019814
H3K9me3_gene_skewness	gex_rank	0.10191359309986012	0.08451114829019814	0.10191359309986012	0.08451114829019814
H3K9me3_tss_z_mean	gex	-0.020550844203579003	-0.06065605543169108	0.020550844203579003	0.06065605543169108
H3K9me3_tss_z_mean	gex_rank	-0.02193139780395982	-0.06065605543169108	0.02193139780395982	0.06065605543169108
H3K9me3_tss_z_std	gex	0.025809872100214258	0.1564465698598191	0.025809872100214258	0.1564465698598191
H3K9me3_tss_z_std	gex_rank	0.13951371530480852	0.1564465698598191	0.13951371530480852	0.1564465698598191
H3K9me3_tss_z_min	gex	-0.06285606842159978	-0.23220767684963106	0.06285606842159978	0.23220767684963106
H3K9me3_tss_z_min	gex_rank	-0.22364848425765813	-0.23220767684963106	0.22364848425765813	0.23220767684963106
H3K9me3_tss_z_max	gex	0.018871900223926583	0.105434384279196	0.018871900223926583	0.105434384279196
H3K9me3_tss_z_max	gex_rank	0.11184098044739851	0.105434384279196	0.11184098044739851	0.105434384279196
H3K9me3_tss_gradient_mean	gex	0.03384657110675081	0.23754134156360693	0.03384657110675081	0.23754134156360693
H3K9me3_tss_gradient_mean	gex_rank	0.15788197772992466	0.23754134156360693	0.15788197772992466	0.23754134156360693
H3K9me3_tss_slope	gex	-0.0012462615758452372	-0.011156848466759538	0.0012462615758452372	0.011156848466759538
H3K9me3_tss_slope	gex_rank	-0.014265845652467121	-0.011156848466759538	0.014265845652467121	0.011156848466759538
H3K9me3_tss_kurtosis	gex	-0.0093677711187914	-0.008990173647954732	0.0093677711187914	0.008990173647954732
H3K9me3_tss_kurtosis	gex_rank	-0.03682965867430107	-0.008990173647954732	0.03682965867430107	0.008990173647954732
H3K9me3_tss_skewness	gex	0.029167993077453044	0.06589059381757888	0.029167993077453044	0.06589059381757888
H3K9me3_tss_skewness	gex_rank	0.1117911341827242	0.06589059381757888	0.1117911341827242	0.06589059381757888
H3K9me3_tss_entropy	gex	-0.06612625439437449	-0.28865374348806755	0.06612625439437449	0.28865374348806755
H3K9me3_tss_entropy	gex_rank	-0.2303505749826958	-0.28865374348806755	0.2303505749826958	0.28865374348806755
H3K9me3_tss_autocorr	gex	0.022922099574038707	-0.0007383090972416397	0.022922099574038707	0.0007383090972416397
H3K9me3_tss_autocorr	gex_rank	0.12392730910218586	-0.0007383090972416397	0.12392730910218586	0.0007383090972416397
gene_length	gex	-0.0387507550178792	0.012757898868829243	0.0387507550178792	0.012757898868829243
gene_length	gex_rank	-0.0768532320566623	0.012757898868829243	0.0768532320566623	0.012757898868829243
tss_length	gex	0.01508288826125119	0.039058987526551535	0.01508288826125119	0.039058987526551535
tss_length	gex_rank	0.05753319517100523	0.039058987526551535	0.05753319517100523	0.039058987526551535
DNase_ratio_mean	gex	-4.9730821055522074e-05	0.4886533589328957	4.9730821055522074e-05	0.4886533589328957
DNase_ratio_mean	gex_rank	0.0057227538577515405	0.4886533589328957	0.0057227538577515405	0.4886533589328957
DNase_ratio_std	gex	0.05787712569159088	0.5909921993920205	0.05787712569159088	0.5909921993920205
DNase_ratio_std	gex_rank	0.3175655168387808	0.5909921993920205	0.3175655168387808	0.5909921993920205
H3K27ac_ratio_mean	gex	0.0012804547333336088	0.2579693699631761	0.0012804547333336088	0.2579693699631761
H3K27ac_ratio_mean	gex_rank	-0.004408693571560343	0.2579693699631761	0.004408693571560343	0.2579693699631761
H3K27ac_ratio_std	gex	-0.000914220802954687	0.3914587957167683	0.000914220802954687	0.3914587957167683
H3K27ac_ratio_std	gex_rank	0.007486864409344717	0.3914587957167683	0.007486864409344717	0.3914587957167683
H3K4me3_ratio_mean	gex	0.0009848487257283452	0.3896466923284145	0.0009848487257283452	0.3896466923284145
H3K4me3_ratio_mean	gex_rank	-0.0001895431481995168	0.3896466923284145	0.0001895431481995168	0.3896466923284145
H3K4me3_ratio_std	gex	-0.000287343083767947	0.4291497570300259	0.000287343083767947	0.4291497570300259
H3K4me3_ratio_std	gex_rank	0.03743417565135897	0.4291497570300259	0.03743417565135897	0.4291497570300259
H3K36me3_ratio_mean	gex	-0.007212892091137563	-0.350888059522928	0.007212892091137563	0.350888059522928
H3K36me3_ratio_mean	gex_rank	-0.020777013822579096	-0.350888059522928	0.020777013822579096	0.350888059522928
H3K36me3_ratio_std	gex	-0.0022583624031924875	-0.49500050321863176	0.0022583624031924875	0.49500050321863176
H3K36me3_ratio_std	gex_rank	-0.018349355988132268	-0.49500050321863176	0.018349355988132268	0.49500050321863176
H3K9me3_ratio_mean	gex	-0.013075613591217382	-0.034174565144436786	0.013075613591217382	0.034174565144436786
H3K9me3_ratio_mean	gex_rank	0.005308507797752401	-0.034174565144436786	0.005308507797752401	0.034174565144436786
H3K9me3_ratio_std	gex	-0.0036249968409422873	0.03734440738385139	0.0036249968409422873	0.03734440738385139
H3K9me3_ratio_std	gex_rank	-0.026793306599532447	0.03734440738385139	0.026793306599532447	0.03734440738385139
H3K27me3_ratio_mean	gex	-0.0003579449653589521	0.06440134486241256	0.0003579449653589521	0.06440134486241256
H3K27me3_ratio_mean	gex_rank	0.0003972866504527205	0.06440134486241256	0.0003972866504527205	0.06440134486241256
H3K27me3_ratio_std	gex	-0.0033150049189743748	-0.17221964994254932	0.0033150049189743748	0.17221964994254932
H3K27me3_ratio_std	gex_rank	-0.016114959780009035	-0.17221964994254932	0.016114959780009035	0.17221964994254932
balance_H3K27	gex	0.211258770936062	0.6234075806225968	0.211258770936062	0.6234075806225968
balance_H3K27	gex_rank	0.48106988649710103	0.6234075806225968	0.48106988649710103	0.6234075806225968
promoter_variability	gex	0.21320499445340607	0.6108830161030057	0.21320499445340607	0.6108830161030057
promoter_variability	gex_rank	0.5630305669108236	0.6108830161030057	0.5630305669108236	0.6108830161030057
promoter_entropy	gex	0.006119539665626223	0.06305537057689514	0.006119539665626223	0.06305537057689514
promoter_entropy	gex_rank	0.02529458708774115	0.06305537057689514	0.02529458708774115	0.06305537057689514
repression_index	gex	-0.07116606532426291	-0.32462844424957543	0.07116606532426291	0.32462844424957543
repression_index	gex_rank	-0.25789056804328975	-0.32462844424957543	0.25789056804328975	0.32462844424957543
strand_is_plus	gex	0.007902788655036274	0.007372064869416123	0.007902788655036274	0.007372064869416123
strand_is_plus	gex_rank	0.007372064869416083	0.007372064869416123	0.007372064869416083	0.007372064869416123
DNase_H3K27ac_interaction	gex	0.24353169004673356	0.5488731656223835	0.24353169004673356	0.5488731656223835
DNase_H3K27ac_interaction	gex_rank	0.34667304436156327	0.5488731656223835	0.34667304436156327	0.5488731656223835
DNase_H3K4me3_interaction	gex	0.15235985818015751	0.6407064171990761	0.15235985818015751	0.6407064171990761
DNase_H3K4me3_interaction	gex_rank	0.45842024405507303	0.6407064171990761	0.45842024405507303	0.6407064171990761
DNase_H3K27me3_interaction	gex	-0.17767745173227062	-0.5866604784563556	0.17767745173227062	0.5866604784563556
DNase_H3K27me3_interaction	gex_rank	-0.4616322838965625	-0.5866604784563556	0.4616322838965625	0.5866604784563556
DNase_H3K36me3_interaction	gex	-0.14732135350633505	-0.5508599002267849	0.14732135350633505	0.5508599002267849
DNase_H3K36me3_interaction	gex_rank	-0.3343560161188192	-0.5508599002267849	0.3343560161188192	0.5508599002267849
DNase_H3K4me1_interaction	gex	0.10818242713597864	0.30724926199582303	0.10818242713597864	0.30724926199582303
DNase_H3K4me1_interaction	gex_rank	0.25129640217529065	0.30724926199582303	0.25129640217529065	0.30724926199582303
DNase_H3K9me3_interaction	gex	-0.08426585221422474	-0.23390713246523318	0.08426585221422474	0.23390713246523318
DNase_H3K9me3_interaction	gex_rank	-0.1495129736469699	-0.23390713246523318	0.1495129736469699	0.23390713246523318
H3K27ac_H3K4me3_interaction	gex	0.13879965356914922	0.5384809034562397	0.13879965356914922	0.5384809034562397
H3K27ac_H3K4me3_interaction	gex_rank	0.35716358389484165	0.5384809034562397	0.35716358389484165	0.5384809034562397
H3K27ac_H3K27me3_interaction	gex	-0.19306390131718168	-0.4529928283580407	0.19306390131718168	0.4529928283580407
H3K27ac_H3K27me3_interaction	gex_rank	-0.3818293756111133	-0.4529928283580407	0.3818293756111133	0.4529928283580407
H3K27ac_H3K36me3_interaction	gex	-0.16381454125754386	-0.48785274794011224	0.16381454125754386	0.48785274794011224
H3K27ac_H3K36me3_interaction	gex_rank	-0.2630163977914147	-0.48785274794011224	0.2630163977914147	0.48785274794011224
H3K27ac_H3K4me1_interaction	gex	0.10202938662822224	0.21885811149338685	0.10202938662822224	0.21885811149338685
H3K27ac_H3K4me1_interaction	gex_rank	0.1305236824705791	0.21885811149338685	0.1305236824705791	0.21885811149338685
H3K27ac_H3K9me3_interaction	gex	-0.12673701841465926	-0.2146613197037956	0.12673701841465926	0.2146613197037956
H3K27ac_H3K9me3_interaction	gex_rank	-0.13481773295084928	-0.2146613197037956	0.13481773295084928	0.2146613197037956
H3K4me3_H3K27me3_interaction	gex	-0.09724648522663319	-0.5141218456007953	0.09724648522663319	0.5141218456007953
H3K4me3_H3K27me3_interaction	gex_rank	-0.3290615540239895	-0.5141218456007953	0.3290615540239895	0.5141218456007953
H3K4me3_H3K36me3_interaction	gex	-0.1037472944774112	-0.5211335527081188	0.1037472944774112	0.5211335527081188
H3K4me3_H3K36me3_interaction	gex_rank	-0.3331504299971099	-0.5211335527081188	0.3331504299971099	0.5211335527081188
H3K4me3_H3K4me1_interaction	gex	0.04668869689076671	0.27487441490501185	0.04668869689076671	0.27487441490501185
H3K4me3_H3K4me1_interaction	gex_rank	0.23591595995547676	0.27487441490501185	0.23591595995547676	0.27487441490501185
H3K4me3_H3K9me3_interaction	gex	-0.05413069911539685	-0.21724328792567923	0.05413069911539685	0.21724328792567923
H3K4me3_H3K9me3_interaction	gex_rank	-0.13027194746495924	-0.21724328792567923	0.13027194746495924	0.21724328792567923
H3K27me3_H3K36me3_interaction	gex	0.06278020312670236	0.38645633212249225	0.06278020312670236	0.38645633212249225
H3K27me3_H3K36me3_interaction	gex_rank	0.17428968115944657	0.38645633212249225	0.17428968115944657	0.38645633212249225
H3K27me3_H3K4me1_interaction	gex	-0.03215290299352901	-0.18039447023915223	0.03215290299352901	0.18039447023915223
H3K27me3_H3K4me1_interaction	gex_rank	-0.1034509106357917	-0.18039447023915223	0.1034509106357917	0.18039447023915223
H3K27me3_H3K9me3_interaction	gex	0.002458254241723019	0.1361491026999167	0.002458254241723019	0.1361491026999167
H3K27me3_H3K9me3_interaction	gex_rank	-0.0012654138871560578	0.1361491026999167	0.0012654138871560578	0.1361491026999167
H3K36me3_H3K4me1_interaction	gex	-0.019130314577716197	-0.24614812544664866	0.019130314577716197	0.24614812544664866
H3K36me3_H3K4me1_interaction	gex_rank	-0.03492384867007226	-0.24614812544664866	0.03492384867007226	0.24614812544664866
H3K36me3_H3K9me3_interaction	gex	0.0140858756089845	0.10894659588961504	0.0140858756089845	0.10894659588961504
H3K36me3_H3K9me3_interaction	gex_rank	0.012340322086706722	0.10894659588961504	0.012340322086706722	0.10894659588961504
H3K4me1_H3K9me3_interaction	gex	-0.009844913250587888	-0.07603969966662752	0.009844913250587888	0.07603969966662752
H3K4me1_H3K9me3_interaction	gex_rank	-0.006331168169911	-0.07603969966662752	0.006331168169911	0.07603969966662752
H3K27ac_promoter_body_delta	gex	0.18179923989299496	0.45120108985592206	0.18179923989299496	0.45120108985592206
H3K27ac_promoter_body_delta	gex_rank	0.39706740125428497	0.45120108985592206	0.39706740125428497	0.45120108985592206
H3K4me3_promoter_body_delta	gex	0.06654949843165439	0.4546408014912567	0.06654949843165439	0.4546408014912567
H3K4me3_promoter_body_delta	gex_rank	0.434490861216333	0.4546408014912567	0.434490861216333	0.4546408014912567
H3K27me3_axis_sum	gex	-0.07751352216612069	-0.5042371695988471	0.07751352216612069	0.5042371695988471
H3K27me3_axis_sum	gex_rank	-0.3136857061039308	-0.5042371695988471	0.3136857061039308	0.5042371695988471
H3K27me3_promoter_body_delta	gex	-0.03637127743169197	-0.11717304655333706	0.03637127743169197	0.11717304655333706
H3K27me3_promoter_body_delta	gex_rank	-0.12894769319260094	-0.11717304655333706	0.12894769319260094	0.11717304655333706
H3K36me3_axis_sum	gex	0.04890359702014709	0.318224806342707	0.04890359702014709	0.318224806342707
H3K36me3_axis_sum	gex_rank	0.12832509322754815	0.318224806342707	0.12832509322754815	0.318224806342707
H3K36me3_promoter_body_delta	gex	-0.17757291908110856	-0.5546385468163534	0.17757291908110856	0.5546385468163534
H3K36me3_promoter_body_delta	gex_rank	-0.41226134340310894	-0.5546385468163534	0.41226134340310894	0.5546385468163534
H3K4me1_axis_sum	gex	0.058840630580502234	0.4044622778484081	0.058840630580502234	0.4044622778484081
H3K4me1_axis_sum	gex_rank	0.23653668644948822	0.4044622778484081	0.23653668644948822	0.4044622778484081
H3K4me1_promoter_body_delta	gex	0.0024101829175099546	0.12055747637887325	0.0024101829175099546	0.12055747637887325
H3K4me1_promoter_body_delta	gex_rank	0.10604931371570767	0.12055747637887325	0.10604931371570767	0.12055747637887325
H3K9me3_axis_sum	gex	-0.009636095814480461	-0.01930341939535048	0.009636095814480461	0.01930341939535048
H3K9me3_axis_sum	gex_rank	0.01865903234697034	-0.01930341939535048	0.01865903234697034	0.01930341939535048
H3K9me3_promoter_body_delta	gex	-0.02741288189210426	-0.0801458672697511	0.02741288189210426	0.0801458672697511
H3K9me3_promoter_body_delta	gex_rank	-0.07224490517254548	-0.0801458672697511	0.07224490517254548	0.0801458672697511
DNase_gene_z_mean_rank	gex	0.15874052981943768	0.48100948803541316	0.15874052981943768	0.48100948803541316
DNase_gene_z_mean_rank	gex_rank	0.4810094880354131	0.48100948803541316	0.4810094880354131	0.48100948803541316
DNase_gene_z_std_rank	gex	0.16815349355911677	0.5261543058723408	0.16815349355911677	0.5261543058723408
DNase_gene_z_std_rank	gex_rank	0.5261543058723407	0.5261543058723408	0.5261543058723407	0.5261543058723408
DNase_gene_z_min_rank	gex	0.0710856843587799	0.09390037540838045	0.0710856843587799	0.09390037540838045
DNase_gene_z_min_rank	gex_rank	0.09390037540838052	0.09390037540838045	0.09390037540838052	0.09390037540838045
DNase_gene_z_max_rank	gex	0.1603533656627815	0.5232269980683945	0.1603533656627815	0.5232269980683945
DNase_gene_z_max_rank	gex_rank	0.5232269980683943	0.5232269980683945	0.5232269980683943	0.5232269980683945
DNase_gene_slope_rank	gex	-0.016444404684137146	-0.013198079765858978	0.016444404684137146	0.013198079765858978
DNase_gene_slope_rank	gex_rank	-0.013198079765858978	-0.013198079765858978	0.013198079765858978	0.013198079765858978
DNase_gene_kurtosis_rank	gex	0.02857431983456523	0.28965574564952373	0.02857431983456523	0.28965574564952373
DNase_gene_kurtosis_rank	gex_rank	0.2896557456495237	0.28965574564952373	0.2896557456495237	0.28965574564952373
DNase_gene_autocorr_rank	gex	0.15397879347134297	0.5147146804437958	0.15397879347134297	0.5147146804437958
DNase_gene_autocorr_rank	gex_rank	0.5147146804437959	0.5147146804437958	0.5147146804437959	0.5147146804437958
DNase_tss_z_mean_rank	gex	0.1931915993099403	0.7117955172525082	0.1931915993099403	0.7117955172525082
DNase_tss_z_mean_rank	gex_rank	0.7117955172525083	0.7117955172525082	0.7117955172525083	0.7117955172525082
DNase_tss_z_min_rank	gex	0.11438634260183635	0.4166972960360016	0.11438634260183635	0.4166972960360016
DNase_tss_z_min_rank	gex_rank	0.41669729603600125	0.4166972960360016	0.41669729603600125	0.4166972960360016
DNase_tss_slope_rank	gex	0.014462612264000259	0.013415353911324143	0.014462612264000259	0.013415353911324143
DNase_tss_slope_rank	gex_rank	0.013415353911324129	0.013415353911324143	0.013415353911324129	0.013415353911324143
DNase_tss_kurtosis_rank	gex	-7.850026096374813e-05	0.025782523477305485	7.850026096374813e-05	0.025782523477305485
DNase_tss_kurtosis_rank	gex_rank	0.025782523477305485	0.025782523477305485	0.025782523477305485	0.025782523477305485
DNase_tss_skewness_rank	gex	0.05075412496421182	0.1855118054698127	0.05075412496421182	0.1855118054698127
DNase_tss_skewness_rank	gex_rank	0.18551180546981266	0.1855118054698127	0.18551180546981266	0.1855118054698127
DNase_tss_entropy_rank	gex	-0.16222275621189236	-0.5875478797503384	0.16222275621189236	0.5875478797503384
DNase_tss_entropy_rank	gex_rank	-0.5875478797503385	-0.5875478797503384	0.5875478797503385	0.5875478797503384
DNase_tss_autocorr_rank	gex	0.19607280875988206	0.6988323460236733	0.19607280875988206	0.6988323460236733
DNase_tss_autocorr_rank	gex_rank	0.6988323460236734	0.6988323460236733	0.6988323460236734	0.6988323460236733
H3K27ac_gene_z_mean_rank	gex	0.16405368921047558	0.5251516415197718	0.16405368921047558	0.5251516415197718
H3K27ac_gene_z_mean_rank	gex_rank	0.5251516415197717	0.5251516415197718	0.5251516415197717	0.5251516415197718
H3K27ac_gene_z_std_rank	gex	0.1667222739218397	0.5410794620597016	0.1667222739218397	0.5410794620597016
H3K27ac_gene_z_std_rank	gex_rank	0.5410794620597015	0.5410794620597016	0.5410794620597015	0.5410794620597016
H3K27ac_gene_z_min_rank	gex	0.02968807230383143	-0.05179462983452038	0.02968807230383143	0.05179462983452038
H3K27ac_gene_z_min_rank	gex_rank	-0.051794629834520364	-0.05179462983452038	0.051794629834520364	0.05179462983452038
H3K27ac_gene_slope_rank	gex	-0.010348153982484317	-0.012103307160791834	0.010348153982484317	0.012103307160791834
H3K27ac_gene_slope_rank	gex_rank	-0.01210330716079184	-0.012103307160791834	0.01210330716079184	0.012103307160791834
H3K27ac_gene_kurtosis_rank	gex	-0.016161081124643727	0.14588765494062114	0.016161081124643727	0.14588765494062114
H3K27ac_gene_kurtosis_rank	gex_rank	0.14588765494062111	0.14588765494062114	0.14588765494062111	0.14588765494062114
H3K27ac_gene_autocorr_rank	gex	0.14760359056675776	0.5041419039221103	0.14760359056675776	0.5041419039221103
H3K27ac_gene_autocorr_rank	gex_rank	0.5041419039221104	0.5041419039221103	0.5041419039221104	0.5041419039221103
H3K27ac_tss_z_mean_rank	gex	0.17966629284936808	0.637028632510697	0.17966629284936808	0.637028632510697
H3K27ac_tss_z_mean_rank	gex_rank	0.637028632510697	0.637028632510697	0.637028632510697	0.637028632510697
H3K27ac_tss_z_std_rank	gex	0.18407811253594358	0.6706410422829671	0.18407811253594358	0.6706410422829671
H3K27ac_tss_z_std_rank	gex_rank	0.6706410422829668	0.6706410422829671	0.6706410422829668	0.6706410422829671
H3K27ac_tss_z_min_rank	gex	0.09223421471260929	0.258783372066363	0.09223421471260929	0.258783372066363
H3K27ac_tss_z_min_rank	gex_rank	0.25878337206636304	0.258783372066363	0.25878337206636304	0.258783372066363
H3K27ac_tss_slope_rank	gex	0.0032486266785577656	-0.010701891237182943	0.0032486266785577656	0.010701891237182943
H3K27ac_tss_slope_rank	gex_rank	-0.010701891237182954	-0.010701891237182943	0.010701891237182954	0.010701891237182943
H3K27ac_tss_kurtosis_rank	gex	-0.03016372987049034	-0.04979541009139108	0.03016372987049034	0.04979541009139108
H3K27ac_tss_kurtosis_rank	gex_rank	-0.049795410091391074	-0.04979541009139108	0.049795410091391074	0.04979541009139108
H3K27ac_tss_skewness_rank	gex	0.04855484891453432	0.2649906227026324	0.04855484891453432	0.2649906227026324
H3K27ac_tss_skewness_rank	gex_rank	0.2649906227026324	0.2649906227026324	0.2649906227026324	0.2649906227026324
H3K27ac_tss_entropy_rank	gex	-0.1304080861394523	-0.5597721478219546	0.1304080861394523	0.5597721478219546
H3K27ac_tss_entropy_rank	gex_rank	-0.5597721478219544	-0.5597721478219546	0.5597721478219544	0.5597721478219546
H3K27ac_tss_autocorr_rank	gex	0.16839932535541557	0.5679443900456452	0.16839932535541557	0.5679443900456452
H3K27ac_tss_autocorr_rank	gex_rank	0.5679443900456451	0.5679443900456452	0.5679443900456451	0.5679443900456452
H3K4me3_gene_z_mean_rank	gex	0.16776590791368018	0.5506263990351453	0.16776590791368018	0.5506263990351453
H3K4me3_gene_z_mean_rank	gex_rank	0.5506263990351453	0.5506263990351453	0.5506263990351453	0.5506263990351453
H3K4me3_gene_z_min_rank	gex	0.032844047863287526	0.060319260148927314	0.032844047863287526	0.060319260148927314
H3K4me3_gene_z_min_rank	gex_rank	0.060319260148927314	0.060319260148927314	0.060319260148927314	0.060319260148927314
H3K4me3_gene_slope_rank	gex	-0.012017710310601542	-0.008018487863158664	0.012017710310601542	0.008018487863158664
H3K4me3_gene_slope_rank	gex_rank	-0.008018487863158678	-0.008018487863158664	0.008018487863158678	0.008018487863158664
H3K4me3_gene_kurtosis_rank	gex	-0.09839240121416795	-0.14984510597037232	0.09839240121416795	0.14984510597037232
H3K4me3_gene_kurtosis_rank	gex_rank	-0.14984510597037223	-0.14984510597037232	0.14984510597037223	0.14984510597037232
H3K4me3_gene_entropy_rank	gex	0.040325567785909164	0.15742051708110366	0.040325567785909164	0.15742051708110366
H3K4me3_gene_entropy_rank	gex_rank	0.15742051708110363	0.15742051708110366	0.15742051708110363	0.15742051708110366
H3K4me3_gene_autocorr_rank	gex	0.13036776156897983	0.5465732144653647	0.13036776156897983	0.5465732144653647
H3K4me3_gene_autocorr_rank	gex_rank	0.5465732144653643	0.5465732144653647	0.5465732144653643	0.5465732144653647
H3K4me3_tss_z_mean_rank	gex	0.1581519842775202	0.64379298217694	0.1581519842775202	0.64379298217694
H3K4me3_tss_z_mean_rank	gex_rank	0.6437929821769399	0.64379298217694	0.6437929821769399	0.64379298217694
H3K4me3_tss_z_min_rank	gex	0.055457947038203434	0.2948937122950169	0.055457947038203434	0.2948937122950169
H3K4me3_tss_z_min_rank	gex_rank	0.2948937122950163	0.2948937122950169	0.2948937122950163	0.2948937122950169
H3K4me3_tss_slope_rank	gex	-0.006249123281594392	-0.01449715628861118	0.006249123281594392	0.01449715628861118
H3K4me3_tss_slope_rank	gex_rank	-0.014497156288611177	-0.01449715628861118	0.014497156288611177	0.01449715628861118
H3K4me3_tss_kurtosis_rank	gex	-0.11523022912839496	-0.43927692240678623	0.11523022912839496	0.43927692240678623
H3K4me3_tss_kurtosis_rank	gex_rank	-0.4392769224067863	-0.43927692240678623	0.4392769224067863	0.43927692240678623
H3K4me3_tss_skewness_rank	gex	-0.061319456565812315	-0.19826677356850086	0.061319456565812315	0.19826677356850086
H3K4me3_tss_skewness_rank	gex_rank	-0.19826677356850084	-0.19826677356850086	0.19826677356850084	0.19826677356850086
H3K27me3_gene_z_mean_rank	gex	0.12635381277696936	0.48291884136021535	0.12635381277696936	0.48291884136021535
H3K27me3_gene_z_mean_rank	gex_rank	0.4829188413602153	0.48291884136021535	0.4829188413602153	0.48291884136021535
H3K27me3_gene_z_std_rank	gex	0.10588079931384946	0.4223498113504605	0.10588079931384946	0.4223498113504605
H3K27me3_gene_z_std_rank	gex_rank	0.42234981135046057	0.4223498113504605	0.42234981135046057	0.4223498113504605
H3K27me3_gene_z_max_rank	gex	0.10570286620836752	0.3788964737588066	0.10570286620836752	0.3788964737588066
H3K27me3_gene_z_max_rank	gex_rank	0.37889647375880653	0.3788964737588066	0.37889647375880653	0.3788964737588066
H3K27me3_gene_slope_rank	gex	0.0018635040233165876	0.0033305158381605835	0.0018635040233165876	0.0033305158381605835
H3K27me3_gene_slope_rank	gex_rank	0.003330515838160594	0.0033305158381605835	0.003330515838160594	0.0033305158381605835
H3K27me3_gene_kurtosis_rank	gex	-0.046055224597885	-0.2929222502203156	0.046055224597885	0.2929222502203156
H3K27me3_gene_kurtosis_rank	gex_rank	-0.29292225022031554	-0.2929222502203156	0.29292225022031554	0.2929222502203156
H3K27me3_gene_skewness_rank	gex	-0.048631058721760094	-0.2867462073633356	0.048631058721760094	0.2867462073633356
H3K27me3_gene_skewness_rank	gex_rank	-0.28674620736333556	-0.2867462073633356	0.28674620736333556	0.2867462073633356
H3K27me3_gene_entropy_rank	gex	0.05242929920385187	0.02349887362261339	0.05242929920385187	0.02349887362261339
H3K27me3_gene_entropy_rank	gex_rank	0.02349887362261338	0.02349887362261339	0.02349887362261338	0.02349887362261339
H3K27me3_gene_autocorr_rank	gex	0.05875974837903381	0.24820431735678478	0.05875974837903381	0.24820431735678478
H3K27me3_gene_autocorr_rank	gex_rank	0.24820431735678478	0.24820431735678478	0.24820431735678478	0.24820431735678478
H3K27me3_tss_z_mean_rank	gex	0.12639801696137742	0.4597197072880685	0.12639801696137742	0.4597197072880685
H3K27me3_tss_z_mean_rank	gex_rank	0.4597197072880685	0.4597197072880685	0.4597197072880685	0.4597197072880685
H3K27me3_tss_z_std_rank	gex	0.10568169013185873	0.37120150083639497	0.10568169013185873	0.37120150083639497
H3K27me3_tss_z_std_rank	gex_rank	0.3712015008363951	0.37120150083639497	0.3712015008363951	0.37120150083639497
H3K27me3_tss_z_min_rank	gex	0.03585643676613531	0.15005507905136725	0.03585643676613531	0.15005507905136725
H3K27me3_tss_z_min_rank	gex_rank	0.15005507905136717	0.15005507905136725	0.15005507905136717	0.15005507905136725
H3K27me3_tss_slope_rank	gex	-0.011652476169273182	-0.027100359713723744	0.011652476169273182	0.027100359713723744
H3K27me3_tss_slope_rank	gex_rank	-0.02710035971372374	-0.027100359713723744	0.02710035971372374	0.027100359713723744
H3K27me3_tss_kurtosis_rank	gex	-0.003666386865429967	-0.011174620970459402	0.003666386865429967	0.011174620970459402
H3K27me3_tss_kurtosis_rank	gex_rank	-0.011174620970459388	-0.011174620970459402	0.011174620970459388	0.011174620970459402
H3K27me3_tss_skewness_rank	gex	-0.0077944522445675905	-0.022676542593419374	0.0077944522445675905	0.022676542593419374
H3K27me3_tss_skewness_rank	gex_rank	-0.02267654259341939	-0.022676542593419374	0.02267654259341939	0.022676542593419374
H3K27me3_tss_entropy_rank	gex	0.0890470897458272	0.3162354647779515	0.0890470897458272	0.3162354647779515
H3K27me3_tss_entropy_rank	gex_rank	0.3162354647779515	0.3162354647779515	0.3162354647779515	0.3162354647779515
H3K27me3_tss_autocorr_rank	gex	0.021275134947559095	0.06997056799339195	0.021275134947559095	0.06997056799339195
H3K27me3_tss_autocorr_rank	gex_rank	0.06997056799339192	0.06997056799339195	0.06997056799339192	0.06997056799339195
H3K36me3_gene_z_mean_rank	gex	0.14620777034663468	0.47649653401904435	0.14620777034663468	0.47649653401904435
H3K36me3_gene_z_mean_rank	gex_rank	0.4764965340190443	0.47649653401904435	0.4764965340190443	0.47649653401904435
H3K36me3_gene_z_std_rank	gex	0.14935196930486364	0.49586951601601237	0.14935196930486364	0.49586951601601237
H3K36me3_gene_z_std_rank	gex_rank	0.4958695160160123	0.49586951601601237	0.4958695160160123	0.49586951601601237
H3K36me3_gene_z_min_rank	gex	-0.023483608657286575	-0.12365983613342639	0.023483608657286575	0.12365983613342639
H3K36me3_gene_z_min_rank	gex_rank	-0.12365983613342625	-0.12365983613342639	0.12365983613342625	0.12365983613342639
H3K36me3_gene_z_max_rank	gex	0.13118817266381055	0.47020513339524345	0.13118817266381055	0.47020513339524345
H3K36me3_gene_z_max_rank	gex_rank	0.4702051333952433	0.47020513339524345	0.4702051333952433	0.47020513339524345
H3K36me3_gene_slope_rank	gex	-0.003636178808283922	-0.00850698827700891	0.003636178808283922	0.00850698827700891
H3K36me3_gene_slope_rank	gex_rank	-0.008506988277008914	-0.00850698827700891	0.008506988277008914	0.00850698827700891
H3K36me3_gene_kurtosis_rank	gex	-0.04954472626914592	-0.028597947076321364	0.04954472626914592	0.028597947076321364
H3K36me3_gene_kurtosis_rank	gex_rank	-0.02859794707632137	-0.028597947076321364	0.02859794707632137	0.028597947076321364
H3K36me3_gene_skewness_rank	gex	-0.010927311341393785	0.1206419683824947	0.010927311341393785	0.1206419683824947
H3K36me3_gene_skewness_rank	gex_rank	0.12064196838249468	0.1206419683824947	0.12064196838249468	0.1206419683824947
H3K36me3_gene_autocorr_rank	gex	0.1282098002011751	0.4121265891584263	0.1282098002011751	0.4121265891584263
H3K36me3_gene_autocorr_rank	gex_rank	0.41212658915842626	0.4121265891584263	0.41212658915842626	0.4121265891584263
H3K36me3_tss_z_mean_rank	gex	-0.1028957790780465	-0.2746954314469104	0.1028957790780465	0.2746954314469104
H3K36me3_tss_z_mean_rank	gex_rank	-0.27469543144691044	-0.2746954314469104	0.27469543144691044	0.2746954314469104
H3K36me3_tss_z_std_rank	gex	-0.059822764059854504	-0.10649249427946457	0.059822764059854504	0.10649249427946457
H3K36me3_tss_z_std_rank	gex_rank	-0.10649249427946457	-0.10649249427946457	0.10649249427946457	0.10649249427946457
H3K36me3_tss_z_min_rank	gex	-0.06502493191190381	-0.18530320695509478	0.06502493191190381	0.18530320695509478
H3K36me3_tss_z_min_rank	gex_rank	-0.18530320695509456	-0.18530320695509478	0.18530320695509456	0.18530320695509478
H3K36me3_tss_z_max_rank	gex	-0.06762022441463111	-0.12911983025167528	0.06762022441463111	0.12911983025167528
H3K36me3_tss_z_max_rank	gex_rank	-0.12911983025167523	-0.12911983025167528	0.12911983025167523	0.12911983025167528
H3K36me3_tss_gradient_mean_rank	gex	-0.053258856681191756	-0.07963377592692567	0.053258856681191756	0.07963377592692567
H3K36me3_tss_gradient_mean_rank	gex_rank	-0.07963377592692567	-0.07963377592692567	0.07963377592692567	0.07963377592692567
H3K36me3_tss_slope_rank	gex	0.004658495291447841	0.011856568995801176	0.004658495291447841	0.011856568995801176
H3K36me3_tss_slope_rank	gex_rank	0.011856568995801182	0.011856568995801176	0.011856568995801182	0.011856568995801176
H3K36me3_tss_kurtosis_rank	gex	0.00040169014878421315	0.027178810068628437	0.00040169014878421315	0.027178810068628437
H3K36me3_tss_kurtosis_rank	gex_rank	0.02717881006862844	0.027178810068628437	0.02717881006862844	0.027178810068628437
H3K36me3_tss_skewness_rank	gex	0.004247289638706553	0.05702964693025284	0.004247289638706553	0.05702964693025284
H3K36me3_tss_skewness_rank	gex_rank	0.057029646930252836	0.05702964693025284	0.057029646930252836	0.05702964693025284
H3K36me3_tss_entropy_rank	gex	-0.05114869767862767	-0.17214177435719902	0.05114869767862767	0.17214177435719902
H3K36me3_tss_entropy_rank	gex_rank	-0.17214177435719907	-0.17214177435719902	0.17214177435719907	0.17214177435719902
H3K36me3_tss_autocorr_rank	gex	0.018942239255327856	0.04231526104863808	0.018942239255327856	0.04231526104863808
H3K36me3_tss_autocorr_rank	gex_rank	0.042315261048638086	0.04231526104863808	0.042315261048638086	0.04231526104863808
H3K4me1_gene_z_mean_rank	gex	0.10712694235691865	0.3454827631038629	0.10712694235691865	0.3454827631038629
H3K4me1_gene_z_mean_rank	gex_rank	0.34548276310386283	0.3454827631038629	0.34548276310386283	0.3454827631038629
H3K4me1_gene_z_std_rank	gex	0.08410489517690181	0.31995416994741693	0.08410489517690181	0.31995416994741693
H3K4me1_gene_z_std_rank	gex_rank	0.31995416994741693	0.31995416994741693	0.31995416994741693	0.31995416994741693
H3K4me1_gene_z_min_rank	gex	0.01289060622493878	-0.06108498686222682	0.01289060622493878	0.06108498686222682
H3K4me1_gene_z_min_rank	gex_rank	-0.061084986862226805	-0.06108498686222682	0.061084986862226805	0.06108498686222682
H3K4me1_gene_z_max_rank	gex	0.04426653874973906	0.25097613719223527	0.04426653874973906	0.25097613719223527
H3K4me1_gene_z_max_rank	gex_rank	0.2509761371922353	0.25097613719223527	0.2509761371922353	0.25097613719223527
H3K4me1_gene_slope_rank	gex	-0.013513985089580223	-0.01913519548579549	0.013513985089580223	0.01913519548579549
H3K4me1_gene_slope_rank	gex_rank	-0.01913519548579549	-0.01913519548579549	0.01913519548579549	0.01913519548579549
H3K4me1_gene_kurtosis_rank	gex	-0.06991093745709367	-0.057960046459150316	0.06991093745709367	0.057960046459150316
H3K4me1_gene_kurtosis_rank	gex_rank	-0.0579600464591503	-0.057960046459150316	0.0579600464591503	0.057960046459150316
H3K4me1_gene_skewness_rank	gex	-0.053776583357730584	0.012171440797561495	0.053776583357730584	0.012171440797561495
H3K4me1_gene_skewness_rank	gex_rank	0.012171440797561505	0.012171440797561495	0.012171440797561505	0.012171440797561495
H3K4me1_gene_autocorr_rank	gex	0.02282329368397257	0.19664603987554663	0.02282329368397257	0.19664603987554663
H3K4me1_gene_autocorr_rank	gex_rank	0.1966460398755466	0.19664603987554663	0.1966460398755466	0.19664603987554663
H3K4me1_tss_z_mean_rank	gex	0.07459257747037441	0.3416311040246488	0.07459257747037441	0.3416311040246488
H3K4me1_tss_z_mean_rank	gex_rank	0.34163110402464875	0.3416311040246488	0.34163110402464875	0.3416311040246488
H3K4me1_tss_z_std_rank	gex	0.0987087737909744	0.4321522862449058	0.0987087737909744	0.4321522862449058
H3K4me1_tss_z_std_rank	gex_rank	0.4321522862449058	0.4321522862449058	0.4321522862449058	0.4321522862449058
H3K4me1_tss_z_min_rank	gex	-0.06003713082696167	-0.12289445158684918	0.06003713082696167	0.12289445158684918
H3K4me1_tss_z_min_rank	gex_rank	-0.12289445158684915	-0.12289445158684918	0.12289445158684915	0.12289445158684918
H3K4me1_tss_slope_rank	gex	-0.009826791073437998	-0.014088006842008132	0.009826791073437998	0.014088006842008132
H3K4me1_tss_slope_rank	gex_rank	-0.014088006842008123	-0.014088006842008132	0.014088006842008123	0.014088006842008132
H3K4me1_tss_kurtosis_rank	gex	-0.017822307334388842	-0.08180835115140839	0.017822307334388842	0.08180835115140839
H3K4me1_tss_kurtosis_rank	gex_rank	-0.08180835115140839	-0.08180835115140839	0.08180835115140839	0.08180835115140839
H3K4me1_tss_skewness_rank	gex	0.035911009747590455	0.14115056160688502	0.035911009747590455	0.14115056160688502
H3K4me1_tss_skewness_rank	gex_rank	0.141150561606885	0.14115056160688502	0.141150561606885	0.14115056160688502
H3K4me1_tss_entropy_rank	gex	-0.12282417676052834	-0.4687043784800162	0.12282417676052834	0.4687043784800162
H3K4me1_tss_entropy_rank	gex_rank	-0.46870437848001606	-0.4687043784800162	0.46870437848001606	0.4687043784800162
H3K4me1_tss_autocorr_rank	gex	0.05108635384382471	0.217199959705342	0.05108635384382471	0.217199959705342
H3K4me1_tss_autocorr_rank	gex_rank	0.217199959705342	0.217199959705342	0.217199959705342	0.217199959705342
H3K9me3_gene_z_mean_rank	gex	-0.017718532028705814	-0.005274729740095709	0.017718532028705814	0.005274729740095709
H3K9me3_gene_z_mean_rank	gex_rank	-0.005274729740095709	-0.005274729740095709	0.005274729740095709	0.005274729740095709
H3K9me3_gene_z_std_rank	gex	-0.05032606232552639	-0.15882271811781212	0.05032606232552639	0.15882271811781212
H3K9me3_gene_z_std_rank	gex_rank	-0.15882271811781215	-0.15882271811781212	0.15882271811781215	0.15882271811781212
H3K9me3_gene_z_min_rank	gex	-0.0013378462934394725	0.11343330587636317	0.0013378462934394725	0.11343330587636317
H3K9me3_gene_z_min_rank	gex_rank	0.11343330587636313	0.11343330587636317	0.11343330587636313	0.11343330587636317
H3K9me3_gene_z_max_rank	gex	-0.01080842631871189	-0.11847960683420138	0.01080842631871189	0.11847960683420138
H3K9me3_gene_z_max_rank	gex_rank	-0.11847960683420139	-0.11847960683420138	0.11847960683420139	0.11847960683420138
H3K9me3_gene_gradient_mean_rank	gex	-0.07297737613365907	-0.19349073127617009	0.07297737613365907	0.19349073127617009
H3K9me3_gene_gradient_mean_rank	gex_rank	-0.19349073127617009	-0.19349073127617009	0.19349073127617009	0.19349073127617009
H3K9me3_gene_slope_rank	gex	0.0007977542210232559	-0.004535422048105427	0.0007977542210232559	0.004535422048105427
H3K9me3_gene_slope_rank	gex_rank	-0.004535422048105425	-0.004535422048105427	0.004535422048105425	0.004535422048105427
H3K9me3_gene_kurtosis_rank	gex	0.02549184418296935	-0.0442989544031724	0.02549184418296935	0.0442989544031724
H3K9me3_gene_kurtosis_rank	gex_rank	-0.044298954403172414	-0.0442989544031724	0.044298954403172414	0.0442989544031724
H3K9me3_gene_skewness_rank	gex	0.008757650577706607	-0.08451114829019814	0.008757650577706607	0.08451114829019814
H3K9me3_gene_skewness_rank	gex_rank	-0.08451114829019814	-0.08451114829019814	0.08451114829019814	0.08451114829019814
H3K9me3_gene_autocorr_rank	gex	0.01605196776145601	-0.08440323527405683	0.01605196776145601	0.08440323527405683
H3K9me3_gene_autocorr_rank	gex_rank	-0.08440323527405685	-0.08440323527405683	0.08440323527405685	0.08440323527405683
H3K9me3_tss_z_mean_rank	gex	0.030748426493597637	0.06065605543169108	0.030748426493597637	0.06065605543169108
H3K9me3_tss_z_mean_rank	gex_rank	0.060656055431691086	0.06065605543169108	0.060656055431691086	0.06065605543169108
H3K9me3_tss_z_std_rank	gex	-0.03042336205795996	-0.1564465698598191	0.03042336205795996	0.1564465698598191
H3K9me3_tss_z_std_rank	gex_rank	-0.15644656985981908	-0.1564465698598191	0.15644656985981908	0.1564465698598191
H3K9me3_tss_z_min_rank	gex	0.07248769141503826	0.23220767684963106	0.07248769141503826	0.23220767684963106
H3K9me3_tss_z_min_rank	gex_rank	0.232207676849631	0.23220767684963106	0.232207676849631	0.23220767684963106
H3K9me3_tss_z_max_rank	gex	-0.020674297466625236	-0.105434384279196	0.020674297466625236	0.105434384279196
H3K9me3_tss_z_max_rank	gex_rank	-0.105434384279196	-0.105434384279196	0.105434384279196	0.105434384279196
H3K9me3_tss_gradient_mean_rank	gex	-0.05898329868878811	-0.23754134156360693	0.05898329868878811	0.23754134156360693
H3K9me3_tss_gradient_mean_rank	gex_rank	-0.23754134156360687	-0.23754134156360693	0.23754134156360687	0.23754134156360693
H3K9me3_tss_slope_rank	gex	-0.0018531800981628126	0.011156848466759538	0.0018531800981628126	0.011156848466759538
H3K9me3_tss_slope_rank	gex_rank	0.011156848466759538	0.011156848466759538	0.011156848466759538	0.011156848466759538
H3K9me3_tss_kurtosis_rank	gex	-0.0012005931819254615	0.008990173647954732	0.0012005931819254615	0.008990173647954732
H3K9me3_tss_kurtosis_rank	gex_rank	0.008990173647954718	0.008990173647954732	0.008990173647954718	0.008990173647954732
H3K9me3_tss_skewness_rank	gex	-0.019966137163122982	-0.06589059381757888	0.019966137163122982	0.06589059381757888
H3K9me3_tss_skewness_rank	gex_rank	-0.06589059381757888	-0.06589059381757888	0.06589059381757888	0.06589059381757888
H3K9me3_tss_entropy_rank	gex	0.0805627498065917	0.28865374348806755	0.0805627498065917	0.28865374348806755
H3K9me3_tss_entropy_rank	gex_rank	0.2886537434880675	0.28865374348806755	0.2886537434880675	0.28865374348806755
H3K9me3_tss_autocorr_rank	gex	0.009742054547025203	0.0007383090972416397	0.009742054547025203	0.0007383090972416397
H3K9me3_tss_autocorr_rank	gex_rank	0.0007383090972416322	0.0007383090972416397	0.0007383090972416322	0.0007383090972416397
tss_length_rank	gex	0.011769423572485768	0.039058987526551535	0.011769423572485768	0.039058987526551535
tss_length_rank	gex_rank	0.03905898752655155	0.039058987526551535	0.03905898752655155	0.039058987526551535
DNase_ratio_mean_rank	gex	0.12701274085738748	0.4886533589328957	0.12701274085738748	0.4886533589328957
DNase_ratio_mean_rank	gex_rank	0.4886533589328957	0.4886533589328957	0.4886533589328957	0.4886533589328957
DNase_ratio_std_rank	gex	0.1446371701672647	0.5909921993920205	0.1446371701672647	0.5909921993920205
DNase_ratio_std_rank	gex_rank	0.5909921993920205	0.5909921993920205	0.5909921993920205	0.5909921993920205
H3K27ac_ratio_mean_rank	gex	0.09713017053480157	0.2579693699631761	0.09713017053480157	0.2579693699631761
H3K27ac_ratio_mean_rank	gex_rank	0.2579693699631761	0.2579693699631761	0.2579693699631761	0.2579693699631761
H3K27ac_ratio_std_rank	gex	0.09587101403578106	0.3914587957167683	0.09587101403578106	0.3914587957167683
H3K27ac_ratio_std_rank	gex_rank	0.3914587957167682	0.3914587957167683	0.3914587957167682	0.3914587957167683
H3K4me3_ratio_mean_rank	gex	0.0754499682598081	0.3896466923284145	0.0754499682598081	0.3896466923284145
H3K4me3_ratio_mean_rank	gex_rank	0.3896466923284143	0.3896466923284145	0.3896466923284143	0.3896466923284145
H3K4me3_ratio_std_rank	gex	0.07418667843562672	0.4291497570300259	0.07418667843562672	0.4291497570300259
H3K4me3_ratio_std_rank	gex_rank	0.42914975703002584	0.4291497570300259	0.42914975703002584	0.4291497570300259
H3K36me3_ratio_mean_rank	gex	-0.11323392801058563	-0.350888059522928	0.11323392801058563	0.350888059522928
H3K36me3_ratio_mean_rank	gex_rank	-0.3508880595229279	-0.350888059522928	0.3508880595229279	0.350888059522928
H3K36me3_ratio_std_rank	gex	-0.16390354967425294	-0.49500050321863176	0.16390354967425294	0.49500050321863176
H3K36me3_ratio_std_rank	gex_rank	-0.49500050321863176	-0.49500050321863176	0.49500050321863176	0.49500050321863176
H3K9me3_ratio_mean_rank	gex	0.012446370966664178	0.034174565144436786	0.012446370966664178	0.034174565144436786
H3K9me3_ratio_mean_rank	gex_rank	0.03417456514443678	0.034174565144436786	0.03417456514443678	0.034174565144436786
H3K9me3_ratio_std_rank	gex	-0.0020628550646146	-0.03734440738294329	0.0020628550646146	0.03734440738294329
H3K9me3_ratio_std_rank	gex_rank	-0.037344407382943284	-0.03734440738294329	0.037344407382943284	0.03734440738294329
H3K27me3_ratio_mean_rank	gex	-0.016597136233830634	-0.06440134486241256	0.016597136233830634	0.06440134486241256
H3K27me3_ratio_mean_rank	gex_rank	-0.06440134486241256	-0.06440134486241256	0.06440134486241256	0.06440134486241256
H3K27me3_ratio_std_rank	gex	0.06632857474910857	0.17221964994254932	0.06632857474910857	0.17221964994254932
H3K27me3_ratio_std_rank	gex_rank	0.17221964994254926	0.17221964994254932	0.17221964994254926	0.17221964994254932
balance_H3K27_rank	gex	0.17664851301846443	0.6234075806225968	0.17664851301846443	0.6234075806225968
balance_H3K27_rank	gex_rank	0.6234075806225966	0.6234075806225968	0.6234075806225966	0.6234075806225968
balance_H3K4_rank	gex	0.14895568871105277	0.5923388443632426	0.14895568871105277	0.5923388443632426
balance_H3K4_rank	gex_rank	0.5923388443632426	0.5923388443632426	0.5923388443632426	0.5923388443632426
promoter_variability_rank	gex	0.1716221911613615	0.6108830161030057	0.1716221911613615	0.6108830161030057
promoter_variability_rank	gex_rank	0.6108830161030055	0.6108830161030057	0.6108830161030055	0.6108830161030057
promoter_entropy_rank	gex	0.024134553828870323	0.06305537057689514	0.024134553828870323	0.06305537057689514
promoter_entropy_rank	gex_rank	0.06305537057689516	0.06305537057689514	0.06305537057689516	0.06305537057689514
openness_index_rank	gex	0.1821254936170465	0.6888217587959918	0.1821254936170465	0.6888217587959918
openness_index_rank	gex_rank	0.6888217587959915	0.6888217587959918	0.6888217587959915	0.6888217587959918
repression_index_rank	gex	0.09670410478663656	0.32462844424957543	0.09670410478663656	0.32462844424957543
repression_index_rank	gex_rank	0.3246284442495754	0.32462844424957543	0.3246284442495754	0.32462844424957543
DNase_H3K27ac_interaction_rank	gex	0.1767731030718922	0.5488731656223835	0.1767731030718922	0.5488731656223835
DNase_H3K27ac_interaction_rank	gex_rank	0.5488731656223833	0.5488731656223835	0.5488731656223833	0.5488731656223835
DNase_H3K4me3_interaction_rank	gex	0.1776016426516119	0.6407064171990761	0.1776016426516119	0.6407064171990761
DNase_H3K4me3_interaction_rank	gex_rank	0.640706417199076	0.6407064171990761	0.640706417199076	0.6407064171990761
DNase_H3K27me3_interaction_rank	gex	0.18135868028738988	0.5866604784563556	0.18135868028738988	0.5866604784563556
DNase_H3K27me3_interaction_rank	gex_rank	0.5866604784563556	0.5866604784563556	0.5866604784563556	0.5866604784563556
DNase_H3K36me3_interaction_rank	gex	-0.16970289203709654	-0.5508599002267849	0.16970289203709654	0.5508599002267849
DNase_H3K36me3_interaction_rank	gex_rank	-0.5508599002267849	-0.5508599002267849	0.5508599002267849	0.5508599002267849
DNase_H3K4me1_interaction_rank	gex	0.08169089021197537	0.30724926199582303	0.08169089021197537	0.30724926199582303
DNase_H3K4me1_interaction_rank	gex_rank	0.307249261995823	0.30724926199582303	0.307249261995823	0.30724926199582303
DNase_H3K9me3_interaction_rank	gex	0.08020043121839276	0.23390713246523318	0.08020043121839276	0.23390713246523318
DNase_H3K9me3_interaction_rank	gex_rank	0.23390713246523318	0.23390713246523318	0.23390713246523318	0.23390713246523318
H3K27ac_H3K4me3_interaction_rank	gex	0.16361139383803253	0.5384809034562397	0.16361139383803253	0.5384809034562397
H3K27ac_H3K4me3_interaction_rank	gex_rank	0.5384809034562397	0.5384809034562397	0.5384809034562397	0.5384809034562397
H3K27ac_H3K27me3_interaction_rank	gex	0.15256183370390564	0.4529928283580407	0.15256183370390564	0.4529928283580407
H3K27ac_H3K27me3_interaction_rank	gex_rank	0.45299282835804056	0.4529928283580407	0.45299282835804056	0.4529928283580407
H3K27ac_H3K36me3_interaction_rank	gex	-0.15223209207890595	-0.48785274794011224	0.15223209207890595	0.48785274794011224
H3K27ac_H3K36me3_interaction_rank	gex_rank	-0.4878527479401122	-0.48785274794011224	0.4878527479401122	0.48785274794011224
H3K27ac_H3K4me1_interaction_rank	gex	0.0747418966970772	0.21885811149338685	0.0747418966970772	0.21885811149338685
H3K27ac_H3K4me1_interaction_rank	gex_rank	0.21885811149338688	0.21885811149338685	0.21885811149338688	0.21885811149338685
H3K27ac_H3K9me3_interaction_rank	gex	0.07810115163749157	0.2146613197037956	0.07810115163749157	0.2146613197037956
H3K27ac_H3K9me3_interaction_rank	gex_rank	0.2146613197037956	0.2146613197037956	0.2146613197037956	0.2146613197037956
H3K4me3_H3K27me3_interaction_rank	gex	0.15115790600239606	0.5141218456007953	0.15115790600239606	0.5141218456007953
H3K4me3_H3K27me3_interaction_rank	gex_rank	0.5141218456007952	0.5141218456007953	0.5141218456007952	0.5141218456007953
H3K4me3_H3K36me3_interaction_rank	gex	-0.14150071873305237	-0.5211335527081188	0.14150071873305237	0.5211335527081188
H3K4me3_H3K36me3_interaction_rank	gex_rank	-0.5211335527081188	-0.5211335527081188	0.5211335527081188	0.5211335527081188
H3K4me3_H3K4me1_interaction_rank	gex	0.06530584215858433	0.27487441490501185	0.06530584215858433	0.27487441490501185
H3K4me3_H3K4me1_interaction_rank	gex_rank	0.27487441490501174	0.27487441490501185	0.27487441490501174	0.27487441490501185
H3K4me3_H3K9me3_interaction_rank	gex	0.07320480274693068	0.21724328792567923	0.07320480274693068	0.21724328792567923
H3K4me3_H3K9me3_interaction_rank	gex_rank	0.2172432879256792	0.21724328792567923	0.2172432879256792	0.21724328792567923
H3K27me3_H3K36me3_interaction_rank	gex	-0.12826498043655687	-0.38645633212249225	0.12826498043655687	0.38645633212249225
H3K27me3_H3K36me3_interaction_rank	gex_rank	-0.3864563321224923	-0.38645633212249225	0.3864563321224923	0.38645633212249225
H3K27me3_H3K4me1_interaction_rank	gex	0.05946107117053047	0.18039447023915223	0.05946107117053047	0.18039447023915223
H3K27me3_H3K4me1_interaction_rank	gex_rank	0.1803944702391522	0.18039447023915223	0.1803944702391522	0.18039447023915223
H3K27me3_H3K9me3_interaction_rank	gex	-0.04760486106277634	-0.1361491026999167	0.04760486106277634	0.1361491026999167
H3K27me3_H3K9me3_interaction_rank	gex_rank	-0.1361491026999167	-0.1361491026999167	0.1361491026999167	0.1361491026999167
H3K36me3_H3K4me1_interaction_rank	gex	-0.06331059550897902	-0.24614812544664866	0.06331059550897902	0.24614812544664866
H3K36me3_H3K4me1_interaction_rank	gex_rank	-0.24614812544664866	-0.24614812544664866	0.24614812544664866	0.24614812544664866
H3K36me3_H3K9me3_interaction_rank	gex	-0.05376398713123947	-0.10894659588961504	0.05376398713123947	0.10894659588961504
H3K36me3_H3K9me3_interaction_rank	gex_rank	-0.10894659588961503	-0.10894659588961504	0.10894659588961503	0.10894659588961504
H3K4me1_H3K9me3_interaction_rank	gex	0.023625099173673156	0.07603969966662752	0.023625099173673156	0.07603969966662752
H3K4me1_H3K9me3_interaction_rank	gex_rank	0.0760396996666275	0.07603969966662752	0.0760396996666275	0.07603969966662752
DNase_promoter_body_delta_rank	gex	0.17647743638672106	0.6438549126377137	0.17647743638672106	0.6438549126377137
DNase_promoter_body_delta_rank	gex_rank	0.6438549126377136	0.6438549126377137	0.6438549126377136	0.6438549126377137
H3K27ac_axis_sum_rank	gex	0.1812164087745401	0.6440781235232234	0.1812164087745401	0.6440781235232234
H3K27ac_axis_sum_rank	gex_rank	0.6440781235232231	0.6440781235232234	0.6440781235232231	0.6440781235232234
H3K27ac_promoter_body_delta_rank	gex	0.12565773410128842	0.45120108985592206	0.12565773410128842	0.45120108985592206
H3K27ac_promoter_body_delta_rank	gex_rank	0.45120108985592206	0.45120108985592206	0.45120108985592206	0.45120108985592206
H3K4me3_axis_sum_rank	gex	0.17138537974560333	0.660318425204013	0.17138537974560333	0.660318425204013
H3K4me3_axis_sum_rank	gex_rank	0.660318425204013	0.660318425204013	0.660318425204013	0.660318425204013
H3K4me3_promoter_body_delta_rank	gex	0.07270891005440305	0.4546408014912567	0.07270891005440305	0.4546408014912567
H3K4me3_promoter_body_delta_rank	gex_rank	0.45464080149125663	0.4546408014912567	0.45464080149125663	0.4546408014912567
H3K27me3_axis_sum_rank	gex	0.1371054381020121	0.5042371695988471	0.1371054381020121	0.5042371695988471
H3K27me3_axis_sum_rank	gex_rank	0.5042371695988469	0.5042371695988471	0.5042371695988469	0.5042371695988471
H3K27me3_promoter_body_delta_rank	gex	0.03670991980961711	0.11717304655333706	0.03670991980961711	0.11717304655333706
H3K27me3_promoter_body_delta_rank	gex_rank	0.11717304655333707	0.11717304655333706	0.11717304655333707	0.11717304655333706
H3K36me3_axis_sum_rank	gex	0.10637935398978501	0.318224806342707	0.10637935398978501	0.318224806342707
H3K36me3_axis_sum_rank	gex_rank	0.318224806342707	0.318224806342707	0.318224806342707	0.318224806342707
H3K36me3_promoter_body_delta_rank	gex	-0.17689451464763167	-0.5546385468163534	0.17689451464763167	0.5546385468163534
H3K36me3_promoter_body_delta_rank	gex_rank	-0.5546385468163532	-0.5546385468163534	0.5546385468163532	0.5546385468163534
H3K4me1_axis_sum_rank	gex	0.10262424197716168	0.4044622778484081	0.10262424197716168	0.4044622778484081
H3K4me1_axis_sum_rank	gex_rank	0.40446227784840816	0.4044622778484081	0.40446227784840816	0.4044622778484081
H3K4me1_promoter_body_delta_rank	gex	7.07838107940127e-05	0.12055747637887325	7.07838107940127e-05	0.12055747637887325
H3K4me1_promoter_body_delta_rank	gex_rank	0.12055747637887321	0.12055747637887325	0.12055747637887321	0.12055747637887325
H3K9me3_axis_sum_rank	gex	0.010324929776238594	0.01930341939535048	0.010324929776238594	0.01930341939535048
H3K9me3_axis_sum_rank	gex_rank	0.019303419395350487	0.01930341939535048	0.019303419395350487	0.01930341939535048
H3K9me3_promoter_body_delta_rank	gex	0.03677113613620681	0.08014586610237881	0.03677113613620681	0.08014586610237881
H3K9me3_promoter_body_delta_rank	gex_rank	0.08014586610237881	0.08014586610237881	0.08014586610237881	0.08014586610237881
