gene_name	mean_bn_prob	gex_predicted
CAPN9	0.05308821607623534	0.32523831491104177
ILF2	0.4445796587564197	0.451817136245396
ST6GALNAC5	0.35575648495578693	0.45892121590161306
MROH7-TTC4	0.0815075045683296	0.3266260126171587
AGO4	0.3350891407504133	0.4177527186316405
AKR1A1	0.8993052309760479	0.7630123291053954
LRRC8B	0.9408871806037196	0.8006912526134187
EFNA3	0.6684091411735682	0.5906160304137859
GSTM3	0.31463991882673686	0.43607254551129515
CRYBG2	0.19587926660166463	0.3865010116654012
CCDC24	0.17796989647192873	0.365365443836007
ARHGEF2	0.5681931033347574	0.5392305202425179
SYNC	0.9112772231231073	0.7220450393832961
ABCA4	0.05077294162220021	0.30398626200776047
LYST	0.8724147484787907	0.7288895718894007
XCL2	0.025779486375457957	0.30739613232765056
RBM15	0.9564897751651161	0.8079482668541131
JAK1	0.14802723902242887	0.3342765399275446
SMAP2	0.042903013832617916	0.2933649885248978
PTPN7	0.31294094299230313	0.4373147572463963
IQGAP3	0.9285372364485986	0.7714260043165541
IFI16	0.8396176809463518	0.700385062055698
PIGV	0.8913511655172892	0.7439602105863791
IRF6	0.8317267281428611	0.7352910495639655
TMEM53	0.9535669334429715	0.794571652548232
C1QTNF12	0.25039067378191937	0.39313542301999327
CLCNKA	0.09478616513136884	0.3454089997965568
SESN2	0.9562221722009658	0.8285298458294706
HPCA	0.18426397368233738	0.371521787184954
PRAMEF13	0.028044535697343363	0.31019846762274517
IPP	0.9599288239713781	0.8085098525840004
SELE	0.04634672624090114	0.3159947337425758
SETDB1	0.8636676463812079	0.6969496591778855
TNFRSF9	0.16915090026052929	0.35905045903566307
PRRC2C	0.35171692271377614	0.4210728558968809
TAL1	0.6428600831307605	0.5967969120936023
PPM1J	0.5670551411407023	0.5455993522203519
ATP1A2	0.029218432348368174	0.29589501178171196
CDC20	0.9196809478035267	0.7215153940879264
MARK1	0.7153833623242475	0.5949738178350468
RNF19B	0.7763558022029903	0.6046712217232618
CPTP	0.9550976819423364	0.7632709340363116
ADORA1	0.15288521523428672	0.3855048186704276
PMF1-BGLAP	0.9688709322298908	0.871061403107304
DNAH14	0.6191882634521269	0.5715892503565638
UBE2U	0.04561329121868985	0.3098759773522077
CEP104	0.9532979410072213	0.8050625919273564
DARS2	0.25593073329660093	0.3906752328766614
RNF207	0.5871327173789094	0.5265398721080317
BMP8B	0.4383564420437558	0.44344459658249025
VTCN1	0.030318215359458816	0.2982008558943598
GABPB2	0.61309855079934	0.6204194549065565
NOS1AP	0.4769693968624208	0.5432468987239916
EPHA10	0.0920650373093237	0.32852504581666303
SRGAP2	0.10911022467422657	0.35540645343549376
SZT2	0.9273054625773188	0.7304538140410601
NR5A2	0.045451563500338237	0.30355465532515646
PMVK	0.9188491657007286	0.8170455937418216
LHX8	0.052204134933497015	0.3055209651076032
LCE3C	0.027048113007102727	0.3025776349145574
OR10R2	0.03374831598419194	0.3029194616041451
RNF115	0.18456047809664441	0.36485801598376255
LURAP1	0.8489642684221183	0.6924059000707327
NENF	0.8672817113572167	0.7070122132335097
TMEM52	0.7181588392505547	0.6048355883128474
SRP9	0.9509455221562648	0.843734144244735
MIIP	0.28205759094888183	0.4053681417107774
P3R3URF	0.020358883230713578	0.2911503726858489
WASF2	0.9661983010647052	0.8563572965854889
SMCP	0.11219519537122438	0.39135537516832414
GNB1	0.9088742454645788	0.717514974234881
ARID1A	0.4328950646704328	0.4728334599441655
RIMKLA	0.4774369633425377	0.4714440624258668
NHLH2	0.029725435131675977	0.30002205973778595
ST7L	0.7306105636085078	0.6895106051788065
CYP2J2	0.4414631902270604	0.4921114019340857
PRRX1	0.07274678816741735	0.3165489610918425
ZNF436	0.9474221940213423	0.8153558431594935
C1orf56	0.8965655313878906	0.7375274834259165
DDI2	0.9643662971193651	0.8254410638007217
MTOR	0.19188891256345975	0.3680252597864482
PRAMEF5	0.040789439022063965	0.31331171719502715
TNNI3K	0.04639986028046128	0.31978817783462943
NMNAT2	0.09173272480916754	0.34053763311714913
YTHDF2	0.967877232748292	0.8670052104646857
SFT2D2	0.9264279904519768	0.802420632506202
FAM71A	0.022377269754959163	0.2966909672843571
FAAP20	0.8655965632529528	0.6843287859201252
SLC30A7	0.9282905351604295	0.8161295790648402
TLCD4-RWDD3	0.29348056416662915	0.40551843884669386
RFX5	0.8160194668631059	0.6820490499148478
C1orf122	0.6178897232093907	0.5794079335717139
CDA	0.22662930698519496	0.39499122939703035
RPTN	0.018980769465755706	0.29676264465022895
FAM229A	0.31880860181099807	0.43753543061182787
CD55	0.32415541187812075	0.4165707609627389
MCOLN2	0.33968226306313215	0.44838262475375174
RASAL2	0.13073228923076152	0.34899188726486385
MEX3A	0.8578079903409813	0.6844939010092818
TGFBR3	0.8384872524793279	0.6249305861574719
PDIK1L	0.9624637189775789	0.8283723026459204
STUM	0.058799974488347694	0.32703801900529894
NDUFS5	0.9432663039345667	0.8594877201455594
CHTOP	0.9455243991939687	0.7973078334795839
ALG14	0.27091663547300027	0.41719347748490004
CD34	0.09182916110395736	0.32683693427305505
PTGFR	0.21279421105221652	0.4029812891780163
KCNA10	0.04167885427225155	0.30103355746418936
FCMR	0.06264337527628938	0.3287970865044329
LYPLAL1	0.9503542707835041	0.8459548230851228
RABGGTB	0.9510333080249725	0.8238678154654246
NFIA	0.603276907634234	0.5385932397421376
ADSS2	0.895245320709375	0.7189776027618946
PPIAL4E	0.025638101444443402	0.3064013579626886
FMO3	0.0533993988322729	0.3039339628058422
NECTIN4	0.05744898957518935	0.3356861202482916
SMPDL3B	0.1889674948784126	0.37367290266450015
ITGA10	0.5682700502247017	0.5462193969430688
H3-4	0.019481940776883217	0.2950858041081156
AGT	0.0726575670072658	0.33230869171361194
H3C14	0.021793345994101182	0.30074189866952605
RBM34	0.9594352255161203	0.8351054752312211
TTLL10	0.11419872373138633	0.3529496490495222
SPRR2G	0.019438557144325967	0.2904382330883631
FOXD2	0.04690846850548266	0.303889184569636
EXOSC10	0.3659722140632398	0.4337618894330764
TAGLN2	0.7963230138992714	0.6921275496604028
IGSF9	0.25075242626564886	0.36991490193819687
CCDC163	0.5092553402428478	0.5366535492680858
ZC3H11A	0.7428411370709769	0.6225020779060293
USH2A	0.06070637190913863	0.32396095908360173
F3	0.9177598951309585	0.7208443219743966
ZNF670-ZNF695	0.9732516740289148	0.863648801097295
S100A16	0.5687726374976294	0.5282096471536871
SPATA45	0.05158902697063272	0.3146877514466544
FCER1G	0.1505497636012026	0.3695940710755361
HEYL	0.29599073272581516	0.4068437264578656
RBBP5	0.8658919410022753	0.7744907664820204
JMJD4	0.3246527340337487	0.4081280600218376
MLLT11	0.49168970702414583	0.5096691720793515
FAM110D	0.6050990021251883	0.553361254772137
MMP23B	0.03557400846354659	0.2992445349223643
TMEM51	0.9278735998095581	0.7743087284712615
SLC26A9	0.05010104801577221	0.30964507703070154
VAV3	0.03841556283060475	0.3023192243676861
NTPCR	0.22459925302440154	0.38882361489784173
STIL	0.3401940636730041	0.4116592934778816
ZNF593OS	0.12872624554824844	0.33464334689151115
ARF1	0.9657402134594262	0.8652188995771661
PCSK9	0.03960783305517138	0.3044431959510181
TRAPPC3	0.9685800991601273	0.872246321762931
GLUL	0.9405528359431846	0.7911159493155554
CD5L	0.03230533438622493	0.29468364045601414
DISP3	0.7539978900649954	0.6159787941165533
SLC30A2	0.05489561013389225	0.32497766591968297
LYSMD1	0.9525425118192724	0.7926780117495266
MPZ	0.07665469296037265	0.31508173068901674
OR6Y1	0.025092564965311932	0.29838620170909685
PEX19	0.38467734285826694	0.4426235194211924
OR2M3	0.0337404038509148	0.3037783883194874
KIAA2013	0.898771469896281	0.7118166622677832
DNAJC16	0.9692959150660468	0.8433319647728619
HDAC1	0.2787340471743769	0.40871603497954534
KCNT2	0.09725857785580173	0.34243314081382203
SH2D2A	0.4273385228472068	0.4916316144545213
IL22RA1	0.04474486228555471	0.3049456941804558
CSMD2	0.36082601669755837	0.4511096343536704
NR1I3	0.04198860486270026	0.31105685856397336
LCE2C	0.023972152153072863	0.29833858257312135
TDRKH	0.10591175657223503	0.31749568622439583
PLOD1	0.21296306933206316	0.3714660604843321
SLC41A1	0.9485458142652019	0.7972195459066476
C8A	0.037414872260105744	0.30009156335937504
RXRG	0.07699500389036135	0.3440705138794515
RGL1	0.8878045138041012	0.7392608323761791
PRKCZ	0.042293722393010706	0.2983821612166944
ZBTB18	0.7296913058161062	0.5861836353766622
RHD	0.0640948193535757	0.3154590705854045
SEMA6C	0.34819959385720467	0.423976899805681
RHOU	0.24057927137469942	0.4036627604945601
FOXD3	0.07711872024056898	0.32464821209004396
ZNF648	0.029985962052559094	0.31097338421116283
MORN1	0.8355705310062772	0.6615447300410375
GOLPH3L	0.8665925049775891	0.7375076613912029
TMEM35B	0.8389051955196789	0.7079426635413618
PRKACB	0.30003546539816306	0.4007878816306435
OXCT2	0.04219790259339464	0.30331601981358947
PARP1	0.9583370257574676	0.8052785494881223
S100A5	0.03449331176308538	0.29281068305510904
THRAP3	0.9685363400630481	0.8763040622840178
UHMK1	0.9076811217853017	0.7816195398029971
NECAP2	0.9553131209331043	0.8050541020120984
NBPF3	0.0418999379088145	0.3020320244730604
H3C13	0.3338454687648747	0.4587506110400139
LYPD8	0.04002546539228375	0.3132641450882475
C1orf35	0.7958020976595415	0.6283542767700864
HMGN2	0.9347434202940461	0.8098010230684694
CDC42	0.9597653830235277	0.8308096921462033
RPA2	0.9102387362359462	0.7273709107096281
ZMYM4	0.8177303744999975	0.6368802790595229
RAVER2	0.8539742048507099	0.632893243336745
CTRC	0.0330407946039439	0.3115855225730061
RIIAD1	0.2009819823786033	0.3812015744748554
PLA2G5	0.032304800451583245	0.30480960737952484
NOTCH2NLA	0.03709746576586168	0.3071017216286573
PRDX6	0.9586682316484358	0.8496259928791449
IBA57	0.11240643584723325	0.33566840791856584
G0S2	0.12835230195330447	0.3426463080886527
TAS1R2	0.034293864750171654	0.3103211388818366
FAM76A	0.9750206933042627	0.8779119876987449
PATJ	0.7517288789882259	0.6444971023764791
SRGAP2C	0.0369725793423258	0.30759173250847577
FMO2	0.028594654766313093	0.3082747587106597
ZNF670	0.9398775245809997	0.7467148023794571
MAN1C1	0.19571002940458454	0.3850545122564411
OSCP1	0.9336484842157524	0.7417368269811431
SPATA46	0.10182441383418984	0.3872740490370989
ATP1A4	0.02687329940354677	0.2916959675362299
LPGAT1	0.11425744518091717	0.342782258889557
C1orf162	0.22753702254786473	0.38101920389354277
HSD3B2	0.026728357861084767	0.29971779122147696
OR2L3	0.035320488179620885	0.29629932273276566
B4GALT2	0.9399382156259479	0.7707748084110368
PGBD2	0.951140199896644	0.8035868846043994
ORC1	0.956891836076189	0.8129886041396106
GPR61	0.05650567250770091	0.2986962049683326
XPR1	0.12391941095163383	0.34838859128996824
PRAMEF25	0.031276517244557524	0.3124871879617157
LACTBL1	0.033667170737132414	0.29463447470191795
PAQR6	0.08983727646573943	0.3396454559123788
S100A10	0.866292607403623	0.756610441319196
OLFML2B	0.0648044732587444	0.3264351237507513
KIFAP3	0.8431276871844409	0.7041540593868382
TOE1	0.9331697243748499	0.813157232866533
ZFP69B	0.9656778908244135	0.8280119374335031
TAFA3	0.046036422190309643	0.30580737924992896
UCK2	0.20714562096841357	0.3761881652476977
BOLA1	0.7702816017548718	0.620439000737306
KCTD3	0.3155273757097306	0.4159741824574218
ACAP3	0.22579009398030686	0.392045819902525
MT1HL1	0.021821980564617156	0.2936830639220162
RPL22	0.3002171845728097	0.407522240943863
ACTN2	0.5927005099891252	0.5298033907168151
CLSTN1	0.9560960303091621	0.7887674503132502
FAM43B	0.1665894135255492	0.3718424421508422
COX20	0.9374521981590092	0.8175969357927848
PLA2G4A	0.5028929069520289	0.5052356536011166
NOL9	0.2807941224654256	0.3924183726840872
ESRRG	0.060216741957741175	0.3189180979424356
BROX	0.910636421915557	0.7860228290742061
COPA	0.9219587493692694	0.8071825201699364
PYGO2	0.9314407619604013	0.8202162317035631
PRR9	0.020942905802095707	0.2938465690097526
UQCRHL	0.024938886799845874	0.29511390083668043
HMGB4	0.021140641153078326	0.2932111578482091
RHBDL2	0.03977711815594651	0.30291473624039106
FH	0.9581967522362285	0.8302209137342093
CCDC17	0.09946028150740037	0.3322281176785128
MTF1	0.23325417662223688	0.38917808490836936
SELL	0.28508672578095073	0.4351919392752896
HPDL	0.8077146067379564	0.6571017608310198
GNG5	0.9409659789046271	0.7854147347623055
GADD45A	0.9264961910452622	0.7639069533179184
PPIH	0.31584707283996966	0.42870321376549014
TMEM88B	0.12448487981449832	0.3649071879198286
CTPS1	0.3773804931557703	0.45474938805058507
EPS15	0.3207625450466592	0.41349932635272235
KPRP	0.021901848848882726	0.2997313452425426
LEFTY2	0.19529435414535282	0.3710380156290472
TCHHL1	0.03212904071032187	0.29788602259488245
GJB5	0.020035973468455273	0.2965286622807544
FMO1	0.0337574935231267	0.29501626654455987
DNAJC11	0.9681500533720803	0.8585139018619428
STX12	0.9732318529193449	0.8969241902745269
WDR26	0.6969736654921306	0.5757017828894861
YARS1	0.915859438430298	0.7028393182066239
OR13G1	0.038817512936272724	0.2990071245179652
GPA33	0.03499081652893071	0.3032638365710676
TAF1A	0.6893537256144767	0.583628506921909
ERMAP	0.9633078102169276	0.8376778777165192
SLAMF8	0.04487073521867341	0.3177470639240781
LRRC52	0.02422539376885396	0.2933695693127669
IGSF21	0.0743588525323673	0.3513236422402616
PPOX	0.22257767197467201	0.36825397743648347
RORC	0.03374538453606398	0.29558634674366335
AMY2B	0.04236427459587145	0.307193207650697
CA6	0.06948546398218008	0.3219630592037768
LCE3D	0.030947393804654864	0.31597378692703726
SHISA4	0.8644871594113939	0.6720785244067876
ZBTB40	0.9587368623140131	0.8259184472323772
TXLNA	0.964223767084647	0.8383395028690496
LCE1E	0.028069122660285613	0.29831823966963417
RSRP1	0.344989354676147	0.4090996494356215
H2AC20	0.498744440136658	0.4872561049774068
PDZK1IP1	0.04578459479889291	0.3067963857887864
NBPF26	0.028746079116638887	0.3093897905985898
B4GALT3	0.945438379793166	0.8083338795702837
SLC25A44	0.27771129333816574	0.3896757379409293
CASQ1	0.04136072324858712	0.30602765316579095
TMEM81	0.02399153111778925	0.29437710340855233
KCNA3	0.10617992870795057	0.33756664402299547
HSPB11	0.9117339347407966	0.7559142511032114
KHDRBS1	0.6630803493507758	0.5759007183157535
USP33	0.37084237658598	0.4306582844850156
NAV1	0.29800315828900253	0.4124772209570273
CD1C	0.03418781700371017	0.3042801169719479
SPTA1	0.04719361344243624	0.32219539920892054
DCLRE1B	0.7985752952791262	0.621624766491562
NASP	0.9046014153781166	0.7615803733207172
MSH4	0.1695203590789523	0.37589916955290775
OPN3	0.9611224118226529	0.7959014461138649
DCAF8	0.9564799690185231	0.8253580481747924
MRPL24	0.9492739303905873	0.784291645909435
TEX46	0.10716767596418626	0.32677187111826866
IFNLR1	0.2086157831373216	0.3744152916250454
MTF2	0.950582448683839	0.8163253565810268
PLD5	0.0720035708483304	0.3359936286494091
PTPN22	0.07746708156080413	0.3309401987887063
SNX7	0.958288347771534	0.7996751407671704
SDE2	0.9668484026539422	0.8885133068278056
CDCA8	0.9661152851876812	0.8174146943730737
SLAMF7	0.029594360088461846	0.29381821624366455
KRTCAP2	0.9668876253240244	0.8805589845617993
SPOCD1	0.8517057263755531	0.6715107555735946
GREM2	0.24278669044517753	0.39153137768558066
FNDC10	0.12212158337658849	0.3658633611327402
LRRC40	0.9594065018277873	0.8248116308619644
LMX1A	0.22865768454668686	0.418004409583808
MAD2L2	0.27995014037634924	0.4032389216904505
H3C15	0.021853339716627666	0.3010217174090279
GUK1	0.9656997811764017	0.8646722028843873
ELAVL4	0.03674891435955084	0.3032563743515482
AHCYL1	0.29548632982448503	0.4067052491172634
OR6K3	0.031274010233852866	0.29690618656900214
SGIP1	0.7200743842078	0.6431234791745313
ZBTB41	0.4096793170424627	0.4480747834876798
KDM1A	0.29830586375516804	0.4004315270266205
RAB13	0.9490593842109544	0.7892055624461617
HIPK1	0.5872048936410329	0.549670235622994
MUTYH	0.6535249127733366	0.5960562068716106
SYPL2	0.029222271466587645	0.29582063039495354
FUCA1	0.4902881764542461	0.49549684475125444
KCNJ10	0.056290647245338894	0.3205363542992777
ARHGEF16	0.5168256626372146	0.5310887769923972
HECTD3	0.29388421890581345	0.41134765563106546
ATAD3C	0.045949519167066966	0.30036005921759534
GPR89B	0.5876541445694914	0.5492438943366892
TRIM11	0.9763269299768789	0.8816665030052792
CNIH3	0.38115594049355556	0.49032119976798566
AHDC1	0.9159911248603937	0.7372020601285201
FMN2	0.05326404666697344	0.32181633697919565
TM2D1	0.9319705818700886	0.8161890054089552
SLC35A3	0.8504907568192922	0.6960679533582981
GATAD2B	0.8727377645197382	0.6998949234871186
CYP4A22	0.027913666688619224	0.29492942689947454
NTNG1	0.11349268286514275	0.3574352602145203
KIF21B	0.10055415101861831	0.3447611931469552
RGS21	0.05792759139167051	0.31718902098612195
WDR47	0.3250528128148806	0.39896606726689254
SH3BP5L	0.6190750780486379	0.5489009547335206
TSPAN2	0.2896448360498981	0.4082836752870058
BTBD19	0.9446911027580518	0.8253446411374074
RNF220	0.06997614228604265	0.3084017010262689
STRIP1	0.90113631664687	0.7894195055364596
DUSP10	0.8714013923455974	0.6973815104498515
VANGL1	0.5170357061757768	0.4838079187420901
C1orf94	0.18053460679114075	0.40656004437922055
KIF17	0.3562267799533713	0.4741706584837786
SRGAP2B	0.2392177238321472	0.4416921293028444
DNAI3	0.1905517056934062	0.37249064804417065
CACHD1	0.5880574538864854	0.5761958827103966
TPM3	0.9289055410281399	0.7981196900444409
PKP1	0.030190179033025392	0.2991386343372883
PRDM2	0.8743190111323452	0.6646254339929965
BNIPL	0.06544933868617948	0.30686211413850717
VSIG8	0.09819989627404156	0.3301406758871431
DDAH1	0.28817919867965064	0.3982800222307515
CHD5	0.17901586344495476	0.3911917383421145
H3-3A	0.9606085587947453	0.8282669439939861
S100A7	0.02272649028218428	0.2974641699902503
PRAMEF14	0.029280367651512512	0.3048562864361003
GLRX2	0.9628285946691774	0.8386626298766642
DYNLT4	0.20417467701009234	0.3874217296673398
DDX59	0.2961024268730699	0.41205706937884895
PIP5K1A	0.9612166734354455	0.8414242351327745
NCDN	0.49945561998975213	0.4935513517860632
ATG4C	0.22207439837102272	0.37573805834937846
RSPO1	0.1206668183106129	0.3499769283386025
PSMA5	0.6671025800102969	0.5995364787884208
EXO5	0.9020981024490817	0.7567806367244885
TRAF3IP3	0.036950889449908195	0.29770856771564874
RPL11	0.9588545382166919	0.8456646008565165
ANKRD65	0.09868821138669641	0.35525868375784225
PLA2G2F	0.03880307686756982	0.31040374734311266
BSDC1	0.939725844362586	0.8256092995621942
PTGER3	0.25579234035714343	0.3910251562405654
GPR157	0.08149818960630191	0.32813485753274
PPIAL4A	0.02546737414538662	0.30544698972837053
SNIP1	0.952997025050423	0.8259522878589332
NBPF6	0.03423826723289695	0.3052826662846747
RC3H1	0.2888356729637275	0.396755577593234
PPT1	0.9192540240982291	0.7862116280160039
CREG1	0.7347647200151154	0.5618833185069787
KIAA0040	0.9321952357373717	0.8281872664977805
TAF5L	0.9140011618527414	0.7428581564440357
DMAP1	0.30452289231965385	0.3951740722176452
SLC25A24	0.9496507313719565	0.8138861536404947
RCC2	0.3806486212655179	0.4384934967652575
BTF3L4	0.9293263351987078	0.7817094609687348
FAM72A	0.04527610507948544	0.31849568314073806
AKT3	0.6602876799583572	0.5511948683533707
SPEN	0.9608560665755705	0.852119084625756
PEX11B	0.30355419395057276	0.39044190494307124
PIGK	0.8723670889047893	0.7651023158681722
PPFIA4	0.05009724278627209	0.3161162838925815
STXBP3	0.295266428825219	0.41662910612376675
LEFTY1	0.4044871705002122	0.47117768257191256
GBP4	0.05249980494208385	0.31235448786506187
FCRLB	0.19586326965153752	0.3932968414383486
COL24A1	0.2944757107477076	0.4273149559185134
OMA1	0.055774206813595795	0.3111653563072509
GSTM2	0.5802141662471806	0.520655886932589
TOR1AIP2	0.9334947962876757	0.817071860626873
GSTM4	0.11247369941459522	0.3486404824840774
CCDC30	0.3325930007938291	0.44562132056319126
ZBTB8B	0.3891812398493649	0.436370014307354
GPBP1L1	0.9361890639820614	0.7675680780272393
PITHD1	0.3159211309887259	0.40747130882415333
PDC	0.052705690557211984	0.30405057743921565
ISG20L2	0.779056830374621	0.6387968067768439
CYP4X1	0.23449910380825942	0.3836033492218697
WDR64	0.03202403244377349	0.2986195020097366
EDARADD	0.3333924472916121	0.43391914864717274
LRRC41	0.9498684440373033	0.8167603976776716
DNASE2B	0.04217705637321502	0.2958157804490255
CNIH4	0.9397799568092763	0.7508507466581708
MRPS14	0.9147654203462161	0.7816820290000172
CTH	0.31622324234313826	0.44635253156992943
OR2W3	0.017550766531141467	0.28823523542510604
MAB21L3	0.02192728522060332	0.29243446596576955
PGLYRP4	0.030678460757807266	0.29642338184110095
IGFN1	0.03181234751833259	0.2995161329989138
FGR	0.05387574389581357	0.3006048411684065
NEK7	0.9477648984527476	0.8212189502032868
WNT4	0.05655347884866435	0.3135321359860999
MIB2	0.12070198855323266	0.3483941284139479
PRAMEF27	0.029029133472351747	0.304673927713145
THBS3	0.37978735058493396	0.4587592932765551
IVNS1ABP	0.4195035565719441	0.44408334700954494
TENT5B	0.591359849923474	0.5428068761661525
H2AW	0.5978869893404292	0.554750912694771
SOAT1	0.3170054793407781	0.4035468587890025
MTX1	0.951924676359185	0.8385851012707506
POU2F1	0.9730599873591531	0.882954620239123
AGL	0.20970915607632484	0.36371924903496244
OR2M5	0.022620421100765398	0.298432975892032
CAPN8	0.055500458994384064	0.32262461703557305
FAM72B	0.0670738701430496	0.3318675462737976
NBPF12	0.04240524520825832	0.3130141560950768
CRTC2	0.27032189216588837	0.3909741133178136
GOLT1A	0.056448950159081586	0.3191904350625601
MIGA1	0.7747940786080465	0.6570288377764956
NUAK2	0.9253199993512666	0.7550186842747839
UBL4B	0.021118027820193605	0.2994225663427241
CSF3R	0.028893707363092904	0.29467802291770034
PLXNA2	0.28092091700036836	0.41393767435645124
NUDT17	0.7606754833858448	0.6257303932582783
OR10Z1	0.03124066583513701	0.30005339321921937
MYBPH	0.03843842592779314	0.30646140093990787
ZDHHC18	0.19848817496310764	0.36641244299899184
DCST1	0.05960326772429551	0.30727835997821923
NPHP4	0.95897817791411	0.8297181674296193
SYF2	0.8453938268821263	0.7224949874356759
KIF2C	0.4875006200707901	0.4670345484287309
NPL	0.03409700723413341	0.29423072696343533
SERINC2	0.05642230149526824	0.3038663479212367
MR1	0.47151094479045386	0.49856992893293023
MFSD14A	0.22454576682035354	0.3858972128441221
DHDDS	0.9580931972944198	0.8182989756647839
LCK	0.06135048980144512	0.3069329078481277
SH3GLB1	0.8301719578127349	0.6964587468714247
FAF1	0.9669794469481687	0.8350861557995521
AMPD1	0.02823710996650844	0.293528726082238
UBE2J2	0.9712379378637637	0.8484427067454838
FPGT	0.9641069667719513	0.8291704469370967
SLC30A10	0.30194725549198587	0.44740541620149166
SLC6A9	0.3583575756022045	0.4348676382202178
LAMB3	0.6233175347772478	0.5874609848783167
DISC1	0.8932353450162707	0.7079672560166129
FMO5	0.4358085365091801	0.4940628708333499
ARHGEF10L	0.10816005931129002	0.35993972240568084
RALGPS2	0.7695835252604627	0.6628038463465765
FNDC7	0.04233994275045897	0.30701035028518836
TMEM69	0.8099969838016812	0.6836109788716713
DYRK3	0.40817200775974305	0.46648645510837483
UBXN11	0.9166001940486682	0.7379594097249197
CATSPER4	0.3624747566688603	0.4549380002840587
CHIA	0.023222143522145147	0.29303242712708555
CLCC1	0.959817413545298	0.8376152639049496
CAMSAP2	0.7866061956055473	0.6110601438165999
S100A13	0.42547983771758524	0.4861759022346912
TRIM58	0.30510305314584574	0.4374784501690736
ADAMTSL4	0.626492913930115	0.5381818278958672
PRKAB2	0.9751462857626582	0.8834916222322645
TSTD1	0.2812574689795697	0.4007490741641717
LAMTOR2	0.9169687441466162	0.7221099113416782
OR14L1P	0.023371305340360995	0.2977280024988738
ZCCHC17	0.952958854770546	0.8024199984205315
SMYD2	0.08974473403379968	0.3390477883265603
CD1B	0.03166003155194635	0.29844359598449216
S100A11	0.2742811443539851	0.4324322971695815
RAD54L	0.9201214936189444	0.7430356249393903
CR1	0.2619282366967418	0.4001045645625815
ZNF496	0.27055892933150777	0.3844119672083411
HORMAD1	0.0486979357017646	0.30041005139046295
OR2G2	0.020659315932866868	0.2959399617257706
IL10	0.032725054306995204	0.2956888511262064
KCNK2	0.2686998601281316	0.42368229206748476
LIN9	0.6922849570191782	0.5298646372744911
ZNF326	0.9693829048354227	0.8770034160688702
CDCP2	0.0523263278930803	0.3225927872689714
GSTM1	0.03388400897031342	0.3031154549797357
NFYC	0.9459353013587898	0.7899331076234232
ST3GAL3	0.9595588249027349	0.8253819320350916
SCMH1	0.1653832447193626	0.34910916796787717
PHF13	0.9322341917511817	0.7346102774534952
ZNF593	0.8679555943686607	0.706620281472666
OR4F5	0.026810049495633464	0.30521374333229523
NEGR1	0.1185701166218714	0.34715287056392513
GPR89A	0.04585415620122517	0.3280683717581982
SRM	0.9039828358540438	0.7145768654372578
EIF2D	0.9733357824366451	0.8893820072347024
RRP15	0.7730536434914613	0.6541175218238356
ARL8A	0.3127733330402568	0.39707715615134276
MAST2	0.10303880062092893	0.3302866136600627
BATF3	0.1000156461706357	0.33603001212344696
NEXN	0.508822448121025	0.4988816830242128
NDUFS2	0.27822341426480746	0.41482362403745326
TXNDC12	0.8774115242179656	0.7296097297634268
REG4	0.03140855889701872	0.30816321006947484
KLF18	0.029261748280864818	0.3002635303094062
SYDE2	0.9424287342397614	0.7980452336373249
GPN2	0.26328583982450826	0.37986315072916327
CRCT1	0.03445922393747714	0.2973509051846293
MROH7	0.03102729041486932	0.30646703376387807
CAP1	0.3795790967754776	0.49052938672351987
CENPF	0.9284791276252309	0.8045511879950838
SCP2	0.896394600579906	0.7183519728608874
SNRPE	0.9002234543232864	0.7941462504901899
SLC45A3	0.1702727270094535	0.36910792378215534
TAF13	0.9636539584216198	0.825257655705612
ECM1	0.7751400798173649	0.6066975590510356
IPO13	0.3201994834255646	0.4091883651581017
BCAR3	0.6743420958675967	0.6439406061321348
MARCKSL1	0.657551685301018	0.5596143551583633
DEGS1	0.24726716705026575	0.3918563260419277
SYT11	0.9332092110611608	0.7805369242274289
FABP3	0.3129617781380838	0.4221455565194415
GPATCH2	0.8316738605834825	0.752387963456408
KYAT3	0.9708088241862454	0.8687372751174642
PROX1	0.37986896893740013	0.4318636870222702
SEC16B	0.1813486105404111	0.3646567354029991
MTFR1L	0.9442112613468158	0.8021345615470621
TMEM59	0.9533915606611745	0.8173716171344335
SPRR2B	0.02231207898548952	0.29254348477827224
PROK1	0.025526564694857187	0.2980495969337139
CLCA1	0.02747805253896351	0.28924119194233244
GJB4	0.028710040075085857	0.30726465496599115
GIPC2	0.8268398830333997	0.7028470812695969
BCAN	0.12090678908033989	0.3550419499380095
AKR7A3	0.28690570298731266	0.4350877168720852
FCGR1A	0.02968088414908752	0.305132942690136
MCL1	0.8898519342993778	0.6912368150470469
CSF1	0.6946334267330878	0.5376245629385589
PMF1	0.967000272699499	0.8587661458034167
FAM131C	0.6201294441326929	0.5426020919537473
C1orf112	0.10581553925867054	0.3479942598372478
TMEM63A	0.8932301967785108	0.7078239737526386
NIBAN1	0.08419570391722267	0.3349000968661496
RGS7	0.8812077109786688	0.7241082796034151
RAB42	0.31349200682091755	0.45101646219040525
AK5	0.4005562652231999	0.4809028674549922
IL12RB2	0.3222705510392179	0.4458088893148355
MECR	0.19494041095004805	0.37536142403037626
CEP350	0.40491529314533475	0.462130430724291
F5	0.18281852538461235	0.3890852753400964
DCDC2B	0.09078620920985873	0.33518034776638617
AGO3	0.29797257995155463	0.4134405748568589
ERRFI1	0.9598516733585973	0.8170458861764622
ATF3	0.04239511156610107	0.29751636615213506
GBP5	0.04474499484917892	0.31453918293796307
CYB561D1	0.9144211485100872	0.6992867225066257
AGRN	0.9168277222194816	0.7700331826114348
CCDC181	0.2938223152090533	0.41905449907370645
CCDC185	0.06072496706223118	0.31818960807918806
RAB25	0.07846486924575184	0.3233533695922012
MTHFR	0.9537103392820787	0.8286342042352581
FLAD1	0.9367488353976879	0.7694738650821141
LCE3A	0.03174459411777434	0.3164254970498813
GJC2	0.4328222501916959	0.4943550984413886
ZBED6	0.40049275018618646	0.4541506340026233
SPRR1B	0.03694990368422017	0.30245329442194524
ILDR2	0.22600828150347255	0.3959117397221601
C4BPA	0.026902691612302815	0.29400011699216727
P3H1	0.3171989675369617	0.41566564223239766
POMGNT1	0.9284105568434464	0.7457931752756379
HEATR1	0.9190458741856885	0.7961344244501574
ESPN	0.2103909516415355	0.3848644265753278
DOCK7	0.9300907100845156	0.7487551376218151
PLEKHM2	0.9604174288766681	0.7939217908746384
PUM1	0.24008445270945197	0.37106896837012593
CDKN2C	0.5147839662593967	0.5076586416317118
SNX27	0.8603790627505413	0.6368672904656751
MYBPHL	0.03138983307245222	0.29362581443373453
TSACC	0.15959650699489922	0.3506946831186199
ACOT7	0.9245487996267305	0.7340817519866645
SPAG17	0.0683996556675705	0.32532746913261895
MFSD2A	0.21845096949950835	0.3732573692975859
FLG2	0.03913463682068839	0.3043370067221743
ACKR1	0.03359657463978438	0.29653233270748885
MTMR11	0.2815303448241494	0.4034520997359955
NCMAP	0.03193949558017934	0.2970017293626198
CD58	0.9432369470061952	0.7746529629864201
DBT	0.9467771725950526	0.825371184292374
CRP	0.032887643514719414	0.2938996581000167
TFB2M	0.9646966121581086	0.8529763623184753
CLIC4	0.9651780563483134	0.8408810391705112
MOB3C	0.8381724062379634	0.6782428808909489
OPRD1	0.3398028078280707	0.44382587306444243
ADAM30	0.13522526728007817	0.3526484271870741
SSU72	0.9152863111970555	0.7527342407339236
SHCBP1L	0.27220305518185534	0.4093517612929354
DHCR24	0.9673550099553814	0.8260074337199341
USP1	0.9208943981374279	0.7956088491733139
HYI	0.3076832617233284	0.4169988457885423
CLSPN	0.47037716571505694	0.47248879670619237
SHISAL2A	0.2857089782515515	0.4359833589500678
ZZZ3	0.35262261510003945	0.4146067437924654
TSPAN1	0.07412212563733651	0.3204649852312962
DIRAS3	0.35776916773433615	0.4425627821868017
LEPROT	0.9395947181504477	0.772357710371915
CALML6	0.030454132841798893	0.3202463129545567
LRRC42	0.93264054922852	0.7343115693597033
VWA1	0.45692702020504566	0.4949842424506817
SPATA17	0.536331067585221	0.548224308459143
PRKAA2	0.781898088955902	0.6400529644348029
EIF4G3	0.1835592205818067	0.35095046038799743
PADI2	0.034209802909864875	0.29242224956997137
ZNF672	0.956870400564217	0.7852217800762744
SORT1	0.06080002999589753	0.3194639776192996
PRAMEF12	0.028037213964361513	0.3150177440076901
BMP8A	0.5146197134777672	0.48081173577404457
PBX1	0.20803492559251585	0.3856117010505957
OR6F1	0.06899760403233982	0.3192750129578943
AADACL4	0.03863405552531658	0.299112151519381
WDR3	0.9301757664437516	0.7935990728559004
LCE4A	0.03497608365669641	0.30449473741103655
CLK2	0.23368802662674598	0.3820802238015729
COG2	0.2420590109997636	0.365964865164194
MRTO4	0.9043905218180289	0.7520192748396747
VASH2	0.3766831139696599	0.444853899402518
WARS2	0.08198512491695673	0.32250010001051904
NUF2	0.9459433251361951	0.8151213879323375
TRIM46	0.7376881177835761	0.6016383873568795
WLS	0.9263409938999148	0.7917408376719987
CD244	0.03731311654951054	0.30877393877919584
ANP32E	0.8969477186053209	0.7177710331789028
COA6	0.8802579719144096	0.7349403506087446
MPZL1	0.9675085324256367	0.8233004419899391
VWA5B1	0.038691629905805394	0.30052539939415285
HCRTR1	0.7264496859864591	0.5792489232536399
KLHDC8A	0.03293409883392308	0.30355169975856144
TNFRSF18	0.07608422856290285	0.32226996837636324
CD247	0.0366779754831742	0.294158730987691
DFFA	0.9622171559564698	0.8287313733237611
OVGP1	0.02738122922401266	0.2945811225247077
YIPF1	0.9510510065512018	0.7862866108558838
TOR1AIP1	0.9497045557268843	0.8223456792274365
S100A6	0.8079550198151353	0.6995194647998043
SLFNL1	0.3857555496067847	0.47763771081398687
DDX20	0.5019140321153076	0.5647736303639123
GRIK3	0.03444602403333683	0.31058633423779647
PRAMEF7	0.03377858859359284	0.30577729205525095
DSTYK	0.21887581198490463	0.3652818390119008
CENPL	0.518766975597435	0.5048805113009193
ADGRB2	0.3149125854524509	0.4346240662010673
RGS18	0.0592216075247724	0.33204988406772806
ELF3	0.06705515198308157	0.3438188131059245
AK2	0.9539814491683642	0.7954107356686956
EBNA1BP2	0.23863280427064448	0.39026236018133953
LAMC1	0.34293264364411735	0.4183168511865628
SAMD13	0.3934267855210832	0.4932330080755267
PIK3CD	0.24540315968399243	0.3821211190633302
SMG5	0.33070648270838143	0.41870612930940015
RD3	0.03489784970084364	0.2930067798367918
CFAP45	0.7727769461644707	0.6041785102557052
PKLR	0.25977863363127474	0.3971996664829738
ZNF697	0.7892008683371605	0.6748022841528145
DPM3	0.42037578611042936	0.4768944110061557
PPP1R12B	0.08420843213874007	0.3304831602818644
RGS1	0.03205708171582462	0.2977201442969346
PTGS2	0.5010740183259047	0.4754934515805427
CD160	0.08277473285375343	0.3296423906632245
TAS1R1	0.0592947006138253	0.3131748248433964
CACNA1S	0.058120455044820704	0.32885994245530864
POLR3GL	0.8831699475607058	0.7288683500841029
MAP3K6	0.6921941063999171	0.576362939793085
GLIS1	0.20674268842376273	0.38791236358882
CKS1B	0.41383884327334125	0.4892252641113797
CASZ1	0.10263717978833801	0.34129416206123603
TESK2	0.06173222803198428	0.31457553786284065
ETV3L	0.04578290010757396	0.296260238513869
TDRD5	0.24711047648344567	0.40634967177193076
KLHL20	0.8846612312361254	0.7522387429948237
ANKRD45	0.5300124384078493	0.5133677996538418
CEP85	0.25618104304622125	0.3931771128788568
TARDBP	0.9329074275940921	0.8308004649173323
CFH	0.45198412837285273	0.49011596330294604
TNFRSF25	0.3240774677037406	0.43708107016693065
TARBP1	0.12132241693766306	0.340407288778035
PGD	0.3492075924464619	0.4304948898226237
CZIB	0.25051438777728674	0.3728638825264334
EFCAB14	0.8963447322355346	0.7521008014466305
TMEM9	0.35071671961766143	0.4505022853620112
EPHA2	0.9640631059454448	0.8519066181989352
TEKT2	0.090149135553964	0.33067380478263064
ZNF644	0.8912108653984648	0.7243005935079212
CEP170	0.34178105427141087	0.41531936668023933
VPS13D	0.9575245455277487	0.7871931014206025
GJA9	0.03846440109316798	0.29637955416939527
CHD1L	0.9715784642828443	0.8331847090503359
AGO1	0.9444179169310128	0.7862592900872029
TCEANC2	0.9634817503061778	0.8506839596377325
ERICH3	0.030785170500875862	0.2972281336995176
PRAMEF2	0.023262286557885686	0.30274917848110655
H4C15	0.025908127565572894	0.30606496861273996
NME7	0.7189866463731474	0.6758222958877089
PCNX2	0.15396746455991697	0.36730164310848146
TNFRSF1B	0.9482668632981579	0.8084601993142757
OR10X1	0.039568457670078175	0.31316498944494464
FPGT-TNNI3K	0.9395034387915819	0.8179445383647698
KCNJ9	0.1114792373212596	0.35079212710241525
EXO1	0.9311807305744656	0.7860399304642923
PRDM16	0.3503705414296142	0.4434121138710318
C1orf146	0.02042348156094494	0.28907370386271675
TFAP2E	0.23777281985248375	0.3620842950031644
ADCY10	0.040917411508310686	0.29726573688354785
RXFP4	0.23252557616546332	0.38193993970934853
ITLN2	0.032771007166457325	0.3058433386261961
CHI3L2	0.07680709077138156	0.33817567785785374
KCNAB2	0.853368918218477	0.6991263531176279
TOMM40L	0.9282401771657767	0.8015900982405169
CR2	0.1304471359514399	0.35963526660608364
ACTRT2	0.05876973094334962	0.35987977306500485
GNPAT	0.2852029181684297	0.40300591200846275
CD1D	0.03300741564584743	0.2962567344326744
ADIPOR1	0.9524474459502359	0.7952935145690622
LBR	0.9626837401431761	0.8368075856092765
ATP1B1	0.9606656696240851	0.8087671327756466
LAD1	0.03169517773785204	0.3007155717757088
TRMT1L	0.2111881561721297	0.3646628165415866
FCN3	0.041345616861922146	0.30443531286024667
FASLG	0.028686932659242218	0.2891767878806879
XCL1	0.02658736229658009	0.294202747551344
DPH2	0.9525362259054084	0.7827287960822262
OR14K1	0.022412876560201567	0.28497648841219336
OR2L2	0.0406779069088865	0.3064180939184738
ATP5PB	0.8899049520649605	0.7235520754109457
C1orf198	0.3141887376037372	0.41696494685688973
TRNAU1AP	0.308434649276427	0.4059797057271971
APCS	0.01952548305661162	0.29634543498068616
NBPF20	0.0339288383788574	0.3065083354564409
COP1	0.7680690719982805	0.675637438838604
MYOG	0.07424935898264158	0.34846380172409097
KLHDC7A	0.07084617611021968	0.34005479961847723
S100A14	0.021909619242904133	0.2925852872615641
ANKRD34A	0.25080510751132623	0.41364837047728775
PLPPR5	0.20357241813273103	0.38180711500579506
ARID4B	0.9667905301798133	0.8233581381287729
PLA2G2A	0.034873728619420986	0.3017122895793064
CLCA2	0.04614654212033439	0.3051042501562657
DCAF6	0.9484960609643848	0.8128112603981335
HSD17B7	0.05220151954679542	0.30947105049953033
LEMD1	0.1495170746696764	0.3772371565207572
COL9A2	0.05640491108606796	0.3123633868205034
OR2AJ1	0.14460074367944467	0.38061616865730874
CD164L2	0.1016844480129814	0.35896547980934385
JUN	0.954648480620502	0.7968069601434077
NEK2	0.8991901354967369	0.7596245192113903
LDLRAP1	0.1629606405964109	0.36312238022452986
ATP6V1G3	0.03261706090987432	0.3042608561769559
TNN	0.17309724690832393	0.38812186047846337
ZSWIM5	0.7971755736429686	0.6271036239360067
DNM3	0.1598536435765326	0.363957992502128
EMC1	0.832129417862984	0.6714558191852127
EXTL2	0.87542904931735	0.7425491793069595
ZNF692	0.23368312388788848	0.3783255930618941
AIM2	0.033419505338771395	0.30096173368901774
PRPF38B	0.24458555076632185	0.38372690425282513
SYT2	0.07773659170925344	0.3327753903569607
HES4	0.5707609649244967	0.4973303328564803
SH2D5	0.2452738508741826	0.38584628129377085
CTSS	0.3035123752904116	0.41968730640248597
ODF2L	0.8882711165467247	0.7214476730810544
PDPN	0.05793372818698602	0.3132372478019868
C1orf174	0.9601155571451753	0.8384784797620375
CACNA1E	0.25878590110713373	0.43667591114075643
PAX7	0.05405895902247446	0.3302373454787058
HAPLN2	0.058106942170411985	0.3164254057710356
F11R	0.9375310688932513	0.8212653867410841
H2AC21	0.4806649341493908	0.547911849313715
CD1E	0.031829792529829835	0.3232605020451724
IVL	0.024415683725080448	0.2994272925055356
SIPA1L2	0.09648212140572741	0.33000600425761856
COA7	0.5918097132236531	0.5535336764981073
SCCPDH	0.5461156027842415	0.5331420497648448
FCGR2B	0.03134166708622725	0.30104409487996037
KLHL21	0.32696998438371383	0.42889550458271913
PTGFRN	0.061372490656568204	0.313091262011547
MACF1	0.2751717202662836	0.39142772934565284
TMEM79	0.9562615785494172	0.7971951059436806
CHIT1	0.038590589106914874	0.2982672432800075
MRPS15	0.931221287436369	0.7686333673580761
FLVCR1	0.26151778413472565	0.4081860779856226
PRAMEF6	0.025876096894803243	0.30567080742606345
PLEKHG5	0.9113498123888222	0.7926576697523952
AKIRIN1	0.5879624985519983	0.4951831957333148
WNT3A	0.15332257037978053	0.3610616264078108
INTS3	0.21752295081943154	0.3611629370332349
FCRL4	0.02579016393159641	0.3096681943714576
SSR2	0.4290564800370779	0.4800403254197407
NKAIN1	0.18855400751699197	0.34950921262460594
S100A3	0.4696970297206441	0.5280177750697478
UCHL5	0.9351651558408596	0.8024782541428046
URB2	0.9652878031967977	0.8150144433320328
PEF1	0.9588733944135528	0.8559546435124235
LRRC8D	0.9552027283654063	0.8201502465651116
ZBTB17	0.36714705540930814	0.41913446939916377
BRDT	0.039118894495206114	0.3064874791106903
IL20	0.03779394752538666	0.3040704950649169
UBE4B	0.23355861352925236	0.3781303427778952
BLACAT1	0.038128016022678686	0.30800515437361076
TCHH	0.05902030808662491	0.3287983773219328
SLC50A1	0.946490403756309	0.8160420789240452
LCE3E	0.026148719025604013	0.29325719229395364
MAP10	0.26876909099472496	0.39518195161665354
PUSL1	0.954113440134895	0.7899736668731983
WDR77	0.9445276076346228	0.7711981111780052
OPTC	0.08468240317663707	0.338865065965943
GPATCH4	0.8871924935044527	0.7902636068143291
RCAN3	0.3848250566803691	0.4511044876264267
UBIAD1	0.96500525445706	0.8278743715526233
DNTTIP2	0.375640478194578	0.4319682455701526
GPR88	0.1631464638344347	0.36121873400468185
LELP1	0.03386176084623715	0.3010596659277926
TPRG1L	0.9711101116273889	0.8137609969315752
LRIF1	0.2608357312761367	0.3990384992923855
TNFSF4	0.4364736900003217	0.48793709385533207
CASQ2	0.028119765518277124	0.30311645818145905
DPH5	0.8948986128522909	0.7631514942214169
SPRR2A	0.024976907458862403	0.299099490465197
PINK1	0.22421132597807839	0.37480756330571063
ZMPSTE24	0.9241680053501587	0.7701800263794164
OR2T33	0.0396327700892127	0.31114800082047556
CNTN2	0.2974450136453311	0.4160607933248775
FMO4	0.469299920827362	0.48424777150387466
ECHDC2	0.7607605856168796	0.6484896299290839
IPO9	0.24138022875407744	0.37382232514963265
VAMP3	0.27041610231337065	0.3943904357782152
RGS8	0.040411914071411266	0.31971212068708776
OR2T4	0.02837206812656936	0.30283336280203055
WDTC1	0.8577088021250739	0.673960560686733
IL24	0.020527105327772542	0.29313184098612316
OSBPL9	0.6728815966815176	0.5888581790351222
SMIM1	0.5408117463850557	0.5232679589769893
FCAMR	0.02086662232603887	0.29406285505475965
GBA	0.9586309846144141	0.8355069453175583
MYOM3	0.09552034056769426	0.348318272288171
ATP5IF1	0.9668933854849064	0.8169977772306257
PLEKHA6	0.3859007106509515	0.45826226545484755
HAX1	0.9073410105933296	0.7365946456854774
LDLRAD2	0.6023461196942906	0.5530805902370824
TMCO2	0.1854439108697747	0.4009144325992266
PPP1R15B	0.9261373543147801	0.7656997446699118
PSRC1	0.9180203605113832	0.7213077195015911
PRG4	0.05066951722667661	0.3172048816526012
TMEM200B	0.2097547747594431	0.380038067192332
SYT14	0.028829556408173557	0.293143775634401
HLX	0.3056895605414295	0.41223154481420865
EXTL1	0.11450643487612873	0.33760742587359155
RNF187	0.5391395747406625	0.48967762359506367
RBM8A	0.5960057334256059	0.5980297830119966
KHDC4	0.9629982380502798	0.8719939430658489
CDC14A	0.1801204544879087	0.3551848260252179
OR2L5	0.045755848747222765	0.31634346464801744
BGLAP	0.021708374658437977	0.298512227087195
CIART	0.24016271369400854	0.37845798807495423
MICOS10	0.927921999770359	0.8029003666848805
PRAMEF1	0.02352857222512216	0.30456934173323824
SYCP1	0.02778522942096347	0.30341369568024523
KIAA1522	0.67632737416692	0.5679418148595294
S100A9	0.11069433587800373	0.34461953873317636
METTL18	0.4739833457458009	0.5185645553770482
CHRM3	0.2365789937654615	0.4174512774818358
RHCE	0.05993477874343221	0.316501068736171
UQCRH	0.951536720500914	0.8350087661313733
METTL25B	0.8591256843241443	0.6784490170494138
ANGPTL7	0.09986698259989528	0.33531724615129027
CELA3A	0.03898465760286314	0.3004715010406065
DENND2C	0.039621798579243764	0.3002946611083633
TUFT1	0.8254102127320101	0.6401656417962835
EFNA1	0.9432974644252384	0.8686224087193863
CCDC18	0.8969145913099862	0.7164303127178124
ARHGAP30	0.056357010333641044	0.3242453447604439
ARPC5	0.9655897751522005	0.8448166745491777
HPCAL4	0.3052595222335932	0.3947026097601306
NGF	0.07121535554187741	0.34041680223377363
IFI44	0.8767684805746163	0.7011381023192381
OR2T29	0.027440958432583533	0.3043155745892718
CCNL2	0.3803816100771102	0.4185020185832967
EPHX4	0.14886704064896814	0.347215719185994
CYB5RL	0.9014564183319435	0.758209056740048
TIMM17A	0.9634164087890158	0.8380811633531041
SLAMF1	0.029009364338322925	0.30926791802641657
BSND	0.11169053611936978	0.3498147142674418
HMCN1	0.07780891738873658	0.3241461449113669
OR2G6	0.03448485594694012	0.2996161862901192
SPRR3	0.020732337086976187	0.29326900251091587
RWDD3	0.9598490681032016	0.806882876395931
UFC1	0.14855437511587105	0.3357477742440333
SLC9A1	0.12541336664442157	0.33837939998290273
SELP	0.29070473044740985	0.41022163054387456
TSNAX	0.9350495540867849	0.8065570916357571
HNRNPCL1	0.02436278406783396	0.29655772749537085
TMOD4	0.06718728245097119	0.31832219686830604
PIGC	0.5047448450691133	0.5289293415255555
CFHR2	0.03225117354713764	0.30126883469882787
POLR3C	0.37330159051274703	0.43219722597237864
TTF2	0.29168746780987936	0.3981759380073003
TNNI1	0.03814574322581609	0.30935300832006113
PRCC	0.4286166295846724	0.45248862577568805
LHX9	0.2572031757261261	0.40353585746260745
AKR7A2	0.9631972135615188	0.799417856713457
TIPRL	0.8134546718019183	0.6603772963148463
TNNT2	0.05585161490570104	0.3276273387010981
JTB	0.9474490935795433	0.8162394938798017
CGN	0.5911283952205414	0.5507021701426179
SIKE1	0.9570908556585093	0.8560214127474969
TMCO4	0.08244593828233142	0.31593028401605294
EPHA8	0.2064776535926654	0.37683557106542837
LRIG2	0.4671919472998485	0.46431727298231024
SLC16A4	0.3661286172379021	0.45463979310541935
NPPB	0.10442374694602095	0.3566497614318256
UTP11	0.5645711453701764	0.5328651051666791
DR1	0.5021922242407489	0.48494860135633383
NVL	0.2808799491067842	0.3983513357138369
SEMA4A	0.07392547612284887	0.32143904848942056
CA14	0.029953356461054587	0.2922848622057168
HDGF	0.6286414057831546	0.6053212395181612
RBBP4	0.960825762692456	0.8253139681359107
RAP1A	0.12263127346961562	0.3540242096188179
SMYD3	0.09779758703032745	0.33300574457919563
PHGDH	0.6212907751811616	0.5944649583572291
NBPF14	0.0429617399842433	0.3232638880648951
CFAP126	0.7926939326833269	0.6348633994169449
ZBTB37	0.9554783694260468	0.8445274499593917
RNPEP	0.2510537577498073	0.3614085912798687
OR2L13	0.03193866523099693	0.2963894568629552
DMRTA2	0.31862813182717525	0.4214048203343268
CYP4Z1	0.04375549451043627	0.30403993972419674
PRSS38	0.04290745042595866	0.30658706772906463
CMPK1	0.9524801454877534	0.8078163811223545
MSTO1	0.02541638120328787	0.3009776687667185
TTC34	0.2683582834426535	0.41827231777431334
PEX14	0.10159852380036087	0.3225532823488879
GJA8	0.031401471497512955	0.296995039149835
ZRANB2	0.7014939225495296	0.6598790601200692
NAXE	0.9375003701498534	0.7865555986115015
RCC1	0.9628810377529068	0.8348964597479555
HMGCS2	0.02616219750055722	0.29409940791410255
SASS6	0.9211475638442014	0.7747648863070224
UTS2	0.06195482234643897	0.326259091217627
SMIM12	0.8155192944877918	0.647107456554484
LEPR	0.18750706801825334	0.3648275874712258
PBXIP1	0.9470140845357219	0.8070546807929814
GPR161	0.6493357976597787	0.6008182104028932
RSC1A1	0.05773649874224594	0.3335890406115972
PRAMEF33	0.03086645339287392	0.3081310383142877
KLHL17	0.17489203382991972	0.3677856920008622
GORAB	0.9382805583256066	0.8261062324341195
DENND4B	0.3479500960400558	0.4172702241085062
DNAJC6	0.433097721229686	0.5037283729173024
WRAP73	0.8837960239051332	0.7327065809741355
DDR2	0.2713540683339652	0.4145845126509458
LCE2D	0.02446337748152628	0.2938780242280642
LYPLA2	0.8716490247696527	0.7077483658029582
KIAA1614	0.6629115907543656	0.57931383805525
TMEM167B	0.9256617453641531	0.7934905836945813
ADGRL4	0.9504753563929631	0.8416986658006523
KCNH1	0.5473644596506572	0.5224856398246625
NBPF15	0.4123526932457147	0.48893606694229935
INSL5	0.0235276868271899	0.29195736196410177
ACBD3	0.45833046894311674	0.44635936375640994
STX6	0.8160682296707911	0.6658826765620321
RCSD1	0.1378719747996223	0.36839616257913665
FCGR2A	0.07342666171752564	0.31948845348210836
MIER1	0.9653192718504136	0.8237476078798361
TARS2	0.2986390745945116	0.3910401799080937
HMGCL	0.13487707628753434	0.3323142415044985
CYP4A11	0.03570979214498227	0.3036853124385865
SNAPIN	0.8208973104341938	0.6584882280607
OR2T1	0.028112974063946222	0.2973715316149952
LZIC	0.943092897763398	0.8106657789216856
SLC6A17	0.05674371480063526	0.32512706750767634
DNALI1	0.920314831769225	0.7490495911795162
ERO1B	0.8806821446478523	0.6644212423511134
PRAMEF20	0.037717890928030476	0.3120261780982486
THAP3	0.8589676055794568	0.6772282100213083
ADAM15	0.9428610694543067	0.7771568427621641
LRP8	0.8241352825799735	0.6697739362345742
C2CD4D	0.0984071281897798	0.3358297804918676
LCE1F	0.02143565264003406	0.2970464913626863
GABRD	0.3660324988348316	0.44238056500533596
LCE2A	0.02828741696822804	0.2992543071618893
MINDY1	0.9401630151518765	0.8021411357050068
C1orf105	0.06305419381313819	0.31812090153392175
B3GALT2	0.13241627802106595	0.3448533976456335
NHLH1	0.05785722284362798	0.3160460248064484
KCNK1	0.05432685769918616	0.31011010762121105
CFHR1	0.03216791786204619	0.3012539374025637
DMRTB1	0.0476991234614743	0.32851341820345337
BECN2	0.03185183942682097	0.32057332444944586
VAMP4	0.9407600693668199	0.8158286072141168
ZC3H11B	0.025452612464336805	0.304875599552775
FRRS1	0.05725357815906307	0.3150087229204138
GPR25	0.10687109777457614	0.34902027617289544
CDC73	0.961813697041461	0.8299868583459461
TBX15	0.02681318539506924	0.29266032431371825
UAP1	0.2957720158192354	0.38729104351649246
RNF2	0.9084252677480952	0.6983988848027745
ZNF691	0.9552675026228086	0.7823464984097155
CSDE1	0.9348223564501762	0.8203368143901127
CD52	0.03359159933184248	0.2989641221852895
BEST4	0.15480951299406479	0.3583957649322421
MAGI3	0.4782658512417449	0.518513592865312
CD2	0.11536189869782228	0.3727490470794427
IQCC	0.9464522172845404	0.7414347681790987
DIO1	0.02999522642394697	0.2986634568042393
CD48	0.03379786683861387	0.31205177982620436
DRAXIN	0.19154243196482088	0.3731602377072436
GSTM5	0.03732274505074323	0.29650909632669425
SRRM1	0.9647613182709036	0.875135450278763
HS2ST1	0.9551538608565385	0.7956374742788878
CCSAP	0.3053157107920719	0.4256967323957145
DENND1B	0.08559154331505045	0.3348991745504057
RPS6KC1	0.9236761249421387	0.804799429217355
TMEM39B	0.8794779228905877	0.7363220064825944
MROH9	0.0623310507454695	0.30629571779792514
PRAMEF26	0.025862508247972437	0.3054775996601763
PTPN14	0.3012465190996504	0.39753304005841106
MUC1	0.16582628868512006	0.38425244398013
KCNN3	0.09483937449806462	0.3345192570265315
CORT	0.053378561840696614	0.30238127754937355
OR2T27	0.03262195204279604	0.3045651788077134
INTS11	0.2028827946490668	0.36552930397281885
CENPS-CORT	0.8255906214827268	0.6334128417112759
DYNLT5	0.6894658293690638	0.613394489092815
SWT1	0.9099592835957143	0.7408294409135836
SLC2A7	0.04494066577310866	0.3004858039459882
PDE4B	0.2060893098897042	0.3735534182374264
HES2	0.6189648184216497	0.5267682680452129
FUBP1	0.5043667411033111	0.5024496501616313
ZYG11B	0.9611379955036425	0.8061296738522802
C1QB	0.028638895585130553	0.2990672696136078
ZC3H12A	0.9365762956619248	0.773651775166852
OR6K2	0.036822678301285286	0.3111342847056741
ABCD3	0.34057560575449014	0.43911165230152605
NBPF1	0.08840397082431407	0.34121799852443013
LCE3B	0.022724441839416177	0.2965114100594185
OR2AK2	0.037296495328591264	0.30027099406983715
MRPL20	0.9659964726920061	0.8420033521188198
VPS72	0.9395486442486722	0.8245864050706041
SLC5A9	0.0493530100979105	0.33086478863698854
NES	0.9175303728486022	0.7313166827693635
HNRNPR	0.962979130862102	0.8464069474873477
CAPZA1	0.943025925104728	0.8432411554691763
HOOK1	0.03511556060064228	0.29697795835871604
NUP210L	0.03785586097034395	0.30828709013929506
OR2M7	0.02326654269553187	0.30063656373450276
E2F2	0.6639965305768489	0.5770916431346159
B3GALT6	0.7981299718543513	0.6350689973795649
ADAMTS4	0.255686163959581	0.38778354263056347
C1orf226	0.033763722243725175	0.2980866970554186
MYOC	0.06900468878056308	0.3259013102421592
OR14C36	0.03791044800374636	0.30816385798062684
C1orf21	0.06802595139042542	0.32779068493254676
RO60	0.9368096350162259	0.8109227204421142
PFDN2	0.948070473083857	0.8366488096878824
GPR37L1	0.46836694369144977	0.4864721939216124
PADI3	0.0766519879194177	0.33722121586054815
FCGR3B	0.02747510144132599	0.29568286270476835
ARNT	0.30752184033840496	0.42524338790751315
ZBTB7B	0.5658423705263952	0.5445846497609613
SCAMP3	0.95750142427369	0.7886972943757128
UBE2T	0.9502054704351027	0.818474930086136
LAMC2	0.8396634905726598	0.6924038287563212
HSD11B1	0.06130204718120903	0.3177990123433759
OBSCN	0.13015995092558885	0.35597974594576137
ETNK2	0.13698237283806708	0.35590743260129465
S100A2	0.09675535989368686	0.34799571388993267
SERBP1	0.2752908298353852	0.37516980900251096
LIN28A	0.11434604684267588	0.3584397866781369
LCE1A	0.023440204563243906	0.3035444744064703
TMEM222	0.9708767403787852	0.875138905079947
USP24	0.18427421966288163	0.359710988963203
NSUN4	0.8906830755951793	0.7461283535797476
CFHR3	0.03112653450785757	0.3012469224740705
FCRL1	0.03918730853832798	0.3008281605472733
COL16A1	0.6808874567076675	0.5729179971945867
SH2D1B	0.21210215014505499	0.3638274546378531
STPG1	0.16139784113938532	0.3528962776581167
TTC13	0.955217511135291	0.7884925279557096
FAM72C	0.028729968523192623	0.3054602093306529
FAM102B	0.8581887726282276	0.6446011943506771
FMOD	0.04626308025450381	0.30566454274355387
TNFRSF8	0.16097492550784245	0.37251420598226487
OAZ3	0.14662923957770163	0.35999009197432535
OR6N1	0.06283594949954037	0.3280750348038162
SRSF4	0.9688390976462538	0.8770322009981191
LY9	0.0521157861627669	0.3287734038808721
SLC44A5	0.09506554852064104	0.33733379691607746
MIXL1	0.30139723812910585	0.4247952294536309
CTSE	0.04076095941266611	0.3217688719238245
YRDC	0.9661595363984083	0.8618549862424049
PDZK1	0.030274320449425768	0.2985553626449957
CDC7	0.41220865871484186	0.4385014594437858
TNFRSF4	0.24566665968195145	0.44354919997217557
GGPS1	0.9496103477454201	0.8451425093675844
BCAS2	0.9358103524874055	0.7391996279784816
HCN3	0.11050912345363659	0.3493346012247544
ETV3	0.9383334696442851	0.7585434138985219
GUCA2B	0.026469575307376328	0.3159008999805356
PYHIN1	0.059512270622079484	0.32159867181039214
H4C14	0.02573498409332747	0.3055224989006436
KLHDC9	0.8574525835037713	0.6809248959538817
PLPPR4	0.09123763981506025	0.34615677141756585
C4BPB	0.0747164472054955	0.32459865278918293
RPS27	0.9628993889239661	0.8819401261603526
SPRR2E	0.05089578802596595	0.3082022022717116
SLC2A1	0.952691189565417	0.7987820234740517
HSD3B1	0.08032307551507718	0.317012473030728
ZMYND12	0.3521142685150363	0.4493784692360078
RGSL1	0.04365471638333138	0.3124900506303475
CAPN2	0.4225204106036071	0.45178380345675057
CELA2B	0.038132721314557944	0.29715034108099775
COL8A2	0.44299436392445213	0.4647466283216187
C1QC	0.023005515921550486	0.29200179333251175
FNBP1L	0.9651296194879005	0.829915259026731
SUSD4	0.25796640318564024	0.40929290984234407
TMCO1	0.9538994378001145	0.8201921875094246
SLC39A1	0.8645784089045541	0.7328004525649598
SDCCAG8	0.2618879590771169	0.3901468322622135
LMOD1	0.5273246458454396	0.5121195898047913
NT5C1A	0.18158079724744142	0.37608090317929294
SLC22A15	0.21517086923067308	0.39070125507509035
NUCKS1	0.35814027307710955	0.4305473432301819
ADGRL2	0.5049033031651259	0.5643859196072504
LSM10	0.9198365868756406	0.7277775818886173
SLC25A34	0.06080901671961147	0.3118325510092333
ATAD3A	0.06832750819785387	0.32050420199910423
OR2B11	0.028281532061163024	0.2993990851917724
PNRC2	0.9381044728278679	0.7911026061526537
EPHX1	0.937593560613634	0.7584518033196932
MED8	0.9532312962267062	0.800535761512356
ATP6V0B	0.9676848269716997	0.855414504049385
UBE2Q1	0.39206281173214175	0.4335820589698727
NIPAL3	0.9118211127059429	0.7491201785626351
IGSF3	0.45359322421804293	0.4467316600943133
AVPR1B	0.2706572953887589	0.40315598737513597
EDN2	0.047763495586421054	0.3169716501784953
C1orf232	0.05503762780170331	0.30444760176312247
HNRNPU	0.3216782348211604	0.3973918197007725
DEPDC1	0.9460524242489666	0.8096057707756049
SKI	0.2986295131518652	0.40953567889258624
ALX3	0.10531819916568898	0.36258486996562395
STMN1	0.705573443564059	0.6193482353416448
MRPL9	0.22129683339375564	0.37141132162684737
TEX35	0.11930326244259748	0.34888346486413413
PRXL2B	0.9311169589861883	0.7615970111986708
PEA15	0.9554805699553987	0.8296274045680343
IER5	0.9137041884437244	0.7285709173828094
C1orf141	0.03259998981217549	0.29691116178598215
EPB41	0.9626939378034715	0.8360461946644177
TMEM82	0.11710018225449324	0.3407399077181111
STK40	0.9645592178747074	0.8481092627081731
PHACTR4	0.9148069382980234	0.796310062647879
CDC42SE1	0.7581303137580528	0.6468787711721498
LMO4	0.8612216354856828	0.7086319159266261
RUSC1	0.9383448925366635	0.7527412305639759
WNT2B	0.12892582876120923	0.3446049389090495
LCE1D	0.01908809476334286	0.28921751956072195
NCSTN	0.8605557627909606	0.7025008240583046
ACTL8	0.07003477064293698	0.34174122525424133
RERE	0.941769472890668	0.7988862233854371
PRAMEF9	0.02737513664796562	0.31084164660530206
CR1L	0.09317250178520264	0.3406089450523476
BEND5	0.16349869248080087	0.40271757375642586
ZBTB8OS	0.19960948832288028	0.37142371805126323
FAM78B	0.3262014838451131	0.4468522522846253
S100A7A	0.036207164828595644	0.3072715288039299
RUNX3	0.1788116753018019	0.38977622196254186
OTUD3	0.26511989115255036	0.3911604535033302
FBXO6	0.6314048992717737	0.562593343720193
ATP1A1	0.7001400185623607	0.5924907796673532
SFN	0.12404248517718755	0.3490574916187813
DFFB	0.8589533621735131	0.685107779549867
LEXM	0.04865257037545451	0.3107835819494695
CAPZB	0.953577279466138	0.7926673532130655
TTC4	0.948798572395017	0.8306013162490062
KISS1	0.09165645927324924	0.33489150201221085
HSPA6	0.36933317891155826	0.4888320095131788
AURKAIP1	0.9608035483506818	0.8154932780542543
AGTRAP	0.9398703639193604	0.771785286648829
CASP9	0.9053255778401508	0.7209812750647776
PI4KB	0.37178237962366467	0.4275049901975501
AKNAD1	0.23405720190202056	0.39236160089875116
TLCD4	0.034623825678861055	0.2970535234056871
IGSF8	0.07047822674422184	0.3146151100714571
F13B	0.04891350595247592	0.31139147001360756
PAPPA2	0.05577179362706184	0.3241213404378728
LRRC53	0.045186652701185055	0.30318043428758623
PRAMEF19	0.030093149580311524	0.30384284846760157
CDK18	0.38927188467588536	0.4668484986880802
NCF2	0.04089781059508971	0.31963096255858064
SFPQ	0.3595437285421367	0.43276571652574797
FBXO42	0.9482065808452534	0.8188726091469883
CHRNB2	0.26401007532085213	0.38119135134057863
H6PD	0.8909937428418966	0.7206116043277275
TPR	0.5159907969789003	0.4842054701078196
RHEX	0.08106232565244909	0.3380943738065339
FCRL3	0.02409235010522016	0.2968334930260254
UTP25	0.7177239386346429	0.6295595255556559
ATAD3B	0.9420404651563662	0.7806213239788592
EFCAB7	0.6206741121354336	0.5591180797749369
SCYL3	0.2763337243449912	0.39107954474573425
OLFML3	0.06376707939316872	0.33398066591248005
CLCNKB	0.5497596238167705	0.5535237185879874
GJA4	0.08604673757930457	0.3374256314384755
ISG15	0.5919310427982696	0.548991124058247
HES5	0.18169921363053032	0.36811282925866673
TMEM234	0.17275475679120397	0.3524829828369609
GPR153	0.2630229646728942	0.3924494427419278
LDLRAD1	0.038574493634672094	0.30652567305689127
OR6P1	0.03380868440841539	0.30657486038157106
H2BC18	0.04213994927305558	0.31576053805112586
ANGPTL1	0.21251766617239612	0.3655122245602385
HES3	0.08287106610353207	0.33166059843071494
KMO	0.11533611214773483	0.3232920560671056
SCNM1	0.9561756680074868	0.8557617943438822
AIDA	0.6471631989193128	0.5910520552543176
PANK4	0.9692600142252876	0.8135842426577605
PRAMEF15	0.03476282050844112	0.30877428410178015
PADI4	0.15222004008512838	0.3943315792383269
RGS5	0.9309602716763113	0.8363329368872101
C1orf167	0.039792060354392034	0.29909314600506376
NBPF19	0.028302932103357163	0.30204268775298204
NLRP3	0.12389256498654522	0.37196866158828823
RNASEL	0.7384016428341096	0.6445551786640974
TEX50	0.01759308514536347	0.2901221481128929
PABPC4	0.9209071183449311	0.7494822722626354
KIF26B	0.06814246617091316	0.3282392264671859
FCGR3A	0.022588857706562108	0.29189423489002414
MTARC2	0.2700516158431525	0.40517544687818136
ELAPOR1	0.05263766672689418	0.30893359393090397
AGMAT	0.5368995835094594	0.5415007296291046
DUSP23	0.9372899767393851	0.7527613686379445
MAEL	0.06333204627487404	0.3332053706503637
LORICRIN	0.05072919807241242	0.3211273858519463
OR2L8	0.03353128820472183	0.30072771495949624
NBPF9	0.3140132997400268	0.4577118907790097
MEGF6	0.8223372849983639	0.6711390664326935
DUSP12	0.39338155595540625	0.4341338216366225
PODN	0.4223231446448766	0.4529094414525786
ELK4	0.5931316891936861	0.5782076817173916
ASH1L	0.9463245952608403	0.779707121765137
CFHR4	0.03566702062071642	0.2996306677479886
MAN1A2	0.9122129366312238	0.7659064185466603
ATP2B4	0.9577534073027436	0.8256884103802923
C1orf54	0.6688490796777513	0.6216239498105715
MACO1	0.9622309873831532	0.8133693241879424
NPR1	0.2891177533943765	0.40865542696553414
ALDH9A1	0.33352040146734163	0.41513603609444083
GUCA2A	0.027194410001598605	0.29087878273366535
TUT4	0.23843965750581458	0.39539658209533957
GNG4	0.06836917714348438	0.3208729997060867
GPR52	0.08634045564236706	0.3496568020512134
PIFO	0.2836335101456333	0.40828223587362916
PIAS3	0.9671253701228286	0.843385386108884
ZNF124	0.07228205619946428	0.3294050741298517
RPAP2	0.7242643047356024	0.6031029870004294
ACOT11	0.17804480757614233	0.38448513850662797
FCRLA	0.03217763057541414	0.29683760316961
MAPKAPK2	0.18747649664825758	0.366303085841406
INPP5B	0.17625864695983257	0.36486042622160353
TOMM20	0.4199107946394725	0.44234775529375686
OR6N2	0.02872734039569525	0.2968120179770834
FHL3	0.9097128117914924	0.7625839894448755
TMEM275	0.1609327288831914	0.34023098309414723
SSX2IP	0.7063983560574193	0.6016282546243148
CTBS	0.9557667927787379	0.8227561494488258
EIF2B3	0.9424940068875506	0.8073463393757685
PER3	0.27689100292901536	0.43236541706337384
ZNF684	0.7325081668282241	0.6555116123196003
CCDC190	0.05265296057307399	0.3103399605359951
BCL9	0.9431955149243701	0.7878182980078066
CNST	0.9648982286646928	0.8511900916770626
LAPTM5	0.28054229702595535	0.3971389047697554
NID1	0.9510286375459299	0.8335351814342971
RPS8	0.27895505993962866	0.40221701373834734
RBMXL1	0.9697089902272098	0.8582820095218929
WNT9A	0.7521765275189727	0.5972584995916193
TRMT13	0.8757406441067572	0.7521534169142106
TACSTD2	0.17851181259964036	0.38407450872786714
GCSAML	0.041679121716409195	0.3053126814567543
IKBKE	0.26887954037347156	0.40242241814433866
H2BU1	0.47289566903763647	0.46994133729327364
PTPRF	0.2683734993990904	0.40398636465809673
MANEAL	0.2655520684778643	0.4021580081952231
PIGM	0.836596259158602	0.6997312003258204
RTCA	0.9492309100077136	0.8244065996960932
KIF1B	0.17371515399347048	0.3575646797313771
AHCTF1	0.801736252171673	0.6335167675530239
SUCO	0.2757220710169146	0.39468200373225415
PCP4L1	0.35224450852810185	0.4327527791904717
HTR1D	0.22421554933992804	0.3840078462602557
NPHS2	0.18249433708090576	0.364556567998875
CD101	0.040723499881531955	0.30464115713915263
PHC2	0.28306524682664697	0.3989194096766685
GBP6	0.02619064110967703	0.29714274945206187
CADM3	0.18061036700549216	0.3823480586235718
CHI3L1	0.020072053951868153	0.29284042052487375
ELOVL1	0.9604594700800917	0.8138314401928216
PFKFB2	0.1517730334851977	0.3339313074879455
HTR6	0.12758074293713684	0.3595706717065523
FBLIM1	0.3097235805684345	0.41941469580237467
UBAP2L	0.5209271345039823	0.5114168196347235
S100A8	0.021736119175087616	0.3048982720081228
OR2T2	0.03264632100915875	0.30617833620747253
PLEKHO1	0.7607918225375142	0.6207602314964682
NTRK1	0.04210180042539591	0.2993263780977297
TENT5C	0.5264419293866179	0.49141566952362353
ABL2	0.9365955531046178	0.8365680428018837
S100A1	0.023766081520256586	0.2950205288117062
CD1A	0.03329485366000967	0.29806222878650857
ADPRS	0.9671663849596667	0.8581930775320359
OR2T34	0.02191913807916066	0.30158922053422854
S100PBP	0.8880301930513549	0.7187123518015586
EPS8L3	0.14612203309485836	0.36729261545530195
ATP13A2	0.14748990197001668	0.33363539074552034
OR10J5	0.030797369549264295	0.29673711251129603
SV2A	0.2768309472168664	0.3939825652140463
ABCB10	0.243392813594976	0.3767885711246319
SLC44A3	0.1349993281659769	0.35913690657570163
LCE6A	0.018193866245447433	0.2936439074837258
C1orf127	0.03924496461424545	0.2999459504120675
GPR3	0.9143362603934833	0.6988037911319287
GBP1	0.6285407079277651	0.5665494980279661
CPLANE2	0.8535164332646372	0.6715653724451628
CRABP2	0.2500424075589165	0.3937158374825925
ASAP3	0.8428443606868635	0.6500484006378972
DRAM2	0.2899892994923685	0.4010523635490436
RPE65	0.03389609130296245	0.3095148880637898
NBPF4	0.03123216859066487	0.30642118942543
OR2T12	0.03720862473023342	0.30714058905325303
ZNF683	0.03277331447718081	0.30148718819105785
KIF14	0.35363874136598056	0.41265980251459666
SLAMF9	0.01711624788427269	0.29228472593511207
AMIGO1	0.4690350197220283	0.4688066535355378
CDC42BPA	0.3265532635128918	0.3990656571687008
GMEB1	0.24677514682834575	0.37991323159103463
OR10K1	0.03096156390038714	0.3001826890551923
MAP7D1	0.3868006415367976	0.43491424440913357
HNRNPCL3	0.02484977240905613	0.30343480830085656
FYB2	0.02778030581869803	0.2956356894060448
CAMK1G	0.10257738182812381	0.3539800066334454
AQP10	0.27032438002439724	0.4089812642260995
A3GALT2	0.059176074641204855	0.3220665814538258
AGBL4	0.5647159567207242	0.5326381780264533
SDHB	0.35977107756458665	0.4249017928084924
USF1	0.34840672317206334	0.4388505488985545
COLGALT2	0.03297781865961138	0.3009784136437884
MEF2D	0.3510130485120056	0.455715919076778
MAP1LC3C	0.11219123788831713	0.3363251154465131
ARHGEF19	0.8741370011030712	0.6808510352449586
TLR5	0.46728970812157755	0.45308765860517625
ENO1	0.9560078262563174	0.8307284043865308
MASP2	0.14382272355240058	0.3431853530461729
HIVEP3	0.2536367246797872	0.39533639522252284
ICMT	0.9621815248345388	0.807237767277099
TMEM240	0.7864470480289943	0.6053444966716507
OR11L1	0.029155089048562684	0.2970395853606448
PGLYRP3	0.02249030367259992	0.2928673462947834
B3GALNT2	0.9772636227577713	0.8741997114595421
OR2T5	0.022874743841956563	0.30103681538661586
MGST3	0.9326083328064324	0.7949923927627888
SH3BGRL3	0.9136574258240412	0.7358113799628102
THEM5	0.04387739948431092	0.3063424473768676
EFHD2	0.9437286081968029	0.7888308613648602
SPRR1A	0.0229241482259329	0.30263129184272897
PDE4DIP	0.05997689335531263	0.33890702775605774
NRAS	0.5837069033050599	0.5374038445745511
ZNF695	0.954268093061602	0.7800318664649042
EXOC8	0.9557175606228043	0.8195858705365608
TRABD2B	0.28817047607186763	0.42873266552229883
AADACL3	0.034756532140274354	0.30517489684059307
GTF2B	0.8886949253740187	0.7481738276830154
DCST2	0.037281508780167734	0.2990180165789395
PSMB4	0.9451276239269755	0.8419476895648036
YBX1	0.8992985388154169	0.7627504736045422
MFSD4A	0.038813623438917436	0.3004506760627326
PEX10	0.5617059103475492	0.5363100207285885
CSRP1	0.9554799285772094	0.8427200653236252
TADA1	0.25574362766206216	0.38721536200330775
LRRC7	0.09096892250122852	0.3323271944569824
TDRD10	0.716123844173328	0.6179435739799258
PLK3	0.5427542173074479	0.5014552014351905
C1orf87	0.03000236336013112	0.2979977595507338
MTR	0.9514094552329653	0.7846357948927282
AMY1C	0.028158943011633557	0.3070504079899151
RABIF	0.9570490933795673	0.8234460397156175
PEAR1	0.36842164767227853	0.4479468464203264
OR2T35	0.027073880226540236	0.30546045962192314
SELENON	0.9224138242195149	0.740182186013927
CELA2A	0.029594265338416942	0.29341272363523163
UBQLN4	0.41904314629915806	0.4570734281102541
FOXE3	0.06911946947047502	0.3290121552142665
S100A12	0.0398994626220787	0.3027069477091154
ALG6	0.9157993323493323	0.7456786911997773
LCE5A	0.02281178264076012	0.2895869314741778
MIA3	0.3468068157889549	0.4197718576574928
HSPB7	0.037737514038262636	0.32229506581159595
NFASC	0.35557790363725017	0.43724023779525206
INKA2	0.9113247365792922	0.7811287826420119
TTC24	0.04304312701334331	0.3117351611247996
ATF6	0.887535478043829	0.7487651900735594
ANGEL2	0.9182618960511219	0.7644891897563154
HENMT1	0.08162512255011563	0.31888012159996815
LRRC39	0.08089276989608361	0.31320941264363406
DNAJB4	0.9559578173072758	0.8315470697197467
TATDN3	0.2045684441902952	0.38135295004998165
PIK3R3	0.8446418842506171	0.6751955717909862
RNPC3	0.8493004061734905	0.7718878312103089
KCNC4	0.06809941660994691	0.3135228825789121
TRIM67	0.24277722326351847	0.402433126085137
ZNF678	0.9580842060359226	0.7891173046091243
TMEM61	0.1412775937509233	0.3577540175452277
BPNT1	0.7684929520028503	0.6558709376609972
C1orf131	0.12884938565030038	0.3423552835594403
SLC35D1	0.5140239326663197	0.527952949697606
RGS4	0.6839085577242546	0.6023712485903936
TTLL7	0.8982323224011882	0.7470938571650991
TNFAIP8L2	0.1056509163825871	0.3466483366344023
OLFM3	0.031867922722114264	0.29574317157893154
EVI5	0.9546209367180345	0.804161218022485
TMEM50A	0.6858254254345274	0.5772472789227405
BTG2	0.9745447415301229	0.8863985333791827
RIMS3	0.2043537871834338	0.37848662084129925
CC2D1B	0.4546682122999047	0.47410928487166
MKNK1	0.14589172082442967	0.3319450159154213
PSMB2	0.5208499404033043	0.526231988683081
BARHL2	0.06434793733364637	0.32211775079227684
ODR4	0.9386689486541597	0.8288300869986093
PRAMEF18	0.054432753484436824	0.3285046111109237
SERPINC1	0.03601449591173785	0.3130039351156182
SLC2A5	0.056491477683755384	0.32070544005704593
KTI12	0.943433544019306	0.8411127844864151
NBPF10	0.03963462707386337	0.31092174369168246
CELA3B	0.05676148559655816	0.3145052117578255
CYB5R1	0.963934612680791	0.8204584728409865
MFAP2	0.1303206449113873	0.343891960322657
RGS2	0.7490952495763881	0.6339704835354548
DIPK1A	0.7441745250590415	0.5881943408995466
GRHL3	0.17327299371820018	0.3818054891300737
ANKRD35	0.6050392537395449	0.5299861983882013
IARS2	0.235438829038096	0.3667172197549322
TMEM183A	0.94854836694395	0.8114853194532665
APH1A	0.38993127790735144	0.4606947772730341
FAM177B	0.03925460832917263	0.31368700988225195
PTPRC	0.0606234919259007	0.32278528663607237
UBR4	0.2756683526717484	0.4033111683274231
CPT2	0.9030328150646718	0.7277862318323507
LHX4	0.4932241111252485	0.494598852756025
ENSA	0.9425172351693158	0.8011396137790964
CROCC	0.0646441347585342	0.3086400576079399
PGBD5	0.04251277170341361	0.30516250010718116
TEDDM1	0.021357381923415172	0.2922982526494156
PPCS	0.35213949600210565	0.4494351205879072
ZNF669	0.9673700136776214	0.8413041391868203
CTTNBP2NL	0.33560452896844867	0.41659276905563436
LUZP1	0.9553031680706483	0.8069134446692171
EPHB2	0.9458616446754617	0.796759311704055
TTC22	0.038117475198726256	0.30097229250694446
RBP7	0.24063770249362604	0.3816804074099474
MDM4	0.9410355511813948	0.843785102257266
RPF1	0.6743324251868392	0.6273812674615135
POGK	0.9536093795826226	0.800430837803309
TGFB2	0.1456458916148288	0.359368484872659
SLC30A1	0.9099738476516893	0.7657490282332459
KDF1	0.08645631900717625	0.34220338988250826
TP73	0.05527797933597863	0.31946084065785857
CHML	0.2702726493672066	0.3864958298915977
C1orf116	0.028060874258119657	0.2953485419928812
SELENBP1	0.7506617541258324	0.6277357434709104
SLC35F3	0.27550391584262524	0.43813767982199114
DMBX1	0.06176322554582936	0.33288393908913877
LPAR3	0.0331075496073608	0.3009104921066101
TNR	0.14216994538353583	0.3681091106136541
PLCH2	0.0923912285062454	0.3429786081103325
AMY2A	0.03321833360256984	0.3060585104273975
LRRIQ3	0.913774626548048	0.752136190307785
PALMD	0.45869765828094444	0.4905123643270685
SMG7	0.9502764467491486	0.7845395391652853
KAZN	0.0665656275983199	0.3099626663758127
PPIAL4G	0.021794536496793453	0.3002436923082199
LENEP	0.13165668652195675	0.3773770537101682
TSSK3	0.9365211946806227	0.7667174215621657
OR14A16	0.03537368936083402	0.3012486633315077
NBL1	0.6894503886140061	0.6120845384079032
FCER1A	0.03805260751471784	0.30160129217654735
IFI44L	0.06055150017788896	0.3081068793247366
ASB17	0.03349747866687498	0.30510675635287776
SDHC	0.3322256412753998	0.4159911494907395
PLA2G2D	0.03202071189821327	0.2953409311666848
FAM72D	0.032701669619898246	0.3059922344642928
GPSM2	0.9635551340538596	0.8110059261380494
ZMYM1	0.28875596206217713	0.40276473248067635
MPL	0.04758289600775231	0.30383137371259245
MRPL55	0.31650475122196414	0.4174876450644435
SLC1A7	0.03244896777199253	0.2977596391694389
INSRR	0.17288500590566458	0.36824208761656535
ENAH	0.34604687456850197	0.44148393123342894
CLDN19	0.05464660618279585	0.34806427778694066
MXRA8	0.13669681305732823	0.35817405470180613
NBPF11	0.616276131709411	0.5874324444909347
PSMD4	0.27711729357436243	0.3886529732752196
RASSF5	0.060967802380899515	0.31996897798858326
INAVA	0.2821655495429519	0.4098861792131649
ALPL	0.352855634129009	0.4349687157100445
TINAGL1	0.5961999163304919	0.5413215546742988
ZBTB8A	0.772384516412154	0.6312996571701577
EDEM3	0.9716326305612215	0.8726913117207306
TNFRSF14	0.7830633598840202	0.6559031514557547
MAGOH	0.9461390868304217	0.8087188031270737
MUL1	0.9557203096305429	0.8493596861316037
C1orf68	0.021128505679833647	0.2919674870124219
PPIAL4H	0.025658272526033456	0.3064018326228517
FNDC5	0.09862789455605811	0.3339274188348988
DHX9	0.9412846122373935	0.7944589800868395
OR2T7	0.020795757072660195	0.29555052938447524
TXNIP	0.94666610413698	0.7890796563593238
NRDC	0.4382207682739746	0.48096696001583117
HSPG2	0.8671280938042537	0.7115436284379875
GNAT2	0.5356248526911428	0.5386597058960765
PTBP2	0.941434719269881	0.7785355449580248
CLCN6	0.7332742517636495	0.574345167637945
OR2G3	0.022667736219912808	0.2971123596564859
C1orf50	0.21788672823579494	0.37026764120697614
RPS6KA1	0.07029556491939402	0.3153310540704793
ASTN1	0.08660281073313661	0.33397759842218794
C1orf210	0.04148686616829745	0.2992652629273941
OR2T10	0.030855021828716477	0.2994701853826815
LAX1	0.3570828725689551	0.4618222542994485
KLHL12	0.3810105395023604	0.41259728214931085
TIE1	0.40490906787852365	0.44257539418676717
OR2M4	0.042652822908193784	0.3075239547378674
LCE1B	0.07377484629482274	0.33143460972326144
RAP1GAP	0.029979337562064584	0.2880436970763109
ZMYM6	0.9219764027698018	0.7443173514961461
EGLN1	0.48217118436154394	0.5051841169716863
ITPKB	0.9408712754123802	0.8557103515814676
SLC45A1	0.14080253370556065	0.36169049130073877
DPT	0.02859868071745402	0.29362901568357896
AZIN2	0.42094025569638577	0.4615995575452357
LGR6	0.036225800738452094	0.29496181859060155
MATN1	0.13188753379109103	0.35468600253911287
CTSK	0.20139251311329828	0.39773683201162785
YOD1	0.8028244342849037	0.6806190611870013
RAB3GAP2	0.9415006913248767	0.8092219067702333
ATP8B2	0.6612563961284345	0.5769185750434422
ADORA3	0.03067978643251971	0.2931707876655121
FCRL6	0.03163631037205938	0.29511997316643307
MED18	0.19341817893379498	0.35693391567241417
THEM4	0.25656909457835436	0.37541809787536556
COL11A1	0.041471376398962465	0.31024651480160054
IL6R	0.07900553593654125	0.31938348265396765
GPX7	0.8840073784403772	0.7068893080538188
NIT1	0.9501595961960986	0.8245411708737078
MFN2	0.967907117394382	0.8681672143020209
PKN2	0.26913984710958266	0.40263378235146297
EFCAB2	0.638541715240867	0.6245594363126136
CELSR2	0.09248791795886982	0.33289101815542
CITED4	0.8732961534039251	0.7238783257376564
RCOR3	0.41976449221578155	0.49394911271704567
TMCC2	0.26555915769317756	0.4254556679478145
RIT1	0.9004627698360617	0.7857230638226612
PLA2G2C	0.04141325229148055	0.30637819162843927
PTCH2	0.0903418578549997	0.3232424627942273
TRIM45	0.11624777167623568	0.32234856114391003
PTP4A2	0.8280186664858259	0.6949830995933507
MAP3K21	0.6055608289948888	0.5348637217243128
MYCBP	0.962492741141003	0.8010870704225627
CFAP74	0.31788912200009417	0.43852099177970566
CDK11B	0.7825895169908426	0.6171088361219282
USP21	0.9191198123318971	0.731815148692637
STYXL2	0.040848795954386015	0.301969463368142
C1orf109	0.9654444843954518	0.8424557742610785
RLF	0.970317582923747	0.8426183319208436
DLGAP3	0.14122919432463665	0.3518748645011686
PIGR	0.07709353807035045	0.33960594360944013
AJAP1	0.08626389675364529	0.3504604918490421
SSBP3	0.2081101189536214	0.36055711984217453
FAM167B	0.1340851470475035	0.34997996098475825
TSHB	0.029181021075910037	0.3026453417776722
DVL1	0.8602867947805952	0.6859305404326226
MICOS10-NBL1	0.9496147186885482	0.7836769699981827
GBP7	0.03950530080388195	0.29953542310453035
DESI2	0.9600980290192586	0.8032257376419384
AMY1A	0.03475164753781339	0.3126878665701313
PERM1	0.1792677614185565	0.3802688131836165
NPPA	0.0733480706709982	0.3440148719488181
RNF223	0.06791872851572293	0.33988960125634865
INTS7	0.9546183417189015	0.8074382379982958
OR6K6	0.023274172699217836	0.29567325542523964
NADK	0.26515236409865145	0.3923872728630833
HAO2	0.03199539240187787	0.2969504855082495
XKR8	0.1802607427512097	0.3421281897797156
MNDA	0.032938340423335814	0.29591301466285785
DNAI4	0.05490427631430881	0.31936577773255914
THEMIS2	0.1746530049030587	0.3593400043019174
CNR2	0.10149847771140731	0.3449377209436507
NUDC	0.3941958140422643	0.43645707100814496
BCL2L15	0.07266315997373675	0.3086421424353829
FBXO44	0.71492521858632	0.6303019824093917
GNG12	0.9269405996430189	0.8008444771012057
SRARP	0.06509777109658084	0.33245210353935617
SPSB1	0.24343395941854679	0.39373478053520994
SNRNP40	0.9708830319038894	0.8967958653092389
KIRREL1	0.5956262658131293	0.5695958823096046
ZFP69	0.7919314398969876	0.6460673186844967
RAB4A	0.7539612109432172	0.6242835189207645
POU3F1	0.16150224795045048	0.33171885755990055
C1orf100	0.08753197772633195	0.34745415103984795
KCND3	0.032746185401962564	0.300194382607436
NDC1	0.753020104070034	0.6414249407312341
TMED5	0.9093051107606376	0.7497581013320873
CERS2	0.28341016595211993	0.39067025905385355
OR10K2	0.039684406024001126	0.3068732767008999
CYP4B1	0.034698256351747024	0.3064013636374717
FBXO28	0.9546185395860314	0.8279311314396604
OTUD7B	0.3725482534746312	0.4348573571007386
RAB7B	0.058791316977006985	0.3142580934793714
PTAFR	0.14186614168874578	0.36143675104985434
CD46	0.35504698669062573	0.4298879575237916
ZFYVE9	0.9442510171267244	0.796844388963577
MTARC1	0.05658339499626684	0.33027293037641725
H2BC21	0.8337684520420093	0.6781424900810081
DISP1	0.3189536719659922	0.42633856895621375
FAM163A	0.18636538144480924	0.3742766407968817
GDAP2	0.9538841763140959	0.8176199183629755
CACYBP	0.7184834384149118	0.6290861351688362
VPS45	0.9492686779161268	0.8281095365755439
DNAJC8	0.9574617271479905	0.850424988708698
FCRL2	0.06661472897861434	0.3105533457698592
FGGY	0.1033505989963404	0.33719114396785566
SZRD1	0.9604613729584716	0.8517910842194393
DAB1	0.0562225569433606	0.31356179096683867
AK4	0.577971168420113	0.5774605397635676
REN	0.0581965804242233	0.3165134525347112
ARHGEF11	0.21719873063319795	0.3864818817592649
SPRTN	0.3663042195555469	0.4746633900142739
ZSCAN20	0.9543643233795484	0.7881881963971005
ZNHIT6	0.9313505321496789	0.7928610381561984
ROR1	0.7953136886581	0.6247229551488223
TRNP1	0.9215385472869239	0.7158252013088637
ZBTB48	0.9543450968403985	0.7866370926226396
EPRS1	0.4297134983737105	0.4564342121891491
SPRR2F	0.030342094119778486	0.3048504965874684
METTL13	0.9592311339456394	0.8137986596297615
CLCA4	0.23818788279318295	0.3873792522503771
KDM5B	0.9161406220760148	0.745887495078209
IL23R	0.03130049371219715	0.30115648076963264
GCLM	0.9707881267726907	0.8797386203944247
SLC66A1	0.9689363775207714	0.859280286212722
TMIGD3	0.08349346416782492	0.3365592681891244
SH3D21	0.9526550351005612	0.7678610345928616
VANGL2	0.03719000530800672	0.2983715161313947
LAMTOR5	0.9494426948836485	0.8195807021073072
RRAGC	0.3298386912845327	0.4076287467783584
PPP2R5A	0.2694234288641925	0.40625199277074664
MYCL	0.32784387207041643	0.42137244448640987
ECE1	0.7838185875891975	0.6817347874139061
QSOX1	0.9688274035156612	0.8275951645550932
OR14I1	0.019877755469582942	0.29342892057744985
FAM183A	0.24533029876260612	0.40204360948408313
TAF12	0.948453495010234	0.8188693738715711
EIF3I	0.9279748821023271	0.8259484011826442
ACP6	0.16999485265891823	0.3598831369259936
SPATA21	0.076455169183698	0.32392332102801114
S100A4	0.42135330922214836	0.4533317003430091
PPIAL4F	0.025638101444443402	0.3064013579626886
PRAMEF10	0.02999123646643122	0.3057633302137994
CEPT1	0.2875435512640039	0.39500609206258797
RPRD2	0.28800616113806893	0.41489848377284877
OR10T2	0.026954397917515988	0.29659553588720317
P3R3URF-PIK3R3	0.08101316389783908	0.30502271980150786
C1orf115	0.310052120522381	0.41653926650766265
CAMTA1	0.05548013368458141	0.3008399410017134
APOA2	0.01949978779993122	0.2949028332922823
ZNF687	0.9644988244771826	0.8083668618640052
COQ8A	0.8926518186259375	0.7171999681453003
NTMT2	0.03281778438713881	0.2970160203675939
NUP133	0.9446105924141109	0.8234215546509686
SAMD11	0.2537484466443781	0.40535375056824774
PHLDA3	0.8632403116651534	0.7203441215574306
SOX13	0.2665259845272277	0.43818622681730124
C1orf185	0.1081586166486899	0.3424768604385563
PRUNE1	0.9659676799934728	0.8295014429636159
MRPS21	0.7800598769646696	0.6499012429316774
FAM189B	0.5922880474513974	0.5336696349059913
TRIT1	0.9020358006341599	0.7552663628700483
PADI1	0.0854053062234771	0.3495956479946428
RNF11	0.9694515624131617	0.8542888551365128
CNKSR1	0.06439994116317205	0.33090608963122226
BTBD8	0.6476297193211481	0.6266104744047534
SLAMF6	0.03543249210369858	0.2982159394052602
SLC19A2	0.9630211860453929	0.814482281388739
SF3A3	0.9610235151827605	0.8374212606633717
KIAA0319L	0.15729416494982923	0.3428576143071921
ACTA1	0.19656852844543535	0.38290631805218633
LRRC38	0.24180095644452285	0.41687048055339515
FDPS	0.9315282706074787	0.7816519260653967
SELENOF	0.6409014195079112	0.6355463778242013
HFM1	0.32444608819586246	0.4593998058532833
ERI3	0.2436970290486004	0.3956664278647204
L1TD1	0.35121698432715903	0.42379156800957507
YY1AP1	0.9606145888464845	0.8216740238763669
PAQR7	0.2526181464935145	0.3989262883346398
PM20D1	0.029950164927878577	0.2924377222673329
KNCN	0.03574009181673228	0.29318497932294385
DTL	0.39047199877392963	0.440479237007908
GNAI3	0.9550257970340199	0.8294648144657405
CRNN	0.1022655913637178	0.3396098026097153
SYT6	0.14685380557074298	0.36214723245151587
PARS2	0.9676084094365898	0.8624478507130792
ACADM	0.9407987216008012	0.7858267101110167
TMEM269	0.17676172350372607	0.3626647924158359
OR2T8	0.0429216139387621	0.3007454074902111
CATSPERE	0.7981910954052206	0.6671380733859147
S1PR1	0.8348246839918076	0.6790610040356603
PAFAH2	0.9619937021922834	0.8153591640264618
ADAR	0.938065141596183	0.7943950280462657
C1orf159	0.09100062924943202	0.33695380127710894
CLEC20A	0.047496249342413616	0.3015101928958536
TEX38	0.2363568094379827	0.4038417840935547
ATPAF1	0.6566906835897912	0.5903735581358117
PRMT6	0.9137429885603601	0.7799807081202356
IRF2BP2	0.7828927466663025	0.6579901684296262
SDF4	0.23106977474403928	0.37137490525955824
GLMN	0.9479798224515712	0.8401449420578166
SLC27A3	0.06404783895494862	0.32526613339728255
IFFO2	0.9627825735275457	0.788526235583541
MCOLN3	0.15193141342052247	0.36050821992146576
FLG	0.04801776500308576	0.3058581141536718
PLEKHN1	0.4123650960508514	0.4419531837600454
PADI6	0.053585878789543066	0.32645411730157886
ZNF362	0.823745314944037	0.6519691351377447
CTNNBIP1	0.1463255413218095	0.3595580814610933
OR2C3	0.04502500201708629	0.3127486123106791
HNRNPCL2	0.022172727786073723	0.30092475561405546
GPR137B	0.8593875919211368	0.6981650034969754
SPATA6	0.822914573437337	0.6607226948862464
LGALS8	0.23838232736783294	0.3817451556711924
BRINP3	0.24534843365315637	0.39965107698314606
PRPF38A	0.8682260191684311	0.7221054911951804
TP53BP2	0.3261844995985116	0.4134745163014087
TMEM201	0.2745170563494627	0.3970854578455377
CCT3	0.8963464010591105	0.7689606154780952
ASPM	0.9489688267249532	0.832943232222157
FOXJ3	0.8836520671946811	0.7186630917550273
CENPS	0.8909691724999804	0.7373712153578819
TNFSF18	0.7936061291035034	0.6762116785361674
LRRN2	0.033221076943745695	0.2976528836655732
RSBN1	0.9537154117724704	0.808740885613649
HHAT	0.07340661146851896	0.32148943144747644
FAM151A	0.032588345512120406	0.2979287716564382
HRNR	0.031807359388725934	0.2990209709416532
LRRC8C	0.8112883851543999	0.5984409149017615
SLC35E2B	0.08291087003416274	0.32894283760915904
POGZ	0.9413154806690498	0.7621196755954455
GFI1	0.21624873310535014	0.3824724674490155
OR2M2	0.03461701287653012	0.3014913867572318
KCNA2	0.12690137450851183	0.37319176213447347
SHE	0.32849809007613145	0.4146546322846123
PHTF1	0.8338526769651385	0.6759703544381415
LCE1C	0.03629264379656914	0.32272230421658166
UBXN10	0.21605378945217352	0.3920792478905996
ACBD6	0.17482054051763438	0.3514981449740328
ARV1	0.20484980092829552	0.3589299800048475
PRAMEF4	0.028261366886017728	0.30600942777424656
DAP3	0.9126663433433619	0.7697738078578131
CCDC27	0.05140383432302304	0.3070986031810816
LCE2B	0.02141506641600814	0.29629878333881915
RAB3B	0.6398912575311325	0.5861492358234214
GBP2	0.9039122941966479	0.7675599367315342
MRPL37	0.38001382253432553	0.4356327960916319
DPYD	0.9455596087618771	0.8159309917751882
AUNIP	0.9629489166904137	0.813524370317629
EVA1B	0.8806965150660192	0.6761787816295457
LINGO4	0.032389722882864215	0.3105513060781648
EYA3	0.9683402332977591	0.8589842712073706
GLMP	0.1635836117302542	0.3404924829596438
GJB3	0.17455538967106166	0.3900190919229737
SRSF11	0.9522676482444401	0.8293625962597562
SEC22B	0.11364236812315097	0.34981287529457905
DEDD	0.9521519675618887	0.8158270570320075
PYCR2	0.5304733248097564	0.4825649290330515
PRAMEF17	0.03663034789159163	0.3138931629444401
DDOST	0.9254691238742552	0.7777140877245592
NSL1	0.9362455056459443	0.8069509350123961
C1orf74	0.9603699395431758	0.8379056609175328
OR14A2	0.024022821075659916	0.29335001254253634
SF3B4	0.5868430385080422	0.5092100541035439
PTPRU	0.42917356361683556	0.44632246540515635
RHBG	0.20900437020301188	0.3704927739425682
ANKRD13C	0.9600116390762973	0.8405462696086621
RPL5	0.9655197632827959	0.8678631195855783
SPRR4	0.020014072744014462	0.292669302582835
CCDC28B	0.5178656859958062	0.534251400566661
ITGB3BP	0.8319559090619599	0.7278015790944867
C8B	0.03648761878061445	0.3097637460458558
IL19	0.06598927231897894	0.3409243256804289
MYSM1	0.9641579939304854	0.8639669165976075
TMEM54	0.8025122973346048	0.6222784265230386
ZNF281	0.9576571178377139	0.8396522289872699
C1orf43	0.971209291045812	0.8753758014428102
TRAF5	0.3709438660841967	0.44779126746053505
SARS1	0.9576792237141796	0.8599216627897286
TTC39A	0.05605924578540987	0.3143119090317302
GJA5	0.04578804084551452	0.30032577840828556
FCRL5	0.022255639014227956	0.2943147496536501
OR10J1	0.08005361673861917	0.34301833661013725
AMY1B	0.025509020579269053	0.30474014680837197
MEAF6	0.9667186920670836	0.8628032704473101
ARTN	0.14804709558117435	0.3600609113861769
RHOC	0.9476605654410384	0.8183295083962742
RNF186	0.018173344286933003	0.2902428904082589
C1orf216	0.8596851032460288	0.7420653810946265
LMNA	0.9716685097479608	0.8893478255794285
ATXN7L2	0.9690895214148915	0.8332317912739332
TRIM62	0.9462573500813977	0.7747314386570161
GBP3	0.7932241083816148	0.6938686353611849
FHAD1	0.04387174756808282	0.3017246968206311
PARK7	0.7161309965757227	0.6249148531292865
RGS16	0.2825285822862161	0.38871087999174464
TSEN15	0.1883397624418488	0.37159184257515043
ST6GALNAC3	0.09615868641007247	0.3310943450353116
FBXO2	0.36949160761984645	0.4685118367382445
RER1	0.9736729955632105	0.880387377803027
HNRNPCL4	0.024261429159724485	0.3078416879460848
ANGPTL3	0.04670780416260874	0.30442376280315514
AMPD2	0.767456992558723	0.6543879166222705
SCNN1D	0.04833481056523788	0.30222257775566685
CDK11A	0.06354288339132924	0.32061414089242823
C1QA	0.044524511761918704	0.3068691842924456
GPATCH3	0.9012547029685563	0.7765091526694157
ASCL5	0.12850777114307116	0.3468533521769452
PGM1	0.33336492373163956	0.44202413841186294
TMEM125	0.05155255683609895	0.3204153857415178
HJV	0.15031599668877135	0.3457225222053026
PRELP	0.036517359333116	0.2899864957909197
IFI6	0.8992230655357205	0.7129232049471795
TBX19	0.057580477612493554	0.32633859586931585
RGS13	0.06526588457419855	0.32367280546835697
LRRC47	0.21443648780077318	0.3796143205267158
SERTAD4	0.7317100048305522	0.6178377116456413
KDM4A	0.861532803792122	0.6640531004922485
EFNA4	0.9349951123285382	0.7541179246400299
CD53	0.037766092162117224	0.3005338963769848
CFAP57	0.048872791317060335	0.30237989513227825
PRAMEF8	0.027707298465193413	0.311055042731459
TAS1R3	0.04340031844963124	0.33871671244758117
LIX1L	0.9469934997713151	0.7727099055011513
GALNT2	0.966139421055897	0.835999517677555
CAMK2N1	0.3475061029470327	0.4391026328646377
SVBP	0.6972183867160953	0.5535548039600086
LRRC71	0.04345980923299938	0.30920361837548904
SLC25A33	0.9206284443431623	0.7731585621646153
DHRS3	0.6266358799866213	0.5421958808583837
PRPF3	0.9181134242036861	0.7460242878016858
PPP1R8	0.9655744129733034	0.8760318464004749
BCL10	0.92030163064008	0.7254338608070366
ARMH1	0.6658182963182656	0.6059393673164204
AP4B1	0.9532583498168867	0.8159139035780744
APOBEC4	0.06841712607544007	0.31167255730567256
RABGAP1L	0.2415639516014263	0.39945994061134193
PSEN2	0.8348426816098989	0.6832356739595851
NOC2L	0.22874327588740945	0.3703827092105301
RAB29	0.5659823139448483	0.5325473696197452
NUDT4B	0.025136835490695935	0.30392644449918776
MPC2	0.9486023527856423	0.7850931964526228
TCEA3	0.05044160805696865	0.30579669761014444
GALE	0.34743183201662403	0.417851903397189
FAM89A	0.6591960505288968	0.5272900560721054
CCN1	0.9376611806738937	0.7974121624460424
FOXO6	0.25920191402260384	0.38912241423568095
CNN3	0.343089739969922	0.44372422631697106
C1orf52	0.9583391433757233	0.843866032254946
USP48	0.9561989151302125	0.8390847943530317
TYW3	0.2837996945597293	0.4121219113857277
GON4L	0.171288962196676	0.3635523122056458
BLZF1	0.7375080544657294	0.6588115997996
HP1BP3	0.9440323758392184	0.8059486523120779
SRSF10	0.23785767316844672	0.3871346094775672
SNAP47	0.6635641477740075	0.5749161858090304
PRAMEF11	0.030739190186788026	0.30610803605973363
KPNA6	0.37467406333687064	0.4252475902331498
ID3	0.770253744207116	0.6428882193775172
PLA2G2E	0.030075844743397036	0.32250415083970424
ALDH4A1	0.8041964085690247	0.6668711767207947
ZYG11A	0.24643155156721142	0.4146140613526134
ZP4	0.1635915891886978	0.38136343289172653
AXDND1	0.047457207756922866	0.3044914614289433
PIK3C2B	0.1475978139838892	0.34230111111171363
UROD	0.7435975741075834	0.61033644481462
SDC3	0.05306451451242788	0.3118073286574533
MMEL1	0.27138318476008205	0.41697584471147425
OR2T6	0.019322724673283997	0.2951276758001511
HHIPL2	0.06664549035911323	0.32585466502746946
PRDX1	0.31678670520957103	0.39526369771523884
CRYZ	0.7669398350546462	0.6684535063815257
ITLN1	0.029531124390754587	0.29948211918697526
TSNAX-DISC1	0.9204379868816565	0.7891771815192221
SLC16A1	0.2929281773039622	0.4031110987122879
TRIM17	0.17531556604594728	0.37764748574993706
CFHR5	0.046042427430805714	0.3050000416717281
ARHGAP29	0.9470462972361399	0.8150039497663836
C1orf53	0.5359113435000888	0.5233011496786817
CELF3	0.12525089334735368	0.3585852401043723
ELOA	0.9115676254925931	0.737031341908246
KLF17	0.10838001538828657	0.34700666731147517
OR1C1	0.02350875276318549	0.28755661574489033
MMACHC	0.19631030112297307	0.37652427732443855
FAAH	0.395087766714691	0.43649238434929166
PACC1	0.9460123979734659	0.7704327760721118
VHLL	0.031855482591085414	0.3007213884970621
NMNAT1	0.9259466692270522	0.7704502124888342
SPRR2D	0.021539876165724076	0.29470816551260437
RYR2	0.10430599978239669	0.3550829773916894
NR0B2	0.01957691954023279	0.2929656463136701
DENND2D	0.04062971306157413	0.31079444893543146
CD84	0.031076360464943078	0.2941913862421118
SETSIP	0.031877402127025806	0.3026339903924826
GNL2	0.385890670588277	0.4462914068763877
MOV10	0.5568470400814011	0.5150681550588994
KCNQ4	0.19987251824227226	0.3838242164887503
TRIM63	0.039288948562102965	0.3041027855463443
VCAM1	0.12328910844729123	0.35534282289686303
OR2T3	0.02240399525316137	0.30607121429430484
TOR3A	0.9263014130038302	0.7448208096873873
SLC9C2	0.4351898213880319	0.4660695698408271
CREB3L4	0.1887948601441129	0.36553869315107346
NOTCH2	0.3269353002779676	0.46787600096194587
ANXA9	0.037364018272476644	0.29866506965877293
FAM20B	0.9337520151355433	0.7564587833487236
KANK4	0.14679479332510437	0.3828787516491042
SYTL1	0.30269763874778677	0.4079838976580248
PLPP3	0.7583258355723225	0.6145052729102153
SHC1	0.9349375696196203	0.8188649422942941
OR2T11	0.03821167457775238	0.30539817950020864
BRINP2	0.3133391515262356	0.4384847501574364
PPIE	0.858807535374677	0.739644402549985
CRB1	0.04225775105808026	0.3089071271992272
TRIM33	0.3254068711702219	0.41794415531763346
SPATA1	0.7277953612466992	0.5840015403415723
